Subject_ID,Visit,ALPS-PAS,per-voxel,classic,cross,pv_perp,anat_x
sub-101,ses-wave1,1.5772208792504943,1.5181768913017937,1.3706427017158633,1.580052924669281,1.6513676978586835,1.5344924394888346
sub-1013,ses-wave1,1.6206310430402264,1.5894690744554674,1.3505191570354373,1.5055274812410122,1.7773762374350683,1.4894811721506576
sub-1013,ses-wave2,1.6328076979016894,1.5530925809437786,1.3979201156667256,1.51730372230638,1.7514490155290054,1.5069814318195667
sub-1013,ses-wave3,1.6761697296363636,1.6034190689990573,1.4556247279067307,1.5697560648080966,1.7946304548588112,1.5639395196741024
sub-1022,ses-wave1,1.6623090643491536,1.5885541280543498,1.5176146247800144,1.60876605635108,1.770686389824932,1.6336546892600161
sub-1022,ses-wave2,1.7030209423991673,1.6904943609377496,1.5786787249636334,1.6862624052963713,1.8265423440010182,1.6957381736676016
sub-1022,ses-wave3,1.6192268181775282,1.550259648599174,1.5169583810671994,1.5907213791226575,1.7189494431255294,1.6184315053996714
sub-1023,ses-wave1,1.4424494372754362,1.3763002520978653,1.298140531372293,1.333497376041672,1.5567678978328767,1.3817055928080029
sub-1023,ses-wave2,1.3245167641596414,1.2750194545408118,1.258800151397888,1.2662261589140735,1.5470307056839612,1.2946915592988226
sub-1023,ses-wave3,1.2745711019851584,1.2047035677285718,1.1185859562522171,1.1518117020039809,1.5162589036448682,1.2277632128337475
sub-1084,ses-wave1,1.3021146509140349,1.3550376012773786,1.2751815199274612,1.3807630658265762,1.5093470060758598,1.3807708854772727
sub-1169,ses-wave1,1.5685021822282676,1.4734600290473268,1.333259634417327,1.4264696815408577,1.6306292742381705,1.4566311231637856
sub-1169,ses-wave2,1.5594653358198927,1.4803115906405608,1.3548984441208267,1.4625157884809985,1.653576833536082,1.463062173164779
sub-1220,ses-wave1,1.6472087988365312,1.6560898503434824,1.5665780980226207,1.77837153188917,1.8443141834391517,1.855248708324081
sub-1220,ses-wave2,1.7456278259816185,1.556126398621363,1.4273018794470387,1.571213142879056,1.7676130248277557,1.6252141100195203
sub-1220,ses-wave3,1.8554201601896485,1.7680579751450485,1.648643201400381,1.8113111830535447,1.9143747707639682,1.8374001026337616
sub-1226,ses-wave1,1.267537630582384,1.2425333427722942,1.135059531230542,1.2398476825295046,1.4867559188945707,1.2484321986237807
sub-1226,ses-wave2,1.1285434789711513,1.1328326663738126,1.0123856808554845,1.1170327574127517,1.4885410933853933,1.123485618388884
sub-1226,ses-wave3,1.1329182703357463,1.1504202592235035,1.1010676015587288,1.1792373203771926,1.4693669912973943,1.2124141541219684
sub-1245,ses-wave1,1.6967500426751068,1.6439627189855863,1.6561662421058048,1.6403395171054909,1.8997767168010928,1.7485999515071897
sub-1245,ses-wave2,1.5050788999677818,1.4239774396400404,1.4858125745166828,1.4692650830503156,1.6756944767601987,1.585990331012473
sub-1245,ses-wave3,1.3833088998067342,1.467588814095587,1.5283665866693807,1.5155870462682146,1.6721645465890367,1.6063877072291273
sub-1272,ses-wave1,1.7789357477377656,1.6504608632012285,1.6411207939280081,1.7144004948207994,1.843770974830536,1.735286785759305
sub-1272,ses-wave2,1.8957847000545502,1.75169588679111,1.6838734343320665,1.7799527916856408,1.9383517016909635,1.8215029296098635
sub-139,ses-wave1,1.8516768037320313,1.773040967485454,1.6711781218283996,1.7371218032514268,1.9023339172939033,1.7230400388113152
sub-139,ses-wave2,1.6085843093778447,1.5229957697042866,1.5178529579786364,1.606757767129857,1.7142020434585747,1.5967562237882387
sub-139,ses-wave3,1.563349507265026,1.5216283117578429,1.4254893994687052,1.538857055257215,1.6921108462397394,1.5166674951256796
sub-1476,ses-wave1,1.3813311163012316,1.3367415074370925,1.1925328793370524,1.3329968755419048,1.5203955680217722,1.3812511444650448
sub-1476,ses-wave2,1.2671472072120777,1.2146483616123784,1.0907552159615141,1.2296362268254262,1.4933142233126244,1.2534767610897863
sub-1476,ses-wave3,1.1229372823783574,1.0883105742721078,0.9855495786117245,1.1053726989323605,1.5195977408342962,1.1418512348430796
sub-1484,ses-wave1,1.7588045501386569,1.6245212563854552,1.5630053352624027,1.5619274424017757,1.8763951597055466,1.6087898011806894
sub-1484,ses-wave2,1.4989512204087654,1.4176580456019032,1.3042954056075309,1.3937688792532683,1.6967938689459294,1.4357793038974056
sub-155,ses-wave1,1.4801955141918577,1.4619245376865484,1.620418533802713,1.5076568843037652,1.6878884619617414,1.628069343236632
sub-1617,ses-wave1,1.640273121562487,1.5081672647003201,1.4859013527648806,1.5919014240112412,1.7572891876932897,1.622991115939866
sub-1626,ses-wave1,1.7422058815830601,1.670533600360221,1.6325745599760602,1.755849873049252,1.8269580277379782,1.7495642365725201
sub-1626,ses-wave2,1.4630168576985283,1.4097695902406808,1.3826428717810026,1.4600706525231453,1.561992735595768,1.4575655753806918
sub-163,ses-wave1,1.4677686474849359,1.4284794924944484,1.4743403541815736,1.4601087102976182,1.6800155669994634,1.510464512586863
sub-163,ses-wave2,1.6029561082458863,1.44814490945756,1.518629087283795,1.4706610765001638,1.7716005100616612,1.5313748083230667
sub-163,ses-wave3,1.5858922520904994,1.557905670413943,1.4993689281702158,1.546642317641496,1.7872092146361243,1.5519636378210233
sub-1796,ses-wave1,1.5933237708172543,1.4425728038058838,1.4008339073435963,1.4612569223725411,1.692544942792633,1.5437982987221115
sub-1796,ses-wave2,1.3674451218252637,1.2704332220705208,1.1863219874424007,1.263384830723265,1.5472268799843492,1.2833383876623654
sub-1796,ses-wave3,1.5870043644426488,1.502430905546464,1.475434317107716,1.5357769316770788,1.7606882734665716,1.577043340073764
sub-1844,ses-wave1,1.6546349187506015,1.4766538432178788,1.5228620765219887,1.4899507318078289,1.8826105269109925,1.610084371301003
sub-1844,ses-wave2,1.5805731984445497,1.5105511437950778,1.460722423664019,1.5074689920160478,1.7705023114007008,1.5346239935032542
sub-1844,ses-wave3,1.6400639567185151,1.532363270744085,1.5337209035847943,1.564041693337384,1.8133350506716965,1.629017681451007
sub-1874,ses-wave1,1.6609194833288283,1.6926057162234724,1.6863459376760055,1.728937364971253,1.8471574232771841,1.7571592302377315
sub-1875,ses-wave1,1.7024084281287246,1.5964657376914797,1.4658261000684543,1.5722933708516011,1.7483007996423119,1.6273596258352998
sub-1875,ses-wave2,1.1756305962655778,1.1671142617270749,1.0853327639641606,1.1503028417649812,1.6100331764158446,1.1971401309417606
sub-1875,ses-wave3,1.5614311018138722,1.5348970315390351,1.4213429778141644,1.5134838336202026,1.7212121509334048,1.5595147239880873
sub-1886,ses-wave1,1.4646316363439011,1.3936166959926843,1.2051523964868238,1.4051872385427109,1.5701507054177202,1.4239603254008149
sub-2034,ses-wave1,1.2547904957089986,1.2970243498869207,1.1726700343968581,1.3330065389510442,1.5270017338514736,1.3331366025193487
sub-2035,ses-wave1,0.9065282628671045,0.9455138127048843,0.7709765391807741,0.9329163589611557,1.6891184323924944,0.944695706584983
sub-2035,ses-wave2,1.1115834471416028,1.0569024500630206,1.0001216919685123,1.105463133722717,1.4819924585869235,1.1137058440884555
sub-2058,ses-wave1,1.3796057360441636,1.294631288236091,1.1915963447146658,1.2922047130915302,1.4442343705643887,1.324389663049297
sub-2067,ses-wave1,1.6660080651695048,1.6648187944755801,1.6026844673326686,1.7322047434309567,1.7996484626953866,1.7411752797488234
sub-2068,ses-wave1,1.3287137136566471,1.2857940988872547,0.9961905189602138,1.3165144898761572,1.4958992318956583,1.3104314495941027
sub-2068,ses-wave2,1.0889358798843731,1.0491000359657203,0.9439317939958767,1.0522596514163376,1.39610719773259,1.0930467701014517
sub-2068,ses-wave3,1.3875584388990085,1.2757129114737134,1.0885297463276529,1.3333921424179316,1.4538576584718024,1.3608894928671145
sub-2093,ses-wave1,1.6761918076630646,1.592259338465942,1.4099138333537828,1.6033836548790406,1.8298227795824573,1.664861020781621
sub-2093,ses-wave2,1.290868869616752,1.232891313237482,0.9935908108057733,1.1887641725387954,1.6585815456911714,1.1747461127653291
sub-2093,ses-wave3,1.6789591528526198,1.5839369840564577,1.3265347650099801,1.62012318192428,1.7774217401487422,1.6512601862705014
sub-2095,ses-wave1,1.6783263951953518,1.5153542717804749,1.4164746176972849,1.4778227572703477,1.7531368023651681,1.5675722154616143
sub-2095,ses-wave2,1.46466470126938,1.391507971492747,1.2641499702469814,1.3557095401119745,1.6401108781344977,1.4297646471219339
sub-2095,ses-wave3,1.6976379879100607,1.534865147251539,1.3966480389031424,1.5176319377644734,1.797052850643341,1.5947262080031797
sub-213,ses-wave1,1.501388576506376,1.49608904882689,1.4366519319956383,1.6131584474345786,1.6826150514734497,1.624977845152011
sub-213,ses-wave2,1.4149623165867986,1.3781640549113088,1.3829875054745724,1.424478909402514,1.7184880179471524,1.45226267986222
sub-213,ses-wave3,1.4491892700002444,1.4119962102942218,1.3039218077454735,1.46397497287871,1.597631524688876,1.4830516160873097
sub-215,ses-wave1,1.7127073734294829,1.523360314839452,1.368762480323783,1.5198576391796585,1.7498557633498244,1.5605726980800547
sub-215,ses-wave3,1.6966078670333513,1.5691733087283724,1.4267245227174086,1.5138268562348096,1.7511288008677033,1.5557488195053601
sub-2206,ses-wave1,1.703249313413123,1.6516178036592455,1.4363089146530783,1.7449779255449442,1.809370646764872,1.7466939357092333
sub-2206,ses-wave2,1.3263615318942974,1.2838834078466173,1.281243111856306,1.3048787106421904,1.616962669380744,1.3271287877244622
sub-2206,ses-wave3,1.5524948168186485,1.6403222964251984,1.5530445363547702,1.7044260415311263,1.7890568084214142,1.7152711601679054
sub-2231,ses-wave1,1.6723411734816305,1.6078046093950809,1.5016406390908639,1.6798962242650086,1.7542929038983042,1.6839029643787786
sub-224,ses-wave1,1.2524533716260762,1.2156253169218458,1.1046105498900642,1.2108167597282833,1.5990235682943506,1.2429088630593803
sub-2852,ses-wave1,1.4196757310092165,1.4590704260291436,1.4091272831013641,1.5472849652368965,1.6092656786195714,1.5563058367656124
sub-3003,ses-wave1,1.471134335648848,1.3704242310178554,1.2902037182497947,1.3951349474816062,1.5918402531586466,1.405714860073513
sub-3005,ses-wave1,1.9099046597248575,1.8472812210405194,1.7374548173220241,1.8135739603217265,1.9968934248809482,1.8301346231382856
sub-3005,ses-wave2,1.5289354845684286,1.477998482222405,1.4492871983967475,1.5434260638435076,1.7527517111897157,1.5589566145236788
sub-3066,ses-wave1,1.554128583074958,1.369294711677234,1.3780104106966284,1.3472901845367842,1.636708416289437,1.425640523094645
sub-3066,ses-wave2,1.2987722245330264,1.2715546767643278,1.2821300777385953,1.255026673642774,1.5595151079452791,1.301188829401216
sub-3066,ses-wave3,1.50421277902473,1.380474662411191,1.3892023041855608,1.3584386913711919,1.6021130067146294,1.4245173172468535
sub-3146,ses-wave1,1.4939191626663597,1.3963575392478207,1.226797148789564,1.3722813482614464,1.635758388588057,1.4420708890673652
sub-3146,ses-wave2,1.2067613140075997,1.173380370623182,1.074571807720489,1.1651558329544363,1.528125151303815,1.2177848682158579
sub-3146,ses-wave3,1.0812138331739134,1.0797243034006638,0.9857497939679152,1.0758631058701102,1.4002017918385339,1.0881103674574926
sub-3182,ses-wave1,1.4265229790684246,1.4490716495538534,1.4287593796431959,1.509764831108473,1.6720255635097312,1.5176168479239318
sub-3182,ses-wave2,1.3583933467376688,1.337222363685226,1.2675279592475914,1.377253582247749,1.6540506836853492,1.3869412753007642
sub-3319,ses-wave1,1.345095153385605,1.2926958230911587,1.2799031749261012,1.332698097786702,1.4499947398070976,1.3573116526569593
sub-3319,ses-wave2,1.256206985643041,1.2276367585451191,1.148497859613601,1.2169224725549233,1.394460316864453,1.2423847246500603
sub-3319,ses-wave3,1.345486762735656,1.3187460443290338,1.359417019028844,1.3413412430278266,1.4800948404037766,1.3612729334479239
sub-3328,ses-wave1,1.3382576050315294,1.2913795496893958,1.200169573001205,1.3355090332123827,1.5318554644716311,1.3866694297893323
sub-3328,ses-wave2,1.3459739658534033,1.2970496332805144,1.1254149863636047,1.326213729257323,1.4834408151914906,1.3562008824582943
sub-3328,ses-wave3,1.1947541324003526,1.1716312584728703,1.1405360486630003,1.226881927537819,1.4332724934936028,1.2622181998072293
sub-3344,ses-wave1,1.3026207813850952,1.2809856123858363,1.2445041298455854,1.307481892352739,1.4720788735869066,1.3344080329993209
sub-335,ses-wave1,1.2446726055625592,1.3583534568589957,1.3577460862203043,1.4428509207847897,1.583248573363881,1.440218088737382
sub-335,ses-wave2,1.4620351037697157,1.3541047826838322,1.2791740554268018,1.386533731948257,1.6282807422507264,1.3855065295039903
sub-335,ses-wave3,1.3845403652305293,1.2939971344478332,1.244867785944219,1.356011424004393,1.5573966333337181,1.4111933584713336
sub-3571,ses-wave1,1.7102339292974806,1.5668894911366207,1.4722151849284693,1.5466414680911162,1.9048231348733409,1.6370629702523805
sub-3571,ses-wave3,1.591277994672399,1.4878787467163872,1.3114972802818938,1.4597467334288847,1.7463855842637477,1.4778356425556836
sub-360,ses-wave1,1.6394211816175353,1.4910100298263975,1.7196492451670584,1.6112321106766943,1.7866942806213177,1.8295727742974233
sub-360,ses-wave2,1.7010521336429003,1.5545250745899686,1.6101172970498712,1.5974178698249681,1.8340046332157798,1.714383164057442
sub-360,ses-wave3,1.6109741652408647,1.489921995164973,1.4904515791787003,1.5236884886960604,1.6875387636334602,1.6249596931949806
sub-3608,ses-wave1,1.193094660371409,1.1808415601585478,0.9965374174548033,1.2189973169151558,1.4620425281129894,1.2258415633526618
sub-3608,ses-wave2,1.1195504083456953,1.1246811333414914,0.9253429210017738,1.1398065005803388,1.4241516843345252,1.14154080817356
sub-3608,ses-wave3,1.230356729455599,1.2112061949008677,1.148830422850085,1.2657541242329882,1.4511212966827745,1.267068420969868
sub-3639,ses-wave1,1.478429920954933,1.4326836190745773,1.4724644510805414,1.5700910456918846,1.68514257795706,1.610782168086688
sub-3639,ses-wave2,1.388932478987305,1.3944984499951154,1.3471269492099278,1.4942220140227305,1.736431543046617,1.5174580079146138
sub-3727,ses-wave1,1.6548404587025467,1.6152294186470821,1.373074080831171,1.615676199919938,1.7389329734978627,1.6373956501035796
sub-3727,ses-wave2,1.4915211194143239,1.4147787082467485,1.1713454868161943,1.4499703772181292,1.74278193450812,1.4279417895944237
sub-3744,ses-wave1,1.552296800357247,1.3683288028362328,1.346131982837722,1.3791324859278868,1.7793588098106263,1.5279658614348417
sub-3744,ses-wave2,1.4693061263409803,1.3454537803639386,1.2026956225379717,1.3455328179709363,1.648979571600774,1.4147103003108827
sub-3744,ses-wave3,1.2851188449927522,1.2409894636886458,1.3279232041753526,1.300062932701318,1.5421308592450977,1.391513826554422
sub-3898,ses-wave1,1.6963349880881209,1.5649499182836593,1.5009802811696484,1.59698151082687,1.7718616979670636,1.62818433380305
sub-3898,ses-wave2,1.4541704453339137,1.3688791402657625,1.0378746836795587,1.3764580497653949,1.5636537585874317,1.3942625898836045
sub-3911,ses-wave1,1.764729144222972,1.6676276605488267,1.4422116431743108,1.604384397528524,1.828529004774447,1.6796509917434097
sub-3911,ses-wave2,1.5233053101432028,1.382253348518087,1.2142036789325452,1.3732837583611994,1.6568366366952785,1.4376821711945738
sub-3911,ses-wave3,1.6966789995474945,1.617859236475116,1.3514355783620402,1.5807506359234789,1.798656672983002,1.6146857523051197
sub-4104,ses-wave1,1.5970321939710628,1.4574065128911737,1.5273659668884263,1.4485359449887643,1.6971597760858144,1.6126563788050672
sub-4104,ses-wave2,1.618692788079429,1.4801338123295331,1.3374837847942451,1.5004797073436904,1.6931018822428234,1.629810933460533
sub-4169,ses-wave1,1.6618091901915109,1.5333886093250082,1.3732655438440173,1.5307595215831211,1.7225347101321744,1.6178553708189074
sub-4169,ses-wave2,1.7694138964988384,1.6709778101520976,1.2828904364301539,1.7280800752257592,1.8572025013717388,1.7618777108051495
sub-419,ses-wave1,1.6105580233776777,1.5217084018146287,1.4032218002315253,1.5272429829118468,1.6672666105209848,1.5516839203324624
sub-419,ses-wave2,1.5199489574829435,1.382579406704888,1.3750612705466434,1.401319162877002,1.578372322357323,1.4882776501902404
sub-4195,ses-wave1,1.5402075419674632,1.4755011073451898,1.4226382033604126,1.5600193561106082,1.6931847191511284,1.5572232985764458
sub-4301,ses-wave1,1.5933343208320312,1.4911019691290048,1.4231976902278314,1.6553513402834166,1.7249189682397217,1.6875010301531879
sub-4301,ses-wave2,1.7724340508254217,1.6194151666603478,1.3129767007956492,1.727938814916563,1.8276502002344386,1.719091415378927
sub-4362,ses-wave1,1.4127668537940772,1.4028656304008016,1.1888927896863506,1.428348457629063,1.581475631577438,1.4351203925709553
sub-4398,ses-wave1,1.3550548332509609,1.2940865809836497,1.1041182879721223,1.3536141019230445,1.5756465067094436,1.3386554755525502
sub-4556,ses-wave1,1.4848464153601217,1.4259827291884482,1.2955208559673463,1.4063930066999522,1.6829321331146287,1.3963841566509232
sub-4629,ses-wave1,1.6094475797166254,1.4928794349413286,1.520111630314796,1.4877090855976176,1.7929054079961269,1.6163144565191367
sub-4737,ses-wave1,1.469838511569496,1.3745075735092014,1.276616075704211,1.4529508202839978,1.5905605403557213,1.544503768173906
sub-4737,ses-wave2,1.3473187670935052,1.340150907212578,1.2294226367246817,1.4381568830718647,1.5108130863540818,1.4765191542123592
sub-474,ses-wave1,1.7256662895262147,1.5785663081419616,1.8327095846232102,1.581689775558912,1.9196410833780733,1.8496928017046554
sub-4754,ses-wave1,1.8588835986874328,1.6276146397424531,1.4261997443767929,1.5938002721013627,1.891960926141162,1.6805198518783615
sub-4791,ses-wave1,1.4287930143778729,1.3737401395376225,1.2098812115617452,1.3373025872569926,1.629509574778793,1.3775316023880226
sub-4799,ses-wave1,1.674199884104974,1.5880528574053123,1.6328084632152684,1.6261250105669647,1.8724939307617516,1.7260045758891276
sub-4828,ses-wave1,1.3680300187616372,1.212323557641156,1.1086681238145215,1.2680858031160218,1.6064732786178324,1.422825691120817
sub-49,ses-wave1,1.7561048274662132,1.5675080397670154,1.6289396435675882,1.5782859393993185,1.7946279512753671,1.6473714148773078
sub-49,ses-wave2,1.53791167686306,1.4333307098508397,1.449435437963527,1.4314515760290891,1.6779539768230727,1.487016105875809
sub-509,ses-wave1,1.6189863730022218,1.6485005800021282,1.7067128477161768,1.686701813967804,1.856822879647253,1.7014900745881967
sub-509,ses-wave2,1.6215988491918705,1.5796085567804474,1.6139569636807918,1.5815603434535335,1.788514514850476,1.6175551082507
sub-509,ses-wave3,1.5787438187309921,1.6011657701415163,1.6036909733417994,1.6826102697700855,1.7684149057891343,1.7069221955131388
sub-562,ses-wave1,1.3146320741863415,1.254531616191486,1.2253788551877465,1.2963975925380753,1.5919811950651614,1.2907393487559577
sub-562,ses-wave2,1.296715327302245,1.1810417050609325,1.108116330850507,1.195177948961636,1.5876709529610962,1.2107019103348742
sub-562,ses-wave3,1.2865853746835225,1.2210881028867977,1.1307394957518233,1.2386207293983715,1.4562595571977266,1.259220582380983
sub-591,ses-wave1,2.0574422880333154,1.8602101985258788,2.1090687880510046,1.9929884291097313,2.198607729901111,2.194306684200249
sub-591,ses-wave2,1.7462224501245416,1.656791331262939,1.6808096658163316,1.6892652281973066,1.8832312256162274,1.7623373669105034
sub-591,ses-wave3,1.6452471877265809,1.5624401978120535,1.5084368940722437,1.5629144668522095,1.7646762619137708,1.5873688688898058
sub-612,ses-wave1,1.7372546084554128,1.5856852064327174,1.6509589372120366,1.5986213847083015,2.0044641489845216,1.7040818915578875
sub-612,ses-wave2,1.8716365830836594,1.6545436763948334,1.6544818579343121,1.6542475645633798,1.918294546728851,1.6946581422066611
sub-615,ses-wave1,1.724824044290471,1.617122878099567,1.437620356241089,1.628314812507762,1.7965424424687297,1.6531600966605096
sub-671,ses-wave1,1.5411629432138572,1.456663667455376,1.444635796331561,1.4499005973014065,1.7412072926658757,1.5736556255141656
sub-671,ses-wave2,1.542563617230857,1.407112087161385,1.3481303895823271,1.4460919099507497,1.7332530540059246,1.4928838609154464
sub-676,ses-wave1,1.4523636381258602,1.3798719827344446,1.191495866464248,1.4161488090449317,1.5595587213187674,1.4726935788105382
sub-684,ses-wave1,1.0190367744188853,1.0319013597809559,0.9103215172454948,1.0981854076656523,1.5021961749915387,1.0927503233944909
sub-684,ses-wave2,1.309426854903899,1.290237456141913,1.1005083154491175,1.3103899235667686,1.4672509499338482,1.315168576673312
sub-684,ses-wave3,1.1516626656269637,1.1149444722749215,1.02294237772564,1.1762192234818547,1.4132645737767586,1.2371666316900307
sub-812,ses-wave1,1.2096870838555884,1.1667399095877176,1.0845410295183675,1.201753108623004,1.5069297214105961,1.1945257408521912
sub-812,ses-wave2,1.437332967452146,1.3205463991366218,1.2292545135922701,1.3177670552611667,1.5533030278985005,1.3688097274114797
sub-812,ses-wave3,1.3133384720332137,1.2665200962187801,1.189060673241182,1.231254418051575,1.5154824869309502,1.2896156247256443
sub-815,ses-wave1,1.68911003833764,1.5077545650698738,1.4297963565937541,1.444857741994071,1.8186721412039737,1.5988857909225365
sub-815,ses-wave2,1.5001010152212841,1.3907748104076565,1.2939100076368324,1.3553801666537182,1.617734238969603,1.4270651457867045
sub-815,ses-wave3,1.7433215599877556,1.628205572633773,1.5280106078345113,1.600528679010801,1.8564165921095765,1.6895070670795884
sub-823,ses-wave1,1.5009880630637835,1.424691993072873,1.3750928570463192,1.41801091892345,1.6701242705936163,1.4589462180796353
sub-823,ses-wave2,1.4634751282031515,1.3805539482071696,1.3324039080146721,1.3697497345224925,1.6611321544517592,1.4038487070190264
sub-823,ses-wave3,1.2953413584845928,1.263413920646125,1.2548145259700965,1.2753322651495655,1.50166860191751,1.2965147915153654
sub-841,ses-wave1,1.7226943415611682,1.615417409596027,1.486992380100888,1.624240550393133,1.8146772189656537,1.6570916866018797
sub-841,ses-wave2,1.5548871718724202,1.4841220615386197,1.4423220077712484,1.5154902741156935,1.7011937597788462,1.562006872277005
sub-841,ses-wave3,1.6694433976106673,1.5706141541599876,1.502896862867896,1.601749316339594,1.73305781590562,1.6168792437027835
sub-849,ses-wave1,1.4844876864682615,1.4431698810408622,1.3393823435203558,1.4432512987541957,1.6297536225003304,1.4442525066126395
sub-849,ses-wave2,1.73776316151453,1.6903522322632143,1.567749228530673,1.7472957270456972,1.8802258621541195,1.7744320767420634
sub-849,ses-wave3,1.5218260523719795,1.4497970713640587,1.436107003156415,1.4948144721532386,1.6803759598244328,1.5077119765258273
sub-883,ses-wave1,1.8302631387783659,1.70588867494559,1.6168225397476592,1.6954356119891494,1.8935666859617823,1.7258231407324045
sub-883,ses-wave2,1.6806983395281034,1.610392498127609,1.4932454553381602,1.6267665235832154,1.7558699227926697,1.6186255889712475
sub-884,ses-wave1,1.7687417278684536,1.652075303599229,1.7046967728875366,1.685834840358121,1.8389947388390804,1.7479101889140232
sub-884,ses-wave2,1.5732500871850699,1.4523969920481168,1.505027677652954,1.519002171484525,1.8106848922475387,1.5989554669705783
sub-884,ses-wave3,1.6690242695846467,1.6034313967310778,1.5531982056113849,1.6674432416108416,1.7997304086240011,1.7113325500798342
sub-934,ses-wave1,1.7543739705568036,1.3805707839875976,1.5971313747846736,1.403530810822832,1.8971183815165364,1.7798893850345312
sub-934,ses-wave2,1.7691342338222378,1.3520465239118424,1.5850466927025928,1.3516475383430524,1.9643780899989287,1.7423566406241466
sub-12,ses-wave1,1.4061655109869449,1.468031913562824,1.3765342953956563,1.4323759505359233,1.6186080010154253,1.465171726471983
sub-12,ses-wave2,1.7297557686829115,1.6843855732146333,1.6418009297885523,1.7488628319100172,1.8585170748858322,1.7654803350513786
sub-12,ses-wave3,1.756028267167627,1.6582960291987112,1.675680305696373,1.7243932973828018,1.8589288884715134,1.7802903456979209
sub-4288,ses-wave1,1.5058822294420426,1.4698040079583303,1.3925795671864303,1.5579559251022972,1.5839843771261495,1.5215497707383143
sub-4288,ses-wave2,1.4706661122901972,1.3985128585635769,1.3332416340604785,1.4783764441396574,1.5452303493410813,1.4991227186704725
sub-164,ses-wave1,1.6052009487038874,1.5511378448454078,1.4870954049549043,1.6114191465945975,1.7232361171317296,1.6194087105950374
sub-164,ses-wave2,1.7718220774652211,1.5585320689538773,1.4946316886494988,1.628703108117138,1.946353195736517,1.6608858489143246
sub-3653,ses-wave1,1.905014124650796,1.8236739796898997,1.7259881568956854,1.8541779767112907,2.0060009630771174,1.870755311224526
sub-3653,ses-wave2,1.437554077271343,1.3446065701344938,1.351292536274523,1.3921158187303964,1.6860048090759152,1.4425359216871485
sub-3653,ses-wave3,1.509179318413479,1.433043066289105,1.4755381109821233,1.4840512064767735,1.7371106648978185,1.5502904670999809
sub-1309,ses-wave1,1.5507042619920495,1.4126466160817697,1.3875153430146991,1.360293518499165,1.6718287720182436,1.3759933500577426
sub-138,ses-wave1,1.792569176451158,1.679216346478705,1.7709751502473805,1.7976045217711374,1.8964817918011543,1.8726609627759645
sub-138,ses-wave2,1.7703343762280435,1.685693407611379,1.7361457261617468,1.819750293069958,1.842942813569623,1.8498426066333669
sub-138,ses-wave3,1.789907546608262,1.7091731489795396,1.6797427118676467,1.7289884550256778,1.8630416229026197,1.7726887135722171
sub-1797,ses-wave1,1.6132895872580901,1.474936997536716,1.4225216640336824,1.4438495012524089,1.6895629382164832,1.5058659215773575
sub-1797,ses-wave2,1.1650264018572773,1.2214142052334827,1.1459363305765966,1.1515061467639693,1.6170531593472321,1.1782740058791044
sub-760,ses-wave1,1.1330450679441253,1.059103703961328,1.089015478700925,1.0633342447727547,1.4270406863044496,1.1582040996320722
sub-935,ses-wave1,1.147066739837438,1.1571713726443158,1.0498688012735182,1.2562432676856146,1.4730587581993049,1.2821236878796285
sub-935,ses-wave2,1.5260758628492743,1.375868549848171,1.3354346993959516,1.430249446878963,1.5735632844235428,1.4491752029191467
sub-599,ses-wave1,1.1716391654262632,1.1841519416480086,1.1041253267505495,1.1944967378878084,1.4360536100435946,1.2093098692389554
sub-3457,ses-wave1,2.03188372948363,1.6955055643454946,1.8342605011587307,1.7809555373570447,2.148811922171256,1.9121564955743484
sub-3457,ses-wave2,1.6966120888581586,1.6182671886587843,1.6882339393953618,1.6740497388089688,1.841484469938972,1.7195147899204215
sub-3457,ses-wave3,1.7851837909841002,1.5842364917428755,1.6500564375398148,1.6589175172949981,1.8310725389626437,1.7155532187840445
sub-2743,ses-wave1,1.4964275686679476,1.4308432714125177,1.3371222039974373,1.4498032889778156,1.546476194674549,1.4570390547832184
sub-2743,ses-wave2,1.3414193609201222,1.3115663267699826,1.1556863220679778,1.3318240409349569,1.4775292012422057,1.3403368287179602
sub-2327,ses-wave1,1.3967550145933096,1.4395807855321254,1.377488769585948,1.4752014593751994,1.5888227660316345,1.469213735317995
sub-1159,ses-wave1,1.707467507754334,1.6018104536455113,1.6369443858047756,1.6490103998362446,1.7977547156178972,1.724841524923387
sub-961,ses-wave1,1.98766645342053,1.8794428679398814,1.8344256897776638,1.9169675983421075,2.375246406511799,2.2085771534458325
sub-961,ses-wave2,1.6263391353179575,1.4934251094673177,1.3196968228152097,1.4905434092639431,1.9089036622042315,1.6193076574003453
sub-3863,ses-wave1,1.4812112326527211,1.4511068531039093,1.4172286792568909,1.5057989893021055,1.6563211994529552,1.5430239162625532
sub-3863,ses-wave2,1.2157759863516362,1.2464042928463983,1.0476517755129735,1.2549960794633361,1.620933936818603,1.2701925237383898
sub-3863,ses-wave3,1.2895471467621835,1.2726252482183682,1.2321551337816996,1.3136084464379334,1.4874924936437943,1.3397671102280864
sub-162,ses-wave1,1.651788673018367,1.5109588859545284,1.4564504029236858,1.5633171452639913,1.6629562509571227,1.5861756461296732
sub-162,ses-wave2,1.5509594523196557,1.4308668373852007,1.3511465253173118,1.469098077628403,1.6008629331137207,1.4530346248117112
sub-162,ses-wave3,1.3386590382011403,1.2834601399179388,1.178494700957362,1.2958940820074414,1.4987149124607346,1.3156926134260103
sub-1195,ses-wave1,1.5726762423010554,1.5308749407175397,1.4120597209237347,1.5536893272413983,1.7392581137121612,1.6094556358043004
sub-4245,ses-wave1,1.7043235971137647,1.6281193795463251,1.402320887512258,1.7463611079799586,1.792809456514097,1.7177869812715378
sub-196,ses-wave1,1.2610318939710337,1.2574608671660203,1.241494936010484,1.3141039045621778,1.6041348849552204,1.3099861755570064
sub-196,ses-wave2,1.6976435114745034,1.466846294940243,1.4937226660098815,1.564633635273308,1.8111775728813821,1.6333542030808086
sub-196,ses-wave3,1.3049303592827202,1.2819951316752511,1.2158823699151293,1.3022454304043811,1.5021205859112197,1.3297716449002646
sub-1168,ses-wave1,1.6247803995488928,1.487809335700998,1.607844567986695,1.504878995323365,1.8120364530396023,1.6612024048597998
sub-1157,ses-wave1,1.647473521851452,1.4589952709402172,1.3632628745968858,1.4486825361975497,1.7413763198814252,1.6287582990007046
sub-1157,ses-wave3,1.8487591093554179,1.554184937854962,1.4585998651552234,1.5815756841162318,1.8545229462869144,1.7315455004488929
sub-2974,ses-wave1,1.5821580574856056,1.4790563919634891,1.4386374724092996,1.4967074624241428,1.7358647315506583,1.5952891111919638
sub-1362,ses-wave1,1.4933544289596554,1.4266951244345876,1.404465478890406,1.3832830493369177,1.6155270171527958,1.4686497689585492
sub-1362,ses-wave3,1.5413354800453571,1.414088468547137,1.3316955866453328,1.3771229409509194,1.602455932137678,1.420987974788241
sub-361,ses-wave1,1.5658395706013333,1.5087081175148729,1.3104899805048755,1.4747757265813533,1.6809367148289023,1.458346569187357
sub-361,ses-wave3,1.2660237822311617,1.2377259876810975,1.1625623316188733,1.2256170538216984,1.4863698765476951,1.256863991148056
sub-153,ses-wave1,1.7220528567720872,1.501465223603819,1.4571117352753697,1.5149039413563141,1.7337171747221651,1.5678641505612574
sub-3899,ses-wave1,1.202265374811685,1.2174064929733448,1.0028939586232462,1.234769982810051,1.4817378987831407,1.2472217459295956
sub-3899,ses-wave2,1.2563113180699896,1.2269867251213582,1.0607622696749657,1.2366552059162108,1.5722483549678221,1.2508162281743647
sub-1172,ses-wave1,1.3635404159513254,1.2976111932438998,1.3667425994193345,1.3451486250559326,1.673131312295352,1.4153389673495322
sub-1172,ses-wave2,1.606396934384858,1.503379688158839,1.5260961782514502,1.572851017000327,1.6855601432715597,1.6112562399278705
sub-1172,ses-wave3,1.6638872534069877,1.5777613522435843,1.5971025172263995,1.6426461766825113,1.7492129678395036,1.6572330232679113
sub-2152,ses-wave1,1.6746375404744627,1.5531040946404868,1.5536306311131853,1.6223242283357906,1.7510772141072655,1.6451987998524233
sub-1175,ses-wave1,1.9181349162727492,1.6719504959592784,1.680281353705944,1.7197995163615702,1.9703245735085693,1.879619028636431
sub-1175,ses-wave3,1.5861784050477215,1.5549510070988228,1.6251648204821172,1.7140993199478665,1.7898468986778617,1.8246383489274507
sub-182,ses-wave1,1.6354752144539106,1.6133950329124636,1.4643318696761702,1.6258543479926455,1.7472939257919662,1.6684607095579413
sub-149,ses-wave1,1.7395372697711775,1.6112958687209593,1.6144845465979087,1.6028232316799451,1.8788262638869067,1.6581771085199344
sub-149,ses-wave2,1.796964838982162,1.7066358126078462,1.718173934710828,1.7552548126807384,1.963246515634671,1.7803399757484364
sub-149,ses-wave3,1.55508852598494,1.521786054855577,1.4366418071836775,1.560142845403972,1.6863164139335933,1.5864086550493872
sub-975,ses-wave1,1.8838022059356674,1.6717174239824613,1.7240339157994957,1.677992789620176,1.9046661136666518,1.7828691935819545
sub-140,ses-wave1,1.623218270576097,1.4596216751832185,1.3954737658020213,1.417981488598453,1.7680936977059314,1.5012742879597076
sub-140,ses-wave2,1.5156399865869736,1.4475079273123659,1.3251528356900346,1.411252513432478,1.7454171692433973,1.5057102979734367
sub-4869,ses-wave1,1.2939857042908351,1.293126830533502,1.0415779964815965,1.29310119542299,1.5047679907199596,1.3060666464524004
sub-4869,ses-wave2,1.1944709915876501,1.1589265793897667,1.0210457069977155,1.168530479695143,1.4198935952351226,1.2118515746743657
sub-4869,ses-wave3,1.0940458835967704,1.0740181268468076,1.0260519330741915,1.094455405748609,1.3756483579493621,1.1636793991076875
sub-988,ses-wave1,2.0148435001398157,1.8875273059715272,1.805052822001644,1.9116517815157916,2.0596221005473616,1.9092598250930497
sub-988,ses-wave2,1.6891755202048229,1.6226513644161618,1.5675816748934663,1.6474199108678256,1.7974258475375755,1.6371654380851854
sub-988,ses-wave3,1.6533574835223235,1.4897073584954565,1.400141993259554,1.4926032099161408,1.6885428903587432,1.4779923900361465
sub-943,ses-wave1,1.7792878970646095,1.6597461099277986,1.6112520760532085,1.6355884705175388,1.8140479331674855,1.6666065581343414
sub-943,ses-wave2,1.61842145676867,1.493714071649397,1.4267297549252533,1.513836056682147,1.6963018166390853,1.5354691106022154
sub-3841,ses-wave1,1.5153180304268203,1.4392669621673475,1.5697709112661018,1.498106393504286,1.6358051699524125,1.5943993238881657
sub-1978,ses-wave1,1.3482337049195159,1.3200770882150255,1.1942296538834989,1.3157436416506827,1.4346089027266298,1.3147047589896672
sub-381,ses-wave1,1.6521047638501059,1.5434224906717111,1.2667125979658063,1.4490951506891028,1.8103031255389914,1.5302358909681346
sub-147,ses-wave1,1.5785567943942358,1.5127519258818465,1.422426204900375,1.515846787583269,1.714804382255827,1.60375775514991
sub-147,ses-wave2,1.577010635766358,1.4299967888252505,1.3287354528670594,1.3919359024977933,1.7081381263978896,1.4441487199453102
sub-147,ses-wave3,1.4037646275264688,1.2790719211712116,1.2769632006529716,1.2713646579556952,1.5333520775366516,1.32680713916747
sub-3846,ses-wave1,1.67979686231488,1.4393640863326682,1.2701992623201297,1.4173231957904007,1.7096431277305006,1.5360008561494571
sub-3846,ses-wave2,1.7103040059090477,1.5236226641397752,1.283145711938054,1.6075927236944818,1.767114105420934,1.6579021645867638
sub-178,ses-wave1,1.6435565349728445,1.4688488264382586,1.313417766550414,1.5170060171829114,1.7431797052338283,1.5503055128013457
sub-178,ses-wave2,1.508884000786037,1.414093559098262,1.3150830707285888,1.4443596113350339,1.6106261870645722,1.4353167807675224
sub-178,ses-wave3,1.5504548245222973,1.4913121300260437,1.409052584909186,1.5479182413268813,1.66718836521268,1.5493456800461987
sub-4805,ses-wave1,1.5360142339652414,1.4946293288111403,1.4111787906498061,1.5502356268417472,1.7629160855601553,1.5955420619685885
sub-326,ses-wave1,1.7531008113101896,1.5238147506517792,1.4337294730557637,1.4912637965250166,1.8157670388331428,1.61971348510386
sub-326,ses-wave2,1.7549968305897692,1.614979737543566,1.568177693713158,1.6424830105221928,1.840680522571105,1.7334216335697978
sub-326,ses-wave3,1.4571835245526572,1.3629827597765098,1.3193907863083898,1.383876653648547,1.5948266323634177,1.4281464637440715
sub-584,ses-wave1,1.4070296959671746,1.3743949214079834,1.3850143330666917,1.3856142694255598,1.6986567122933471,1.4096734835283384
sub-1922,ses-wave1,1.404444902035248,1.4102552855313257,1.3426216885476956,1.3963320223969753,1.783252915689859,1.4209458570315259
sub-1922,ses-wave3,1.7792398198731842,1.6371894209298317,1.5520010914593594,1.6157134823213377,1.9284579813629912,1.6985848825423153
sub-3212,ses-wave1,1.3859581093444846,1.3940034335501332,1.1581641158223952,1.4939397046778806,1.5864115931449136,1.502398019902218
sub-1119,ses-wave1,1.7768829011798326,1.601290444962415,1.6198161882692477,1.636059769721084,1.8437435646216,1.6791206780343284
sub-1119,ses-wave3,1.8890929591808594,1.7014765192557728,1.7095195584164418,1.742998600942359,1.8946726398270004,1.7935664464257408
sub-4659,ses-wave1,1.468969847288398,1.4852251833251087,1.4756579034700246,1.5745253800964942,1.6003818559049026,1.5843189574736742
sub-4030,ses-wave1,1.719334476160963,1.537899079496338,1.3251644260630457,1.5057695556011608,1.8164748623763185,1.5918360527120106
sub-1784,ses-wave1,1.5488471493355198,1.4434466324715052,1.3493867317162653,1.4348754253510996,1.6086118240359657,1.4297664118953701
sub-146,ses-wave1,1.6464852217690458,1.4896450500998486,1.3683959928585945,1.442652140454316,1.7417410138170801,1.48321719576075
sub-146,ses-wave2,1.6832170049145976,1.5096842149751213,1.4834831848358148,1.5868174383804652,1.865671308566679,1.6236841328764635
sub-146,ses-wave3,1.8607281558619002,1.5902793518427352,1.4936526108840817,1.6130346684228596,1.8607281558619002,1.6990554916767953
sub-989,ses-wave1,1.245511033221401,1.2633378613260666,1.1025659370325023,1.2551191991901818,1.688621183709167,1.2936612770368383
sub-989,ses-wave2,1.4814827678772473,1.4390935428399834,1.3750381988983609,1.4708045988218892,1.7058919057217956,1.499416882888445
sub-989,ses-wave3,1.4543665089168574,1.4879109208005816,1.4843639920122516,1.5829752146067277,1.7014950927980457,1.6039236786112352
sub-4868,ses-wave1,1.4785863066083937,1.3563963207800773,1.0372290779215376,1.3227747458111372,1.6892233669290813,1.413661035685617
sub-4868,ses-wave2,1.3293222893888572,1.3369623294514406,1.0487649196271303,1.361805644875496,1.5408333926543538,1.3722694799748636
sub-4868,ses-wave3,1.3263055050763246,1.3096803647218833,1.1851358982339186,1.2907104437822672,1.5626976867574194,1.3115840306414714
sub-1370,ses-wave1,1.7723339434201923,1.6155349971564799,1.64922952055259,1.6894524105820097,1.8322662686759355,1.7255497074584567
sub-1370,ses-wave2,1.5578007043252953,1.465599273250152,1.4103789644318168,1.470187838116227,1.7216983574913876,1.495293110452188
sub-1370,ses-wave3,1.5704092392035407,1.479021254429621,1.4716572620795463,1.5564731759249388,1.668680334633831,1.559156289168825
sub-141,ses-wave1,1.56973045014798,1.50424406570972,1.5155410173808195,1.5466360680625446,1.6556845485007468,1.6098246077788652
sub-141,ses-wave2,1.5638786742234072,1.4742685388147643,1.4510925211501764,1.4552188573976712,1.6960048592503274,1.5136874714771702
sub-183,ses-wave1,1.7275256556006005,1.351123941552699,1.5872790518585367,1.3048970972770972,1.8870858429664612,1.6534951576378987
sub-183,ses-wave2,1.9567526593041236,1.6002443608953434,1.7228915449053699,1.5288825650007656,2.098206584330261,1.9103622324297536
sub-183,ses-wave3,1.6724476343228192,1.4862546777600891,1.5938549784458704,1.487946196313556,1.8504952082144501,1.7521325720839354
sub-980,ses-wave1,1.1759690566339973,1.1315443588453664,1.1615979154137661,1.1687784341004679,1.4229310236741846,1.2015685123639925
sub-974,ses-wave1,1.15742731111468,1.1722027012893084,1.0475630686344384,1.1417337792226179,1.5873703852540209,1.1651317866556745
sub-974,ses-wave2,1.6527960811855957,1.5539353858119098,1.421857637303709,1.566207900712802,1.7519172218138412,1.6012810229745855
sub-974,ses-wave3,1.4608661575087787,1.448984449389985,1.399974223848076,1.4377708435799073,1.632852082207147,1.4940495083698642
sub-3086,ses-wave1,1.451598594326887,1.4171727655085622,1.3696008688885954,1.4365378931632309,1.5921034983653555,1.4731352872448764
sub-719,ses-wave1,1.7243328130154292,1.5719492477388808,1.444788559549521,1.5377023435836779,1.7442683278285835,1.674554620640455
sub-719,ses-wave2,1.6917977181197137,1.537319137580706,1.4729037101355495,1.5463809917937419,1.7369160285606218,1.6859066674159107
sub-719,ses-wave3,1.643943933053039,1.4804988745907153,1.4151519839102054,1.493029570576403,1.7108159596322237,1.6617503213352673
sub-927,ses-wave1,1.521838265682843,1.4246221208537477,1.472310863120992,1.4443423635720014,1.6692910790100266,1.5865225849319653
sub-927,ses-wave2,1.6485022273769019,1.5228870539464903,1.451155745251642,1.5673455154695048,1.7352738304074227,1.6330835327478739
sub-927,ses-wave3,1.6086675077680759,1.464266579205526,1.38094690630228,1.5109027310389547,1.6475280426848784,1.5595554003474725
sub-4658,ses-wave1,1.4119656071176592,1.341386807638996,1.237693868724218,1.428937883797483,1.5633559388388738,1.4794167594650975
sub-4658,ses-wave2,1.1502468217297785,1.1489540285619868,1.0406597685672705,1.1758115722945597,1.3205152866012173,1.2582107459236567
sub-772,ses-wave1,1.7020824628214708,1.6924732238252207,1.7586857507376452,1.7697308055068228,1.9026511067312244,1.8571077033112067
sub-772,ses-wave2,1.5923378072081538,1.5391875455348876,1.4301549046864581,1.5581493414656031,1.706300217493868,1.5891578748809625
sub-772,ses-wave3,1.393883315431661,1.408367767685989,1.288313587645359,1.4389896827773478,1.6391233265065834,1.464578057211265
sub-1543,ses-wave1,1.741738639345625,1.7063085690220081,1.4913019933840568,1.731445505196044,1.9325390360475683,1.8356220347693382
sub-1543,ses-wave2,1.578998834564382,1.4389236857682626,1.225397438729079,1.4357721372486427,1.7535619970051868,1.529156174302635
sub-1543,ses-wave3,1.6623377937016657,1.5198320629560227,1.3649684443128143,1.5802460874086361,1.7554012174354352,1.6660171526929846
sub-4660,ses-wave1,1.5108057229552436,1.395282705207514,1.3717877013011015,1.5165277139490012,1.6760975082906067,1.531719378176966
sub-311,ses-wave1,1.3798257334609727,1.3366646485106586,1.184442989423693,1.3702854312410038,1.5014343233182146,1.3894320015292425
sub-311,ses-wave2,1.361676866648413,1.3470607088093711,1.2472538175477443,1.3975758471183464,1.4541972860051007,1.4085722163672425
sub-1915,ses-wave1,1.4972071598253756,1.431705755645977,1.2860066258836533,1.4651813760830932,1.5982378978197738,1.4082437219116986
sub-318,ses-wave1,1.1373136771048367,1.126899023824922,1.046934892533877,1.154074436641711,1.5157850023025885,1.1517939199980498
sub-327,ses-wave1,1.6711021111265398,1.5130239990719574,1.5903254115728627,1.5658418038931856,1.81946244458844,1.6488779252833425
sub-327,ses-wave2,1.7045605321970985,1.5270603752066418,1.519551519990019,1.571311769967635,1.8315480420286694,1.595150335072718
sub-929,ses-wave1,1.6284901651599757,1.567757927498703,1.3270815621735306,1.5672223325601025,1.7292994670282589,1.588894241895583
sub-929,ses-wave2,1.5549935303135132,1.5431310126764362,1.466917610273687,1.595948886402426,1.7229848416613756,1.6215645087489512
sub-3010,ses-wave1,1.553548579157305,1.4693585453506488,1.3348445851205089,1.4655042812408343,1.6314548705347778,1.4702463160155044
sub-3350,ses-wave1,1.5755020607762726,1.4520919146539923,1.3272964471851703,1.4890709148996384,1.6488243597395595,1.5239860776441172
sub-1251,ses-wave1,1.7043926524120967,1.6147322149950218,1.8116280201261847,1.7248235296642087,1.8724662240734875,1.9052139349341681
sub-2044,ses-wave1,1.0168950864785347,1.0607968929844485,0.9266453628176811,1.0645357857549569,1.54539430262447,1.082270780844031
sub-252,ses-wave1,1.2136697165339698,1.2151393832561768,1.1376942053360168,1.237343315618591,1.535139022051639,1.2535100393000573
sub-1860,ses-wave1,1.9502114884241637,1.786057774218576,1.7099715138214573,1.7798393383902116,1.98822542694732,1.8366660918902291
sub-299,ses-wave1,1.1981388240439945,1.197017084059483,1.092548933325622,1.1984956318430775,1.531912322372897,1.1759164858687536
sub-609,ses-wave1,1.6776266281393248,1.6054078875419218,1.4495383165095133,1.606672991094941,1.765930340904739,1.6391412584251086
sub-2043,ses-wave1,1.2190793391537726,1.239188165363501,1.1607242861050129,1.233882164418321,1.5737596972572931,1.3216966047612773
sub-2043,ses-wave2,1.1592838066526612,1.1913087246954888,1.1677110882335515,1.1875611337944636,1.5101205563504685,1.28869305588303
sub-2043,ses-wave3,1.3289612434998825,1.1972569105425857,1.2337016196171464,1.1903786562060437,1.5344317156100218,1.3325737030671057
sub-4172,ses-wave1,1.5332366352241593,1.4106468932393366,1.3965711191001065,1.4469244962405128,1.8458573559980924,1.4987363109719634
sub-4172,ses-wave2,1.4677594402265408,1.4757884804985146,1.4912092665596826,1.569922023110213,1.8187210314476157,1.6074767348819772
sub-890,ses-wave1,1.3821193533756275,1.3609052089628069,1.2629245528637216,1.3704762073367864,1.6158309605392405,1.3837438149210541
sub-890,ses-wave2,1.331632014695575,1.2588957542510322,1.1930812285593544,1.329541835359836,1.4860436541468334,1.3330400704486343
sub-3537,ses-wave1,1.6311175514519398,1.5576081593716278,1.4071864584393436,1.5564666699138527,1.6864415037677096,1.5661256892350566
sub-3537,ses-wave3,1.4160267006891236,1.389185058312564,1.2691532568086068,1.3932187131202305,1.5002867677334448,1.4113966415359755
sub-1869,ses-wave1,1.7802262325119056,1.6397234359322739,1.545980096298426,1.6006558300122733,1.8461224357226025,1.6903212776648222
sub-1267,ses-wave1,1.7267773916829325,1.445905270228013,1.453461054409046,1.4406368601717348,1.777246310414899,1.6148907381685347
sub-1267,ses-wave2,1.6554496990096477,1.539626878329066,1.453722876015909,1.5559249629375265,1.7539328493812036,1.5704265750765263
sub-1431,ses-wave1,1.7888185940828767,1.68565214205418,1.5612679030404437,1.6309303981178815,1.8568633359862055,1.7052775502130588
sub-1431,ses-wave2,1.5576520436905865,1.498134090163798,1.3684997975783033,1.50767342780561,1.7410482884977956,1.556755005758709
sub-1431,ses-wave3,1.8877286321819913,1.7624944557319497,1.6450472258283433,1.7531503441919,1.9820606612578884,1.8645993477932676
sub-3392,ses-wave1,1.4857672518699716,1.4216978085455194,1.2066466637745994,1.4647794687583455,1.773949631961647,1.4846595638641888
sub-2885,ses-wave1,1.4302177062038586,1.3463475582116022,1.222127717330248,1.3407126489723842,1.5771872445581987,1.3684926851925163
sub-2885,ses-wave2,1.3983924845260423,1.3293151361614501,1.2570528574864812,1.3178454491585145,1.6705357408289612,1.3774162326681676
sub-2885,ses-wave3,1.4972566057705858,1.458245745018967,1.3458249216452427,1.441652324591189,1.6461566260074143,1.4562323286445844
sub-1856,ses-wave1,1.559729911850729,1.570462095819674,1.4944934168618467,1.5715081301153078,1.718934909183771,1.5740403504589624
sub-1856,ses-wave2,1.377598375352708,1.3088750183654545,1.2166619180722353,1.339010092108413,1.5519970834923242,1.3562657793366237
sub-801,ses-wave1,1.870171796395124,1.7498162504955317,1.8528386990537897,1.8264822192975723,2.0331398182594436,1.8656669859658153
sub-801,ses-wave3,1.9766416370488047,1.8473906585521522,1.869763932396211,1.8948790104809392,2.0629498601585117,1.9159420180179558
sub-492,ses-wave1,1.5069079590288277,1.4153387593550013,1.3991421440005676,1.4392535714251873,1.5845844330105132,1.4779356833530817
sub-492,ses-wave2,1.2999712990517431,1.2294012749687595,1.3415286887461826,1.2821431505166352,1.4548980157330265,1.3754980916181472
sub-466,ses-wave1,1.9471285504874913,1.597140335498862,1.8095972592044278,1.5858141635954541,2.009253500551889,1.8803373149847653
sub-466,ses-wave2,1.735292901081938,1.566051774380544,1.572720507662561,1.5463117666058444,1.820855730598487,1.6914080985873938
sub-466,ses-wave3,1.8426210474590572,1.6457151569774227,1.623440093708039,1.5423496465669633,1.9325148259865426,1.7403033399324714
sub-208,ses-wave1,1.4815371467202239,1.4845313235748525,1.318641892498976,1.4926010122622997,1.6892717938630781,1.4810424616340834
sub-208,ses-wave2,1.3589305722170386,1.34388784034137,1.3074298666902675,1.3787155741064705,1.6782342821549492,1.3528447255006693
sub-208,ses-wave3,1.4375480004962866,1.3670245867129518,1.337120322707517,1.4385411293263841,1.5714270833675734,1.4448428541488427
sub-2213,ses-wave1,1.8867376393754824,1.7006579127774557,1.5788803728028507,1.7268372597941313,2.083565899719332,1.9454701512551085
sub-495,ses-wave1,1.370520140817307,1.3450816932627616,1.349750842829832,1.3875914804618605,1.8014711369590861,1.4202772019029275
sub-665,ses-wave1,1.7657351429460377,1.6031014284981726,1.5217195206008178,1.6300969009107995,1.8284449005363843,1.7388123629082302
sub-3131,ses-wave1,1.5921939149823343,1.4714391016950783,1.3884623881469684,1.5173613571429536,1.7273946590151446,1.510107201788256
sub-3131,ses-wave2,1.1762520341400116,1.1774424194031308,1.1341255732220834,1.2714843955517063,1.5716895617512856,1.241244310485596
sub-3131,ses-wave3,1.4319513969281066,1.329646311119474,1.3444015801671685,1.3504855915748912,1.5379801797726065,1.4112214955457678
sub-1008,ses-wave1,1.4669003001867906,1.4497725672849449,1.2928628217003815,1.4885202262574682,1.692182389540457,1.6046633382252709
sub-1008,ses-wave2,1.7397136036699195,1.5792004613140684,1.3043824653363056,1.5867364778372135,1.8090806896632914,1.678945935046713
sub-2813,ses-wave1,1.4740780926045574,1.4321875444881755,1.3635014593619141,1.4884843987099368,1.5722185123961374,1.5171961534110276
sub-2813,ses-wave2,1.275927397449094,1.2644411250951766,1.1438928821624177,1.2702918431976937,1.5706942367425543,1.3160599699679096
sub-3531,ses-wave1,1.7367420226139454,1.6056814061987266,1.51525586354924,1.5972461776822016,1.824338305615012,1.6255611615057355
sub-3531,ses-wave2,1.6509951257814426,1.4840753029515832,1.4633813199742245,1.5091990319112996,1.744228804536463,1.5536642117471915
sub-3531,ses-wave3,1.5337443084213827,1.4766194599516775,1.4401043071384374,1.4363303567168209,1.6751316189365695,1.4825977663288168
sub-1868,ses-wave1,1.5003312560757507,1.4842551940802706,1.3479242959429492,1.5350822987055806,1.6181530923266587,1.563065153540348
sub-1868,ses-wave2,1.4563695419079532,1.3879191795620058,1.2456198295587966,1.406857174656532,1.5926828571994092,1.4480809118319122
sub-1054,ses-wave1,1.3000490227917298,1.3416552332631246,1.1972051603907845,1.319073376249848,1.5023060964395243,1.3228259101735758
sub-1054,ses-wave2,1.3737114751839812,1.3815584958656055,1.3151668157932788,1.3897317407083039,1.5074510321277512,1.3724742057708448
sub-2087,ses-wave1,1.2422768274749973,1.2658947768091289,1.0855391056282042,1.2883471228770895,1.4933112071019,1.2844950677255218
sub-898,ses-wave1,1.8127916868498797,1.6272238263531826,1.741363364919264,1.6005333047269308,2.044149071033763,1.757445797033181
sub-898,ses-wave2,1.7095411495941888,1.5308601452945054,1.6297484990376845,1.5536314604900554,1.9579193580782464,1.690836011720542
sub-898,ses-wave3,1.6448317121611,1.6452349114763667,1.7461295995144053,1.736676338932337,1.8472443675479266,1.7934158017260171
sub-606,ses-wave1,0.854121435784057,0.8793714526469594,0.7314422938626454,0.8414395387253255,1.8079936202463647,0.8589541536890684
sub-606,ses-wave2,1.2161877050090362,1.2352465893881501,0.9754885832536145,1.2518913365662176,1.5937098673900354,1.2630028716419934
sub-1850,ses-wave2,1.654992958074823,1.5584888821221605,1.5974993899324734,1.519943929887006,1.8851254840922365,1.6334158553996259
sub-1850,ses-wave3,1.520257510333622,1.5531009744563493,1.5824327371932485,1.548235170868434,1.8420494462324095,1.6725005571494083
sub-639,ses-wave1,1.7746558945411328,1.7539329771044967,1.7452056869586223,1.8789213090742027,1.8545584739255319,1.8987180261622276
sub-639,ses-wave2,1.8306392352252923,1.696557764750255,1.6585776130174659,1.7819448171326253,1.8481708181191063,1.7686075583120242
sub-891,ses-wave1,1.7214604240189053,1.5936420753937237,1.566236915495953,1.663832927947141,1.796022731854198,1.7254460825289213
sub-891,ses-wave2,1.7632158785770078,1.732363750180007,1.5240847442724745,1.726717114856505,1.8894599350781756,1.7131152397933875
sub-891,ses-wave3,1.6199602919105052,1.6158277251752209,1.5562169932927357,1.6687446722002717,1.819640770426528,1.6762465317186075
sub-1866,ses-wave1,1.331927356280526,1.3010742437233558,1.18994765865791,1.3379683008307521,1.4509885013613313,1.3682207309782741
sub-865,ses-wave1,1.5000793716353868,1.3866783476648887,1.3223471872614376,1.448732277615715,1.582658639318903,1.4844009462952636
sub-253,ses-wave1,1.3029328410290373,1.3071207634201252,1.2350816958199622,1.3910677051284273,1.5725632473758786,1.3765200218891591
sub-3163,ses-wave1,1.6337791278674705,1.5296723533755585,1.418051274249559,1.5090355056696758,1.7025226529622435,1.633671965261674
sub-3163,ses-wave2,1.4467941866440621,1.2935265321354348,1.2314861266558748,1.296553897490428,1.6674258103444484,1.4275553485437853
sub-4722,ses-wave1,1.6350697717862803,1.5455159556018798,1.4683452584628824,1.6027502960382454,1.7016273822408121,1.6693496792239366
sub-2248,ses-wave1,1.520477570612604,1.4168148854526237,1.5062440509132449,1.4261745702208524,1.7184612322870279,1.5568574062517955
sub-2248,ses-wave2,1.4781106704081226,1.3931104107549703,1.415954232297613,1.4622531068952986,1.859088239260736,1.5864858956857892
sub-2248,ses-wave3,1.6600228175283331,1.480002441971084,1.4664972241750165,1.4364141113442541,1.6941992649676942,1.5618245563122208
sub-1439,ses-wave1,1.7665438944954248,1.57876772406183,1.6305560116914986,1.6342745971341839,1.8130648089271315,1.708962539295036
sub-1439,ses-wave2,1.6429762483676145,1.4701919976511963,1.6732613793811897,1.553099910645876,1.8259872143375868,1.7208633831769347
sub-1439,ses-wave3,1.8822153331167986,1.7291517627659148,1.7291798920049923,1.8657302207894761,1.9172546797814038,1.9105184530172457
sub-836,ses-wave1,1.7013804758434106,1.5716489215089209,1.4679591805887442,1.5471418597163682,1.7998730522293602,1.5678664612226036
sub-4749,ses-wave1,1.4952931350992444,1.4483507370014461,1.2928223610322993,1.4820561027615984,1.735718287299318,1.5085565111480306
sub-4749,ses-wave2,1.3717957611285936,1.3272921431168405,1.3372158824111557,1.3453782121620796,1.5371734574771034,1.3833106423448478
sub-3108,ses-wave1,1.4680581211148107,1.3955614707502266,1.3188730878798718,1.4531052567558245,1.6155414047628498,1.421688316955089
sub-4312,ses-wave1,1.475011464179671,1.4093511387744115,1.1640521236842205,1.4251760180114617,1.544803448801181,1.4361486198696718
sub-4312,ses-wave2,1.487048834590588,1.4331596300125213,1.2903453972318735,1.496664000594525,1.5689987371197889,1.517137348157934
sub-4312,ses-wave3,1.3154590146719647,1.324909948897389,1.190548472568795,1.358997008972655,1.5116287399441044,1.3901695718864082
sub-3137,ses-wave1,1.633313329764655,1.431105079093034,1.4309946498904929,1.4006126117577076,1.801210623982185,1.6105815883363328
sub-1452,ses-wave1,1.6697092334030652,1.6299474039170465,1.3382455140441167,1.5970820783670283,1.910961346755181,1.6256380168718043
sub-1452,ses-wave2,1.6450013477977965,1.4996501931451425,1.1302330456374126,1.4730379424623705,1.7395833889688106,1.481670196288581
sub-1452,ses-wave3,1.4597723995910368,1.4304794281725086,1.1746020544292612,1.4610316865228627,1.6763125398604521,1.4579194565482352
sub-831,ses-wave1,1.693793419620671,1.4846997246988378,1.518934646017829,1.4339668858218377,1.8151389754912155,1.6321705155157127
sub-831,ses-wave2,1.736607122343852,1.525356760068803,1.6197379244664218,1.5035392761077928,1.8430599996713188,1.6653775776168351
sub-831,ses-wave3,1.65636120265205,1.5596967910827977,1.5211971104210982,1.5995548066199836,1.7303386551024886,1.666328275073667
sub-1031,ses-wave1,1.9249264383495297,1.7951245277776051,1.8596045927078906,1.8375946820642546,2.0819394535358855,1.9003112983066095
sub-1031,ses-wave3,1.8247769103066742,1.7240744870592715,1.7013257773140114,1.7510279004595868,1.955640642774751,1.7643832046542178
sub-4315,ses-wave1,1.3273410092544897,1.270341617991026,1.0324641967162274,1.2969878742983072,1.6323190672002348,1.3139454725045043
sub-4315,ses-wave2,1.3273689126035508,1.2877876775243844,1.04576378086008,1.3248898925015031,1.5593660870533146,1.3305333005705053
sub-4315,ses-wave3,1.0014835029655518,1.0194976511751808,0.9439352380794712,1.028233219793111,1.5749437580363357,1.0400437850960564
sub-200,ses-wave1,1.1822508629943191,1.189635176421091,1.153355379555444,1.1895081239357301,1.560860940523113,1.2716476390803706
sub-200,ses-wave2,1.4964852550761203,1.2825115935384375,1.4575527757250455,1.2698523061374436,1.8541453842776678,1.4843186221037419
sub-200,ses-wave3,1.5686816208873906,1.398837393299187,1.3934099242604763,1.4339290773454811,1.6991895916281174,1.5455223163056302
sub-3334,ses-wave1,1.561751445073753,1.45179595829471,1.4231734552851347,1.4564853175766683,1.6440045238159613,1.5130830180957822
sub-3334,ses-wave2,1.2667922116135002,1.2624892484439956,1.2162440915366977,1.2650916208258765,1.649682776275756,1.3144551324757598
sub-1007,ses-wave1,0.9687048927134867,0.9544427439990696,0.8866408863269915,0.965719015076101,1.6487011141563297,0.97392744337397
sub-1007,ses-wave2,1.5834021529501079,1.5192827249220602,1.3098562519697068,1.5542860709017687,1.6625900989955045,1.5682599378754976
sub-1007,ses-wave3,1.4658000970680884,1.4541056256971938,1.290871088811926,1.5027309389216428,1.6809415915943275,1.494382600681167
sub-4575,ses-wave1,1.495864737283453,1.4500059324300851,1.2023732474264612,1.4587865337626997,1.6163070144671277,1.493275039810498
sub-4581,ses-wave1,1.340515950677736,1.4023460412186965,1.3510768414370238,1.4368190430662635,1.657059585624666,1.4298356143235984
sub-4581,ses-wave2,1.3976694805049534,1.302174744050525,1.2855108341946866,1.3514460763583376,1.556926768420587,1.3997030075558148
sub-4581,ses-wave3,1.4198207236340377,1.3412875866330127,1.3342713978330565,1.3923217219173716,1.575059621554216,1.417388956790233
sub-236,ses-wave1,1.572399882555997,1.5025783993733643,1.3036377289583478,1.4961519236773422,1.6710375931528842,1.4963448812045421
sub-236,ses-wave2,1.3489393495485724,1.320276502556394,1.1864785171893173,1.3459564599059632,1.5760692473298112,1.3359056371385893
sub-236,ses-wave3,1.368346443960389,1.3105456159091384,1.209387637922732,1.3592566276524853,1.5186536914119,1.3603291396261157
sub-458,ses-wave1,1.5446102433979014,1.4817501524445977,1.413291572529318,1.5076607778523838,1.6475121374205086,1.5129524407277888
sub-4129,ses-wave1,1.624832105698389,1.489320240641561,1.5532318406862693,1.5051539565432321,1.765723318084233,1.6426943726401935
sub-4586,ses-wave1,1.2461816939079613,1.1557620446544619,0.9307814989892513,1.1743003714210252,1.5781557564065558,1.241816189066053
sub-1656,ses-wave1,1.270656260885929,1.255790439329186,1.1500187219489233,1.316998976274976,1.5156218517546813,1.3459942666781917
sub-1656,ses-wave2,1.429952873884269,1.4051329331523457,1.3981025700143204,1.4251108960665526,1.5801920170011396,1.4579828219082693
sub-1656,ses-wave3,1.2792600843395492,1.3088733385980778,1.1002164665872072,1.330216328543949,1.5280350646764527,1.376469308533102
sub-3946,ses-wave1,1.3501557745614534,1.315165979847393,1.291530406417527,1.3995499909309386,1.5386132124175687,1.406402915357214
sub-3946,ses-wave2,1.2703287909945051,1.2699957207418227,1.1001866999313639,1.2987539084367898,1.5131191424827697,1.3108464678876
sub-3946,ses-wave3,1.3732377910197324,1.2459737461122056,1.1837653524217706,1.3180816620466955,1.4692314332399485,1.3126247851185902
sub-81,ses-wave2,1.759096526519111,1.6079437415784572,1.4536766760844686,1.547793830120162,1.9024828147977675,1.5802562407472052
sub-3377,ses-wave1,1.571874673094351,1.4836377822768578,1.4595733250034386,1.531373151275767,1.7096368582769865,1.5562177296531217
sub-611,ses-wave1,1.578798973871585,1.5017355501307206,1.383417037162087,1.4716705708270492,1.793559850774003,1.4824881353051533
sub-611,ses-wave2,1.4223664301780659,1.381131428275987,1.293088533883692,1.4097949846545197,1.7602697616840937,1.4007341443345074
sub-611,ses-wave3,1.4369408711306895,1.351163812369527,1.220473284419791,1.3194488917277933,1.561351142473057,1.3145414535883797
sub-4394,ses-wave1,1.3988355697237163,1.3793154027222387,1.281152794053102,1.3673122906154314,1.5734356795171944,1.465814174045441
sub-4394,ses-wave2,1.3810889412192648,1.265345658476687,1.1763505785850288,1.2783349822241916,1.5693088969473457,1.3906165659905265
sub-4394,ses-wave3,1.2165711717280927,1.1476210316199786,1.1767434230628786,1.144416558133996,1.3996192552206654,1.2778080310332
sub-843,ses-wave1,0.9193512052005637,0.9468288102448539,0.849804459959664,0.9735621250117925,1.4721818598169594,0.9990831369619553
sub-2893,ses-wave1,1.5589973847463037,1.6736966241583564,1.7294696989521574,1.7856516094393318,1.7975351132627146,1.8023448067725334
sub-2893,ses-wave2,1.44780341597002,1.4802635890138494,1.4240194894974427,1.5556048788252683,1.60538278700058,1.552925346284669
sub-2064,ses-wave1,1.3653708495406618,1.3060270844299677,1.2300781629224424,1.3199336561390518,1.438464953070558,1.342735886443636
sub-2064,ses-wave2,1.290544957501051,1.2597617395318963,1.202630624480511,1.3056965286442273,1.3241947611649902,1.3064724315657135
sub-616,ses-wave1,1.6339982539251867,1.6184600218817657,1.622711193703995,1.7469180916219647,1.7960600339592434,1.7087213538750265
sub-1043,ses-wave1,1.2999764872182904,1.267216265217697,1.2374725207284338,1.3368973049545954,1.4864958381044668,1.3443669667021396
sub-1615,ses-wave1,1.6417762223676493,1.4941246205044307,1.3674457828640785,1.5936118587981936,1.793734330340161,1.6913574075566533
sub-1615,ses-wave2,1.4208751533030426,1.3145688267284403,1.260048179442703,1.3424549377265143,1.5960271270452662,1.4074537338847186
sub-1615,ses-wave3,1.6148578185312266,1.4621996692629127,1.3391541460284353,1.5487905800085264,1.6787586127123089,1.593744095687689
sub-3983,ses-wave1,1.74558874917604,1.5354158412696661,1.538906658474635,1.4812049603099178,1.9001327887358888,1.693415626523154
sub-1882,ses-wave1,1.3467208964104218,1.3341827814232503,1.3778789240472713,1.366405581110901,1.5754135973747434,1.4008357443858048
sub-881,ses-wave1,1.56398684850119,1.4964457033396532,1.5471024899748245,1.5134739408131337,1.799872104712919,1.5566214571909818
sub-881,ses-wave2,1.5894575409837646,1.514351532158631,1.456620069380496,1.5332741056558912,1.7492331549901055,1.5270909968105402
sub-1247,ses-wave1,1.3897590708825456,1.3727399878873874,1.3168185013385338,1.4591208517516705,1.5344375719553793,1.4699516842333336
sub-4507,ses-wave1,1.8259401636488817,1.7549621326976736,1.7623827941680559,1.8448132096502765,1.945455765936344,1.9184625320852835
sub-1849,ses-wave1,1.387991731145831,1.3381679256289525,1.1963159887215196,1.36868117105261,1.5292340934844622,1.3464032655078721
sub-1849,ses-wave2,1.1071620514606708,1.128858264566051,1.0020113257792052,1.1083933845052785,1.6081422333159,1.1030819284954627
sub-1849,ses-wave3,1.241469573385334,1.2551325275633332,1.1508364370770445,1.2620523258505139,1.518527826280345,1.2716060972297882
sub-886,ses-wave1,1.7193523328855902,1.6005912691945001,1.455741138029622,1.6304826256432763,1.8889883520620179,1.7191361697402399
sub-872,ses-wave1,1.579518877120965,1.524208532602478,1.443838556839347,1.5138790538164573,1.7712335733773386,1.571885840418251
sub-872,ses-wave2,1.5471774297231424,1.4917789401411432,1.2892097698475657,1.4623864477324644,1.721947625986739,1.5013260185215618
sub-872,ses-wave3,1.5450901181443388,1.4587497897620016,1.3948390184089412,1.4530255084689707,1.7996349572194243,1.498614339248113
sub-1240,ses-wave1,1.5759210201880647,1.5020727114665011,1.31736946459821,1.4712964593068378,1.6834436650103255,1.481685537912663
sub-1240,ses-wave2,1.4237220175864151,1.3364446560228176,1.228054753631962,1.3558116670732412,1.5890576728111876,1.401211030365472
sub-1240,ses-wave3,1.3323632073764635,1.3290111630652488,1.0951596179989558,1.2742857700898447,1.6522208629108477,1.2710800626921708
sub-819,ses-wave1,1.2448923366564448,1.2447215856779859,1.1772530940648416,1.283991576382658,1.4614919743650598,1.2816355929442236
sub-674,ses-wave1,1.3866953379678917,1.4472497773282513,1.365784408405101,1.4834743945517253,1.6727228375272492,1.4919682524330282
sub-674,ses-wave2,1.2579150941595705,1.2491173485602536,1.0857801196965813,1.1809022907424116,1.5680596258881394,1.183054903815418
sub-674,ses-wave3,1.2812007064542414,1.2667470805202645,1.2061784324831017,1.30723660787271,1.5143673729311438,1.3058000531702283
sub-4795,ses-wave1,1.612648206740844,1.5766804093515423,1.4632350842567967,1.626655941289605,1.7655283054361073,1.6850513740050688
sub-4795,ses-wave2,1.6080459960274733,1.6005000649375183,1.4805656426910128,1.6739423170261816,1.7788728496113086,1.7164331265686343
sub-4795,ses-wave3,1.4529611956032946,1.4346198331848106,1.2457864206836726,1.4551040191735236,1.6452292455903037,1.5044407432933418
sub-680,ses-wave1,1.771324831393562,1.4680191133634581,1.4463927469685491,1.395578165642116,1.8169392082489004,1.6102872915316864
sub-680,ses-wave2,1.7198091937119822,1.5054959341504182,1.4435163890879439,1.4459631533755433,1.7720455190068138,1.5847920356570597
sub-680,ses-wave3,1.7589529775849013,1.5230775453473804,1.4527253918111365,1.4796917286826603,1.8139408917774578,1.6113924908315012
sub-470,ses-wave1,1.707734488164121,1.6089522927171647,1.616417417563527,1.7203647560717337,1.8385191450369396,1.7633875783846333
sub-470,ses-wave3,1.7657887019296559,1.6747833517810315,1.4488479468376974,1.6258911135566911,1.8366796580012397,1.6471722368054855
sub-4565,ses-wave1,1.4987955965980098,1.2982196485468396,1.2522715125149761,1.2829296416553453,1.7511217715353817,1.3911693018589077
sub-4565,ses-wave2,1.3153027343601376,1.2196977543976268,1.126062672393907,1.2146005884246485,1.5970475229246253,1.2831227329626875
sub-1225,ses-wave1,1.5240021406241933,1.5650944902802952,1.3852137410914303,1.6192878711772174,1.6808866174456394,1.6173322695113823
sub-1225,ses-wave2,1.5363135854613905,1.5448059990188197,1.359638984828587,1.6218232991605002,1.6698586824423678,1.6478392423714328
sub-817,ses-wave1,1.6767300793939923,1.6075849012571584,1.3161597022039935,1.5467669078361315,1.7636794749800206,1.5782675003698743
sub-817,ses-wave2,1.7499892791192129,1.5975743186433022,1.367381837397812,1.632416124855934,1.8943533307785203,1.655760241402645
sub-817,ses-wave3,1.7706724357049914,1.5590482908693544,1.2010406802779952,1.5222787660012698,1.8036738717659067,1.5632539864138364
sub-483,ses-wave1,1.4441362513962872,1.3430039568822143,1.1507189547366674,1.3863209211078247,1.5938586021427685,1.439088056845814
sub-483,ses-wave2,1.2319873810225097,1.1989359427729087,1.06169919636908,1.2548931685774525,1.4842862280277416,1.2947125637038808
sub-2205,ses-wave1,1.6889448488721928,1.5710971258618822,1.6559377162084292,1.5932115994495957,1.7889258805786068,1.6791674133784458
sub-221,ses-wave1,1.1499054253707408,1.1792996876004755,1.0838739383892748,1.1722063855645977,1.5896814916116944,1.2051357018862057
sub-21,ses-wave1,1.4689052815305068,1.369902241910399,1.383178377732817,1.391638497294117,1.5763475118244812,1.5059942354423141
sub-2054,ses-wave1,1.3264194561723484,1.2939094412480951,1.1508603958960846,1.2756857651261706,1.5173731500295893,1.3063297712260424
sub-4165,ses-wave1,1.5401449358049129,1.4487950256615212,1.319120666081981,1.5011519366214063,1.6123322733042769,1.5828637184308638
sub-4539,ses-wave1,1.4904513135337756,1.413354492341316,1.4172695614807802,1.4120132582226033,1.6392375911933348,1.4557629844137812
sub-2053,ses-wave1,1.6396209436669231,1.533654144906158,1.4652542813487124,1.5468428235466916,1.6396209436669231,1.561499029536319
sub-245,ses-wave1,1.548287789357368,1.4898869576547291,1.4734741028274807,1.4941300389622607,1.6455215638133396,1.5174240223266782
sub-245,ses-wave2,1.401086187657946,1.3638882033570703,1.2505939627998752,1.3774702056538835,1.5283558323530442,1.383962915226873
sub-245,ses-wave3,1.3923794707708157,1.335219702742307,1.2613857150093486,1.3409510510054146,1.5060341809018047,1.3778022403633308
sub-4196,ses-wave1,1.6531327986192523,1.4087624674245678,1.3069728239314524,1.3910816186550274,1.8351027749126603,1.5692246416188862
sub-4196,ses-wave2,1.7864952285608235,1.519130792767561,1.2561205798475195,1.5157172137976926,1.847017349894483,1.6453681427001663
sub-4196,ses-wave3,1.683350197794728,1.4635105315442618,1.355569740103769,1.430561322474689,1.8017635748752874,1.5560166956329184
sub-889,ses-wave1,1.684129666775883,1.5678026228075344,1.510515389844659,1.6003209269225953,1.8063793083141553,1.6101149400077337
sub-889,ses-wave3,1.4897248479256926,1.4361136122750264,1.3580358150846792,1.4742891498698443,1.6589216291597522,1.4782062435673877
sub-274,ses-wave1,1.5298229229613893,1.3975192717996734,1.3037218710153424,1.4014836895397145,1.6476829027695925,1.4746848930928185
sub-274,ses-wave2,1.263081493931948,1.208096429663124,1.0470243266232409,1.2457841691498128,1.4946011225898808,1.2602520313482053
sub-2062,ses-wave1,1.1908233359316802,1.1626166520256107,1.0157894507861052,1.1933967075564227,1.4815262295906493,1.2090902079089578
sub-1421,ses-wave1,1.8034854717665882,1.7144083467952962,1.5379555357388028,1.6840513314848102,1.8816218849433453,1.7439085991456527
sub-1421,ses-wave2,1.6440141712279797,1.5375124356682743,1.3428984128569486,1.5313198765307647,1.7285014397166782,1.5902508569123968
sub-80,ses-wave1,1.3784526143742895,1.2580537867521933,1.315119618926711,1.257158284489008,1.582469540740392,1.3350502859895417
sub-80,ses-wave2,1.6462364038946333,1.4183365626160904,1.635368170242372,1.426983823160402,1.768308982295126,1.6764587973564458
sub-1613,ses-wave1,1.5793205254427387,1.4551182583928322,1.2910230011013164,1.421945961359521,1.6811905701166872,1.4760136948502962
sub-1045,ses-wave1,1.334022487591505,1.3274970818519702,1.1530607280141285,1.353054243490733,1.5769946091936933,1.3596253388375628
sub-476,ses-wave1,1.3463358536310868,1.4023590233884486,1.2369530221818654,1.4484740363553215,1.6549191972641093,1.4699404105306795
sub-220,ses-wave1,1.514976270052395,1.5119085111273085,1.2964903821052252,1.4906610490435916,1.6361811967232045,1.5250703290726197
sub-220,ses-wave2,1.4329236041316364,1.3609292153319028,1.128951516567097,1.3438407294172077,1.6081978450876417,1.371385668411004
sub-220,ses-wave3,1.3330660329248045,1.2974143607459445,1.1847895054281201,1.2958569379529776,1.5155765124120162,1.3429628471267985
sub-1011,ses-wave1,1.342828530359698,1.2842829113844316,1.155095903405031,1.2620091540218965,1.4978400417235826,1.2960322729096507
sub-2031,ses-wave1,1.5732679913632566,1.4646006278485992,1.3873928922355898,1.4582229146307952,1.6266002722550184,1.4858940221858132
sub-2031,ses-wave2,0.975833116673039,1.0438916683412751,0.9544788578565714,0.9986910146662666,1.5544153230219138,1.0086694138949026
sub-829,ses-wave2,1.7112099827930385,1.5615073102418044,1.4665018763604474,1.584555439273243,1.799771634863427,1.587067421504226
sub-829,ses-wave3,1.3583857343732744,1.3642072554179059,1.1921787538241162,1.3903566828685037,1.5614669306654025,1.4017772645934528
sub-688,ses-wave1,1.2794350522732452,1.2467036709490347,1.1900564535112925,1.2897885349145564,1.488949320230419,1.314235677745924
sub-688,ses-wave2,1.4882303317707364,1.3971532854933577,1.370735447048094,1.4329157726136834,1.5664013621454411,1.4735596094477401
sub-688,ses-wave3,1.2941906020089018,1.2592962594069645,1.2570692320383055,1.3100193521330787,1.4715853381621993,1.4050948643747323
sub-4769,ses-wave1,1.8188340388847086,1.7322411887369569,1.4147824837600804,1.7391801562511557,1.8880459181952212,1.848688543380324
sub-4769,ses-wave2,1.7179510250311771,1.7307736751819043,1.3640682384154545,1.761447133162348,1.853397074616241,1.8459698665280357
sub-4769,ses-wave3,1.6692967039827573,1.6162567936035561,1.2932337691146616,1.634648756396103,1.8154806865105282,1.7971267623086224
sub-1444,ses-wave1,1.9272799176729247,1.7187584720913396,1.6634206249270207,1.7370107710481024,1.9902283875463616,1.7622860652289138
sub-1444,ses-wave2,1.826752436458843,1.7022409977310713,1.6628473270249873,1.783722638894464,1.9758816219347453,1.7852659196685319
sub-4794,ses-wave1,1.0674983039107449,1.1805800579857,0.9464228794903311,0.8998070110171783,1.6529688539038787,1.056646223207604
sub-818,ses-wave1,1.7156080370712214,1.5857136798056068,1.6118530950363343,1.6590414163716984,1.8449942462477367,1.675366628847072
sub-818,ses-wave2,1.4626414761367217,0.9551516824321915,1.5523917780932024,1.107090634667495,1.9939080746364617,1.472541685018647
sub-1685,ses-wave1,1.6562662246907425,1.6608038124631523,1.3142642570266108,1.6950258614223994,1.7638536788710613,1.7202459294425136
sub-1685,ses-wave2,1.546196588660068,1.4787849056043365,1.1532708827759732,1.507938439196301,1.687829631996565,1.5165825596081244
sub-1685,ses-wave3,1.4719556398980744,1.4699447627663194,1.3261861038222922,1.510224623127335,1.6302821365946656,1.5278579045825493
sub-3126,ses-wave1,1.6399878689821,1.4954888626109657,1.4625847608688458,1.4752314732092424,1.7504698226494135,1.7088071606364306
sub-3126,ses-wave2,1.520160868854778,1.3118541520625726,1.2314337609546642,1.3276567385906428,1.7071814184791538,1.5172783395807898
sub-3126,ses-wave3,1.7316402685233956,1.5165716976283556,1.644496370716403,1.5173614392282104,1.802494805450023,1.744715929913779
sub-169,ses-wave1,1.468622902176386,1.449170699283331,1.265900850115389,1.4075787475236816,1.7446791921264073,1.4918104110842927
sub-169,ses-wave2,1.7893569957155253,1.6497526527412059,1.3451962135948374,1.623369019278511,1.8633011902211878,1.6447085750153319
sub-169,ses-wave3,1.5430186809401987,1.544446609214431,1.2091425309587636,1.4892372774130225,1.6996134951687978,1.4850455274166658
sub-1531,ses-wave1,1.2263192106617007,1.2235173623881659,1.1634229348978327,1.2778924900188184,1.4349148829331875,1.3197904201245867
sub-4615,ses-wave1,1.509856749524792,1.4080371212382867,1.034108666475783,1.3805070226072855,1.6944421905586347,1.4097857612447273
sub-4615,ses-wave2,1.4850734431664032,1.3989148940629255,1.0295889812542767,1.400745584780392,1.5701123726986,1.4206113308510413
sub-532,ses-wave1,1.3519214325866362,1.2682442706937616,1.1568072173997535,1.278218518976232,1.4839710183710402,1.3129127441697976
sub-532,ses-wave2,1.3494975831035045,1.2820549847093858,1.1907573996404377,1.31323482948766,1.663216333149063,1.3707233571497255
sub-2172,ses-wave1,1.5419824304771312,1.5296872830527963,1.494242398106644,1.614231561805735,1.6959321740285933,1.6031854082298338
sub-2172,ses-wave2,0.36242626466144434,0.4284299363635608,0.44093108870577613,0.43408153269517447,2.912239019336555,0.44587630714002047
sub-2172,ses-wave3,1.6354200847996934,1.541130107134318,1.5002970557077369,1.6373448552537235,1.7041322057144948,1.610902926545748
sub-1199,ses-wave1,1.6884123133306448,1.496338560831627,1.431856132058599,1.4454556809096766,1.7628103870918823,1.603760795127176
sub-2976,ses-wave1,1.7378895818028877,1.5683597257435395,1.5030777532658972,1.5700629095408862,1.8513160192725842,1.6389920183700575
sub-2976,ses-wave2,1.7297597198875345,1.5487847435821491,1.4365509533316279,1.6345989804637908,1.8309958828508228,1.6935534305211655
sub-2976,ses-wave3,1.609878771536013,1.5775764228801208,1.682175091923064,1.63902697292636,1.9132307463255849,1.7790169100920477
sub-4847,ses-wave1,1.4597553949892013,1.492914270951515,1.2790849505483783,1.5106346206847925,1.6742799394476524,1.5073771954402098
sub-4847,ses-wave2,1.3007751320743435,1.3133157942067903,1.2708184164094312,1.3772578954233528,1.5939867035420554,1.3927259725103187
sub-4847,ses-wave3,1.331855105152302,1.2690246060375476,1.314686252622481,1.3008259611875572,1.710050386715515,1.3624157020215
sub-3053,ses-wave1,1.5972090047384917,1.5332952080270053,1.4216018790765632,1.5244293002064118,1.6819723572432046,1.5283395649789258
sub-3053,ses-wave2,1.657294107286452,1.57185517407054,1.370463064677784,1.5772772194223346,1.7533884511584483,1.5799927269918006
sub-2940,ses-wave1,1.6060148355017263,1.5250223199274617,1.3520647398827341,1.5743177694457255,1.7435376808490113,1.6292044296030275
sub-2940,ses-wave2,1.6261236433557098,1.566716107622526,1.2822766869775848,1.5904548094834767,1.7772407100663719,1.6032789527164586
sub-2940,ses-wave3,1.5284501635645609,1.4811759192185425,1.4201074788100092,1.5299734911968343,1.6797803704157106,1.5826347563341674
sub-158,ses-wave1,1.2998717577274637,1.2279142607640288,1.1033085043362276,1.1823312216700543,1.6627120668787767,1.284857514704582
sub-158,ses-wave2,1.891034521804386,1.5414793001239113,1.2720461969727246,1.4879965491711733,1.9847784717125687,1.5844000400077305
sub-158,ses-wave3,1.70387434189908,1.5469490702867166,1.4508703512411216,1.5788107904242104,1.7898246632119053,1.6263145170607185
sub-1993,ses-wave1,1.4746526879757456,1.4174136589840804,1.4645014220217125,1.4109078710925653,1.6389875817938018,1.5796828810526606
sub-1993,ses-wave2,1.6455232068923134,1.4639472546565089,1.5325931378062423,1.5038639872101869,1.8170880100667297,1.728034811736086
sub-1993,ses-wave3,1.837602784266026,1.6255322611036602,1.4533086314356387,1.6423536987429856,1.8866452723333524,1.7397558144939735
sub-503,ses-wave1,1.948770749576274,1.8257682463279301,1.6863500770212148,1.7723977478095811,2.0216337452759654,1.867056212398432
sub-503,ses-wave2,1.8307990328940993,1.6135334723772319,1.518107469235364,1.5414626933223685,1.8533759111282886,1.6562615587186371
sub-503,ses-wave3,1.827171671288597,1.647635336916597,1.5311727674341404,1.6183925633922622,1.8430022334895573,1.7028665358172645
sub-4240,ses-wave1,1.4423996246380664,1.3993252922570365,1.237835450374262,1.4433409605070537,1.5845087114015395,1.4059793361620452
sub-4240,ses-wave2,1.4129116458958952,1.3909836044126727,1.1403311951273132,1.4260815459339118,1.6130684740035228,1.3934010470115095
sub-1356,ses-wave1,1.5644754769450726,1.5747457261349012,1.3965979445154875,1.6293401888962658,1.736936364962117,1.6066943893935344
sub-1356,ses-wave2,1.631442753016573,1.4984779990021606,1.312351267383328,1.5387187916781127,1.7540248297432883,1.539469683116765
sub-1356,ses-wave3,1.5999225083521758,1.5238138862142625,1.1587315450403755,1.5331541124848478,1.7889780827330672,1.542677518565052
sub-4876,ses-wave1,1.757297710375858,1.6628851850656405,1.5997869167540537,1.6623842403452433,1.7942533208806082,1.6968987100588735
sub-4876,ses-wave2,1.6301787397279837,1.5152678629059868,1.4542547897048992,1.5724875663931106,1.7394802326753536,1.611389301427692
sub-4876,ses-wave3,1.6142899432311637,1.503946112993904,1.5458211945837996,1.5206613805612705,1.7126915047413807,1.576279727897087
sub-3406,ses-wave1,1.4356087464881928,1.331720778245083,1.1851087945831889,1.3790794128591122,1.5291675257579311,1.3638112201168213
sub-194,ses-wave1,1.785505787929726,1.6514693037960462,1.4807851005360155,1.6276565055442052,1.8946689694325078,1.6448465590773773
sub-194,ses-wave2,2.0050417011123356,1.7503679311367468,1.7335492435024025,1.7899117329746939,2.1222684438826933,1.8220416969412216
sub-3660,ses-wave1,1.5763583816085787,1.5307612481261736,1.301603035087982,1.5546457896075343,1.700922568012284,1.6124800346803205
sub-3660,ses-wave2,1.4789763441465915,1.373292689483044,1.1435310232795861,1.3816672226464375,1.6506026058514207,1.445962110836563
sub-3660,ses-wave3,1.3881529351859114,1.3438785908007227,1.3343062478400742,1.3915126511385882,1.5268212508064196,1.45595255023887
sub-1108,ses-wave1,1.428006617053823,1.4136801437513764,1.3730155869871976,1.4456546911772352,1.596363163604876,1.5282292072048
sub-3693,ses-wave1,1.4634241433531285,1.3927196512120803,1.2314432416006407,1.3737954848960876,1.6266159545965517,1.4241698247595824
sub-3693,ses-wave2,1.4104938938787832,1.3387176910106424,1.1814198014653252,1.295133239080994,1.7085076815787914,1.3465245459270605
sub-557,ses-wave1,1.5977384096134168,1.550404553446213,1.4926195079259752,1.5657754173201948,1.7496478955180659,1.5674969671767558
sub-557,ses-wave2,1.615990198074401,1.500898002478053,1.3876100697189697,1.490224728485562,1.7934564208875394,1.4573423958795748
sub-557,ses-wave3,1.505864123412612,1.4034886287294972,1.42288675880538,1.4416120999771258,1.6896351489519823,1.4739312039663743
sub-4684,ses-wave1,1.393791063648408,1.3431600987362633,1.2095622863841722,1.3774481055852557,1.5818629470937888,1.3898587451014857
sub-4684,ses-wave2,1.3489950979786165,1.3041760928966526,1.116611107582171,1.3140981145609711,1.5076268532158363,1.3217104277892135
sub-133,ses-wave1,1.457194997477023,1.4388934388354553,1.3767248187398513,1.3564815807274853,1.7552319915448906,1.4614825527636643
sub-133,ses-wave2,1.8951819701368966,1.6376133199485658,1.5633916682608615,1.5558490302712982,2.0254647870568694,1.6801744974868689
sub-2117,ses-wave1,1.3020648012766773,1.3308373939702764,1.1967318049478428,1.3480505829869274,1.5822204420817196,1.3433907136203334
sub-2117,ses-wave2,1.4379903263014118,1.3708574275848049,1.2562127819085211,1.4522864685919892,1.6093633937587417,1.4523802343764722
sub-2117,ses-wave3,1.262921561417449,1.2274663424465564,1.1150187572440158,1.226485452512959,1.5200654364295083,1.264389177479355
sub-3658,ses-wave1,1.6624571018920433,1.507969540386688,1.4408548692957335,1.5112998423554547,1.796262888417143,1.7014892500971057
sub-3658,ses-wave2,1.4635845975368473,1.3865518140288062,1.2962553910258365,1.458608378725615,1.6941702873881836,1.5945304418729598
sub-3658,ses-wave3,1.6187946818994379,1.487898912350536,1.519524902681621,1.4681404432760208,1.6862809714815905,1.5952123000583067
sub-1933,ses-wave1,1.3190698816867958,1.2548738924311076,1.2562771174204617,1.3689013845205982,1.5521591917477096,1.444506852432581
sub-1759,ses-wave1,1.6057439667093112,1.4201665368565273,1.513779757675021,1.3895830833109415,1.8128597312496635,1.6150514104716502
sub-1759,ses-wave2,1.3165659830818122,1.2268225903969237,1.1600548014717957,1.2043177161393817,1.6275543257523855,1.2921656512323842
sub-1759,ses-wave3,1.6619697598587042,1.4880148470584593,1.4191772306422759,1.5136030239287335,1.7915731361334153,1.5821813489228571
sub-595,ses-wave1,1.6786701441276861,1.436585314973984,1.4653816298828686,1.4907280518397088,1.7664602392383546,1.6199187270911917
sub-595,ses-wave2,1.6328612269548395,1.4447932124516125,1.363375422128433,1.4994324343505383,1.722334891922988,1.5587051628235413
sub-595,ses-wave3,1.67332407735196,1.5300231483593834,1.362262395783274,1.5110050313469094,1.7549738790229377,1.5680568710933969
sub-2748,ses-wave1,1.5175223280051475,1.4334851380945506,1.25857756305625,1.4578675480025787,1.6203934188125828,1.4737571839477397
sub-2748,ses-wave2,1.2919145397428635,1.3168745634526249,1.0076150262983437,1.370690873707012,1.487783317722054,1.3764454568796611
sub-4679,ses-wave1,1.6045951480760763,1.2668841022420891,1.2267386397477424,1.1830739805096013,1.895529170202593,1.4301830121186079
sub-4679,ses-wave2,1.4509971947777747,1.34996662950571,1.196413207000476,1.2933441365208527,1.6098058578680174,1.3912339747648135
sub-4679,ses-wave3,1.7140401109287966,1.547098797182024,1.4475891509690424,1.4856776903959417,1.8009739416048034,1.6758168298933962
sub-1139,ses-wave1,1.595023533167976,1.4597029756228388,1.4256259762460397,1.451416821547237,1.6912305415874331,1.4962397956307774
sub-1139,ses-wave2,1.3800002673120328,1.3165645316546217,1.315138102779045,1.3595552826739956,1.5115635123649676,1.371089033458083
sub-1139,ses-wave3,1.361635561197275,1.3191021830516227,1.276137580359924,1.3152874315197025,1.4636070280704165,1.3444899453809158
sub-4641,ses-wave1,1.5346791295059865,1.3622328033059425,1.3987982169176445,1.4489980052351776,1.656234231976981,1.5999038333908713
sub-4641,ses-wave2,1.4015550463328013,1.2476892593011897,1.181255916667233,1.253331969538106,1.491804201915429,1.3454662692014066
sub-4641,ses-wave3,1.5030225223656704,1.4058377812701852,1.262845958535678,1.4421518727639078,1.6521513570372757,1.5101487644642941
sub-754,ses-wave1,1.569855472347438,1.3814655635882422,1.3966117276493182,1.3898174038466182,1.5793883264519215,1.505724612086311
sub-754,ses-wave2,1.4739821822142185,1.3543046229429203,1.2311277441246393,1.3828185098252004,1.6147960765577165,1.4624673541951907
sub-1591,ses-wave1,1.3207208848111183,1.2240286956992223,1.0612059045248192,1.2502702540314456,1.3780632723515138,1.2788721201665068
sub-1591,ses-wave2,1.2619167108257123,1.193754805056992,0.9974082384545842,1.213591333174835,1.3250576571979062,1.2209270805541919
sub-1591,ses-wave3,1.1774113519725775,1.1490585460118306,1.030072430217703,1.1799905983104577,1.3062499176436744,1.1979550757397817
sub-2126,ses-wave1,1.393717470215812,1.3678962777446273,1.1971457704546875,1.3483772833038772,1.5462783580683443,1.3974436214885093
sub-1196,ses-wave1,1.626413222936102,1.5608869558978216,1.436163077823963,1.7412485112290161,1.756200025894104,1.7644652940350136
sub-159,ses-wave1,1.4444529002958788,1.3383639046112785,1.2763570698074607,1.3754272728657375,1.6834255242750769,1.395680591605071
sub-159,ses-wave2,1.3089862719629877,1.2560528571529606,1.1924773304986855,1.2735543310460744,1.6703555603674172,1.3099418727282912
sub-965,ses-wave1,1.911110179593628,1.6507596580496673,1.7888401516770553,1.6394602010348573,1.9580450229743627,1.854377416792607
sub-192,ses-wave1,1.5339486067089725,1.4845153547695427,1.4628234913562936,1.5061040746972432,1.812186198130927,1.6014955734197764
sub-192,ses-wave2,1.649571445177299,1.6174606192227787,1.6814641577669378,1.6561631091877105,1.884763230384678,1.7369230440435444
sub-192,ses-wave3,1.7121143834637105,1.6315750786726742,1.5527344251623778,1.6254517055662459,1.8782048198538286,1.6507698566771736
sub-1165,ses-wave1,1.7764365474483614,1.5864117060673746,1.5344741901480647,1.666807147222075,1.8196277250982336,1.6574785583615625
sub-953,ses-wave1,1.5293979065784615,1.5175889486436351,1.4069132958555173,1.556153017105772,1.6289163400391662,1.6127089518676228
sub-953,ses-wave2,1.5479251918166206,1.4707637747709397,1.287306288529624,1.5449273068971143,1.6733251505068196,1.5729097691175513
sub-1153,ses-wave1,1.4664021110574623,1.3803082262723136,1.244046079642465,1.3178528972429802,1.7196638374295188,1.3845155386933414
sub-1153,ses-wave2,1.5420876778568913,1.5111344350127522,1.4016075420505067,1.509516344881244,1.786816284131557,1.5796057342019072
sub-1153,ses-wave3,1.6404827819318268,1.5412949841108987,1.3267102759869212,1.5831389212361988,1.7882016531271394,1.6135915643906666
sub-4613,ses-wave1,1.2476970923395512,1.2565119057587473,1.093280011252996,1.281702268646772,1.4667339802312314,1.2782808721767314
sub-4613,ses-wave2,1.3097422539743007,1.2829480854835087,1.1121930930744899,1.286579307013951,1.4162323928960885,1.2989686222661163
sub-998,ses-wave1,1.539018995657472,1.4433210428555687,1.329347131150692,1.465241229509556,1.636655299554222,1.4557581027598194
sub-998,ses-wave2,1.4931638728476848,1.4178037940604482,1.3778285017017051,1.4722910498543416,1.5928808754010584,1.4672523150465888
sub-4841,ses-wave1,1.5492546360033819,1.5314328555726975,1.3592314959707479,1.5024209581212147,1.691252291561241,1.494185045371054
sub-4841,ses-wave2,1.4962403501293893,1.431902038942775,1.3340799244732264,1.41766223666564,1.5881800618261301,1.4162893888041594
sub-1154,ses-wave1,1.7450795221378608,1.634649124666951,1.6355392334038115,1.6173473582528355,1.8039306807667925,1.678645110380701
sub-567,ses-wave1,1.842978364588431,1.6157070024753457,1.623510277048708,1.653014124374113,1.8493413877674836,1.7677514405061618
sub-567,ses-wave2,1.8279338654203388,1.4823693524591794,1.712587312360069,1.5054361610624674,1.9519217520939045,1.8105461793714654
sub-2543,ses-wave1,1.3566533814312702,1.3269003117907539,1.3544321545796452,1.3346464464982506,1.46762018952459,1.3429329248611648
sub-103,ses-wave1,1.70781131221656,1.5253466610021529,1.6090823482809102,1.512606026563221,1.796831099477585,1.6773078172735794
sub-103,ses-wave2,1.9289370884682766,1.648876368368723,1.681945664089037,1.6319035573951033,2.0102478757115407,1.8304290266738945
sub-103,ses-wave3,1.706727539225101,1.5876295500654263,1.514775205502699,1.6046714271474178,1.8248404097298603,1.7018043976243922
sub-2127,ses-wave1,1.680252703975479,1.5921468005747388,1.5031262733057198,1.6713472679067163,1.872989581393421,1.7357472997149257
sub-2127,ses-wave2,1.2861535996555933,1.27574197375129,1.2550426672440593,1.343644127150959,1.590294092191035,1.3494125485506354
sub-3462,ses-wave1,1.5820939929276006,1.4530229903116623,1.273592432234103,1.4815179256678292,1.6994296399619337,1.5446291158563867
sub-1751,ses-wave1,1.4683214549655248,1.3568226194067219,1.2124490869225952,1.392870275607275,1.5993373770954,1.428511169523452
