cohort,fa_min,variant,measure,value,n
hcpa,0.15,classic,age,-0.4708606343272959,1706
hcpa,0.15,classic,icc,0.9586369844547151,628
hcpa,0.15,classic,attainment,0.9026110269376217,1706
hcpa,0.15,classic,beyond,0.10441020652714994,1706
hcpa,0.15,cross,age,-0.47975945528232283,1706
hcpa,0.15,cross,icc,0.9522427430573545,628
hcpa,0.15,cross,attainment,0.9179806578100336,1706
hcpa,0.15,cross,beyond,0.040919361538616826,1706
hcpa,0.15,v2_slab,age,-0.5584346251108704,1706
hcpa,0.15,v2_slab,icc,0.9558288885982854,628
hcpa,0.15,v2_slab,attainment,0.9483784005249625,1706
hcpa,0.15,v2_slab,beyond,-0.030786175915084802,1706
hcpa,0.15,anat_x,age,-0.5427014069668472,1706
hcpa,0.15,anat_x,icc,0.9566719137991436,628
hcpa,0.15,anat_x,attainment,0.9462532719737912,1706
hcpa,0.15,anat_x,beyond,0.00026538216573398577,1706
hcpa,0.15,pv_perp,age,-0.5864418460652306,1706
hcpa,0.15,pv_perp,icc,0.9517262615050809,628
hcpa,0.2,classic,age,-0.4647179988544862,1706
hcpa,0.2,classic,icc,0.958441892971994,628
hcpa,0.2,classic,attainment,0.9019452712622158,1706
hcpa,0.2,classic,beyond,0.09962338678470486,1706
hcpa,0.2,cross,age,-0.4737392979539032,1706
hcpa,0.2,cross,icc,0.9518109899316903,628
hcpa,0.2,cross,attainment,0.9184101557642983,1706
hcpa,0.2,cross,beyond,0.036251076836150156,1706
hcpa,0.2,v2_slab,age,-0.5547955446341946,1706
hcpa,0.2,v2_slab,icc,0.9558162445039166,628
hcpa,0.2,v2_slab,attainment,0.9481113380143177,1706
hcpa,0.2,v2_slab,beyond,-0.041207713147831886,1706
hcpa,0.2,anat_x,age,-0.5382489049308035,1706
hcpa,0.2,anat_x,icc,0.9565098578954279,628
hcpa,0.2,anat_x,attainment,0.9461133335753181,1706
hcpa,0.2,anat_x,beyond,-0.007606625751246394,1706
hcpa,0.2,pv_perp,age,-0.580933034395016,1706
hcpa,0.2,pv_perp,icc,0.9517165403215129,628
hcpa,0.25,classic,age,-0.45617308888990926,1706
hcpa,0.25,classic,icc,0.9585529019891396,628
hcpa,0.25,classic,attainment,0.9012533992254574,1706
hcpa,0.25,classic,beyond,0.10032319962222012,1706
hcpa,0.25,cross,age,-0.4655300009307439,1706
hcpa,0.25,cross,icc,0.9519994247738963,628
hcpa,0.25,cross,attainment,0.9178617514157561,1706
hcpa,0.25,cross,beyond,0.03734031181647569,1706
hcpa,0.25,v2_slab,age,-0.5484721622457366,1706
hcpa,0.25,v2_slab,icc,0.9559823485193276,628
hcpa,0.25,v2_slab,attainment,0.9484151134477281,1706
hcpa,0.25,v2_slab,beyond,-0.04340879116869545,1706
hcpa,0.25,anat_x,age,-0.53159648265954,1706
hcpa,0.25,anat_x,icc,0.9565702637053578,628
hcpa,0.25,anat_x,attainment,0.9460007917164271,1706
hcpa,0.25,anat_x,beyond,-0.008985566681898852,1706
hcpa,0.25,pv_perp,age,-0.5750122015145318,1706
hcpa,0.25,pv_perp,icc,0.9515578045553421,628
dlbs,0.15,classic,age,-0.45616336779892713,507
dlbs,0.15,classic,icc,0.5836176198356144,156
dlbs,0.15,classic,attainment,0.8122575987430728,507
dlbs,0.15,classic,beyond,-0.21230746117908,507
dlbs,0.15,cross,age,-0.41136937888230357,507
dlbs,0.15,cross,icc,0.45552618938495654,156
dlbs,0.15,cross,attainment,0.8701189612584479,507
dlbs,0.15,cross,beyond,-0.17131184649197242,507
dlbs,0.15,v2_slab,age,-0.4349376491773078,507
dlbs,0.15,v2_slab,icc,0.4928670986864162,156
dlbs,0.15,v2_slab,attainment,0.9191271785954892,507
dlbs,0.15,v2_slab,beyond,-0.0028179824890857534,507
dlbs,0.15,anat_x,age,-0.41788428015215795,507
dlbs,0.15,anat_x,icc,0.5113685620142677,156
dlbs,0.15,anat_x,attainment,0.8985914348790803,507
dlbs,0.15,anat_x,beyond,-0.13998419775629517,507
dlbs,0.15,pv_perp,age,-0.4792473874981435,507
dlbs,0.15,pv_perp,icc,0.5310803391911466,156
dlbs,0.2,classic,age,-0.45005779732529433,507
dlbs,0.2,classic,icc,0.5866964798226273,156
dlbs,0.2,classic,attainment,0.8116009247466578,507
dlbs,0.2,classic,beyond,-0.21697231497183136,507
dlbs,0.2,cross,age,-0.40049767615446497,507
dlbs,0.2,cross,icc,0.45535940061188973,156
dlbs,0.2,cross,attainment,0.8706380894437133,507
dlbs,0.2,cross,beyond,-0.1674157572725313,507
dlbs,0.2,v2_slab,age,-0.42683138522625935,507
dlbs,0.2,v2_slab,icc,0.49328743563551686,156
dlbs,0.2,v2_slab,attainment,0.9196222300269153,507
dlbs,0.2,v2_slab,beyond,-0.02281738997954888,507
dlbs,0.2,anat_x,age,-0.4083393438002925,507
dlbs,0.2,anat_x,icc,0.5108302336767719,156
dlbs,0.2,anat_x,attainment,0.90053815708454,507
dlbs,0.2,anat_x,beyond,-0.13935749698738442,507
dlbs,0.2,pv_perp,age,-0.464145901787429,507
dlbs,0.2,pv_perp,icc,0.5239466300253237,156
dlbs,0.25,classic,age,-0.44158271832003504,507
dlbs,0.25,classic,icc,0.587831777583067,156
dlbs,0.25,classic,attainment,0.8109249726314411,507
dlbs,0.25,classic,beyond,-0.22537812242668076,507
dlbs,0.25,cross,age,-0.3901506403161129,507
dlbs,0.25,cross,icc,0.46117116107154243,156
dlbs,0.25,cross,attainment,0.8714342163478817,507
dlbs,0.25,cross,beyond,-0.17437707714285838,507
dlbs,0.25,v2_slab,age,-0.4126048452481419,507
dlbs,0.25,v2_slab,icc,0.48128848471865465,156
dlbs,0.25,v2_slab,attainment,0.919878717915467,507
dlbs,0.25,v2_slab,beyond,-0.028305804908225204,507
dlbs,0.25,anat_x,age,-0.3978757568412123,507
dlbs,0.25,anat_x,icc,0.5174495216551095,156
dlbs,0.25,anat_x,attainment,0.901675680405358,507
dlbs,0.25,anat_x,beyond,-0.1482584108515682,507
dlbs,0.25,pv_perp,age,-0.4480904975537488,507
dlbs,0.25,pv_perp,icc,0.5079239689990863,156
