Subject_ID,Visit,pitch,roll,yaw,total
sub-101,ses-wave1,-12.266344526806385,0.06446218094679822,0.5033796548826294,12.277080962577326
sub-1013,ses-wave1,-5.199760580446908,-0.0855515529949247,-0.3798546352879074,5.214591433862706
sub-1013,ses-wave2,-3.0711300752938087,0.17107484067043954,0.08071038439216263,3.0770687733333104
sub-1013,ses-wave3,-5.268545581660551,0.27757829863677724,0.7993126993127464,5.337922736769285
sub-1022,ses-wave1,-13.175488216454509,0.39989809608622734,0.08737096378399949,13.182121886181163
sub-1022,ses-wave2,-10.868764845644094,1.2718321020825445,0.3775097549621754,10.953351599959868
sub-1022,ses-wave3,-8.639914808499636,0.40540493545319717,-0.39634038556749884,8.657062278311093
sub-1023,ses-wave1,-13.351746720992628,0.4736231326175183,0.009994673338790061,13.360151416896889
sub-1023,ses-wave2,-8.482590528413217,-1.0812264575171069,0.9236410250227509,8.59214372989717
sub-1023,ses-wave3,-15.775744968788024,1.4975362388039293,-0.7055293089307936,15.852641502690304
sub-1084,ses-wave1,-5.474712886603458,-0.354945888547807,-1.1074634385828095,5.600131280481484
sub-1169,ses-wave1,-10.502015190753037,-0.933454258328287,-0.37310811944013117,10.552908293137532
sub-1169,ses-wave2,-12.798213387535837,1.6695543519359768,0.2885345356422568,12.913581269318815
sub-1220,ses-wave1,-17.508617624855756,0.7044026901484738,1.3028654786931504,17.57864218740773
sub-1220,ses-wave2,-13.660974010853511,0.08946634401239897,1.399844290496459,13.733546860375325
sub-1220,ses-wave3,-9.63534901525041,0.6937432802669812,-1.2051202186956176,9.727711554569977
sub-1226,ses-wave1,-13.518526579879351,0.7809437819853854,-0.3928151215496552,13.543958347490758
sub-1226,ses-wave2,-15.341209801604752,0.7429205214142367,0.2915104236465513,15.363717125375778
sub-1226,ses-wave3,-14.102335489279877,0.8436874262695349,0.10756377738667347,14.128620789297692
sub-1245,ses-wave1,-7.120954087147706,1.7298084250040875,-1.4612477134012327,7.450809054851621
sub-1245,ses-wave2,-10.952483245851267,1.0152200172700445,-2.033610266995069,11.167480825095197
sub-1245,ses-wave3,-8.02872553311031,1.7717166934407536,-2.9255983376667545,8.684030426973681
sub-1272,ses-wave1,-5.851068388066749,-1.8955257154110652,0.4291941074538139,6.158396441879716
sub-1272,ses-wave2,-10.92071615083102,0.7068760796975666,-0.38849242719339583,10.94798274463871
sub-139,ses-wave1,-8.041253820043666,1.1216175419130725,0.2962292743714554,8.12723563609755
sub-139,ses-wave2,-8.919698223681621,0.4626030537117676,-0.13811949883645377,8.932170899607048
sub-139,ses-wave3,-11.694919211697169,-0.7328107075431867,1.5664207606307876,11.811735512484335
sub-1476,ses-wave1,-14.96353796355534,0.16979256039828464,0.7218892833489138,14.982866994301983
sub-1476,ses-wave2,-15.452325623561334,-0.17471221852074934,1.5580787627603265,15.528817298399238
sub-1476,ses-wave3,-18.765046249180877,0.9050787157050016,1.3597324313731605,18.846064015313843
sub-1484,ses-wave1,-8.131847281183626,0.24565299984672664,-0.40658240494418524,8.144816770396538
sub-1484,ses-wave2,-10.460410901404586,1.6290414046397548,-2.4985770415705773,10.841983720134625
sub-155,ses-wave1,-4.379308068956486,0.2717555877852324,0.7457348258097488,4.4523581084508725
sub-1617,ses-wave1,-6.363792281675419,0.44607423519573497,-0.8092412295955139,6.427342422185031
sub-1626,ses-wave1,-3.2971761946675096,-1.3815267793560493,2.2685317650225896,4.212324083485835
sub-1626,ses-wave2,-4.22614611794648,-0.7035381609250786,1.9366715696875405,4.690789026937745
sub-163,ses-wave1,-3.715681169244627,0.021493458062214695,0.19139403851344763,3.7207034247521324
sub-163,ses-wave2,-5.815842894160652,-0.001364790195583909,0.013470556160843293,5.815858480442552
sub-163,ses-wave3,-6.505791587967069,-0.621864489192754,1.2363104101528573,6.644631867633434
sub-1796,ses-wave1,-10.522934449526511,2.288520615872645,0.21717639911768788,10.774648657338867
sub-1796,ses-wave2,-11.434093643782397,-0.5339643820981214,-0.7441714415693077,11.474053990729816
sub-1796,ses-wave3,-3.733622882626574,0.5973400183144805,1.045315042506369,3.9280535360798723
sub-1844,ses-wave1,-6.707944437849797,-0.12569893431390133,1.1092904200790454,6.79890395467722
sub-1844,ses-wave2,-5.52491151946311,-1.9932335004390382,1.415226844717793,6.018608655016807
sub-1844,ses-wave3,-7.730351976367149,-1.2892731139032454,1.0302419488447525,7.892944855072056
sub-1874,ses-wave1,-4.86828723454396,-0.588927861926353,0.22858050145424058,4.907914725955415
sub-1875,ses-wave1,-10.05677615215675,-1.3441322692278883,0.4250987966768451,10.14991337019964
sub-1875,ses-wave2,-12.202967673134369,-1.3169502024546915,1.915615288168053,12.399937612396743
sub-1875,ses-wave3,-11.092128483618044,0.11517946448030382,0.42283013855632906,11.10117984601244
sub-1886,ses-wave1,-16.05833259385284,-1.005572439008192,-0.4497240665718828,16.099759676733914
sub-2034,ses-wave1,-15.357197349405146,1.984943844207175,0.9212589771193329,15.527188485589743
sub-2035,ses-wave1,-17.412359690783596,0.4260743158678492,0.7734329413053528,17.43743509979228
sub-2035,ses-wave2,-10.140646377617212,2.061887016515413,0.934298328763824,10.405982681257846
sub-2058,ses-wave1,-7.641661702343628,0.7790965475068898,-1.0451472386378404,7.744880905850239
sub-2067,ses-wave1,-10.356371084570867,1.0473657241375278,1.2898140395473174,10.500077681916531
sub-2068,ses-wave1,-13.49338845746014,1.2780091264350453,-0.5805692394242233,13.559426000885203
sub-2068,ses-wave2,-4.826927801833131,2.4016543988171155,-2.244690811142612,5.800389422158066
sub-2068,ses-wave3,-19.28786446201385,2.0218612496798167,-1.8331047535999596,19.446116098983264
sub-2093,ses-wave1,-13.956568637882961,-0.4841890355115516,0.2815709246645939,13.966558878205026
sub-2093,ses-wave2,-13.49873144144174,0.8531729493000884,0.7837114960969876,13.553935353718646
sub-2093,ses-wave3,-16.530504493262526,1.4238917698325333,0.6972706647178584,16.614457359147167
sub-2095,ses-wave1,-11.351969431344013,-0.7858215637115452,2.02605025880584,11.543770556397734
sub-2095,ses-wave2,-11.685012589701286,-2.5520342057744396,1.7093795638194191,12.043732774494371
sub-2095,ses-wave3,-13.25315243469536,-0.627966120737499,1.1620737414825737,13.312182725625009
sub-213,ses-wave1,-17.420766774816045,1.536286473642109,0.10559757272514672,17.489581755327368
sub-213,ses-wave2,-11.065040639445387,0.812538970811558,0.9438924824294039,11.141344287556494
sub-213,ses-wave3,-17.814325945177103,0.4761808925329575,1.785291362669977,17.91650009020562
sub-215,ses-wave1,-11.022220780184622,0.08769063243042748,0.0028673570979484623,11.022571088985712
sub-215,ses-wave3,-8.749390860021512,0.7473580578778777,0.6011524292997559,8.805599485743118
sub-2206,ses-wave1,-16.408223501705663,0.02576886701125971,1.5349903706713601,16.479740766591277
sub-2206,ses-wave2,-7.212702739015862,0.7162724327168217,-1.2108312538685682,7.341009972518369
sub-2206,ses-wave3,-12.321353436472917,-0.8346240652325864,2.3492083025759625,12.553302878590722
sub-2231,ses-wave1,-16.000347907776508,-0.43880362474872575,1.134568648084388,16.041890863181006
sub-224,ses-wave1,-13.571035109034193,0.36004929634989236,0.6681656718729698,13.594239933515906
sub-2852,ses-wave1,-14.214661017784426,1.5091702496668724,-0.7162925795101022,14.302612000581357
sub-3003,ses-wave1,-10.011578347050074,-0.07071091366493158,-0.6611418334409596,10.033984896049274
sub-3005,ses-wave1,-4.144286503101304,-2.2371220605711426,0.0702656990151426,4.708631223257157
sub-3005,ses-wave2,-3.7972063916338215,-2.6258475289559606,0.01292826508635895,4.616193761718014
sub-3066,ses-wave1,-4.788077940892088,0.11087167406553869,-0.44144304472870854,4.809224898200068
sub-3066,ses-wave2,-4.825281916441618,-3.044444857534584,1.9534539435703395,5.988195672543443
sub-3066,ses-wave3,-6.576227760858916,-0.7850462124006506,1.2811063819937845,6.7369402528784335
sub-3146,ses-wave1,-16.761349909811653,1.2855568872271728,0.7434320247523813,16.834845223418565
sub-3146,ses-wave2,-14.421476141382792,1.9722683417777884,-0.8683157245975316,14.565957549270864
sub-3146,ses-wave3,-15.192810805534622,0.4527306987214557,-1.0507971271166185,15.231441437039727
sub-3182,ses-wave1,-8.676257680210055,0.9835889437781373,0.355168699345155,8.741958934667588
sub-3182,ses-wave2,-15.250991908714168,1.3861353942950416,-0.3435221050288957,15.313174896434093
sub-3319,ses-wave1,-19.320587018172194,1.8705449972307413,-0.3061160297534276,19.407486326966396
sub-3319,ses-wave2,-21.83607230936336,0.21203155338217733,-0.07980770737817373,21.837085627729646
sub-3319,ses-wave3,-12.00360890817738,-0.0005131192219985612,0.020516314765499893,12.003626296073639
sub-3328,ses-wave1,-12.001971811888684,1.8092867039948828,1.3280348694730273,12.22985150824545
sub-3328,ses-wave2,-17.932151198805943,1.9131344081656279,0.1466059577068736,18.03611105151026
sub-3328,ses-wave3,-11.871592267430056,0.04801330749459394,0.9538203339245215,11.910205912900487
sub-3344,ses-wave1,-10.753541365670065,0.5157842675151976,1.1308907393305268,10.829982847358135
sub-335,ses-wave1,-10.974890962170296,0.3560401944768909,-0.869454747235075,11.012218170702361
sub-335,ses-wave2,-10.859290599732715,0.4341722667675281,0.6207383463982359,10.88794623584415
sub-335,ses-wave3,-13.840804413948558,1.8636765744125148,-1.2336345183554511,13.999399187950374
sub-3571,ses-wave1,-10.014872562434395,0.26008413522054397,0.1820101699758613,10.020302463813568
sub-3571,ses-wave3,-12.307575297661556,-0.5214066710025878,0.8786125383365467,12.345760650445206
sub-360,ses-wave1,-10.403704524256732,-0.19694323830880114,0.5459547877461747,10.418899703044232
sub-360,ses-wave2,-10.039073916009276,0.4119085597006064,0.02267063755127801,10.047606097689254
sub-360,ses-wave3,-14.045524596943551,0.34955086710607386,1.3949418214012501,14.122817289370019
sub-3608,ses-wave1,-17.10722248782646,-0.03426380775735249,1.4774372358149348,17.170023060470488
sub-3608,ses-wave2,-20.822033056476272,-0.4209959482965158,1.6193852737708423,20.882482047172573
sub-3608,ses-wave3,-10.59760731781393,-0.5674363812729725,1.4010677831943898,10.697694753784033
sub-3639,ses-wave1,-13.381587243969403,1.4586661351910002,-0.2754633541942257,13.459813917522927
sub-3639,ses-wave2,-14.798006205596412,-0.12918998914741034,0.7115417701400532,14.814766863365119
sub-3727,ses-wave1,-10.85864076870953,1.9233453926208819,-0.7254436570928448,11.038952364763508
sub-3727,ses-wave2,-11.742960136090376,2.7351114651596666,-0.5431535249093188,12.055753522395403
sub-3744,ses-wave1,-16.54005134740042,1.371045825187134,-1.1254263134936198,16.620838611935685
sub-3744,ses-wave2,-18.793088068141767,1.6076989125974976,0.2038891642326699,18.86505635313926
sub-3744,ses-wave3,-9.945547444719676,-0.06352273317481891,0.07235583111886162,9.945972218058726
sub-3898,ses-wave1,-6.938474631444607,0.8218042452088082,1.0593806790994167,7.0741284043134325
sub-3898,ses-wave2,-23.37960631352935,-0.016400423440267372,0.2491420846188657,23.380885299709583
sub-3911,ses-wave1,-9.217753829709855,0.5062926098258581,0.24765095825658412,9.236023754391617
sub-3911,ses-wave2,-13.577379429539608,0.6395702084980561,0.46540684275911626,13.602885339968848
sub-3911,ses-wave3,-12.28081675908017,4.895737514613013,-0.19469705720439,13.210915751130837
sub-4104,ses-wave1,-4.416578177975601,0.0235416930065412,-0.11139155589423769,4.418021789503955
sub-4104,ses-wave2,-16.423324771058553,1.4412873578150764,0.24537841065289784,16.49090146969521
sub-4169,ses-wave1,-11.651460981536147,0.33143106394484,-1.7287718116256523,11.778277933309111
sub-4169,ses-wave2,-22.121679074977248,0.6451877478463628,-1.040552077358841,22.149262195502097
sub-419,ses-wave1,-10.615842024791645,-0.019373261413232395,0.28597175790263324,10.619651378726559
sub-419,ses-wave2,-9.42909711047671,1.0739656572051035,0.6322458061234901,9.516786995230007
sub-4195,ses-wave1,-10.156115444868252,0.32796546996966863,1.1415762896006785,10.228396951262003
sub-4301,ses-wave1,-14.084076005566478,0.9855414651757102,0.29721754009379536,14.12400395618012
sub-4301,ses-wave2,-18.63791204701265,1.3919971682573484,0.8620994711880257,18.719489425060214
sub-4362,ses-wave1,-14.024239546313472,0.5833736948567029,0.389263688075038,14.043655871725978
sub-4398,ses-wave1,-12.228825511155353,0.21122369732555096,0.7586649460621014,12.255456206384379
sub-4556,ses-wave1,-4.059294478212598,-0.2265376868117659,0.20158404779749595,4.070203093018256
sub-4629,ses-wave1,-10.08078153444185,1.716057535270766,-0.28097547832002384,10.225131408024582
sub-4737,ses-wave1,-17.37164523912086,-0.512819867856823,-0.08026813407693588,17.379697888309746
sub-4737,ses-wave2,-17.651588826199056,0.41086479370567824,0.8248496896094246,17.678389440868283
sub-474,ses-wave1,-0.15471591365337162,1.0190109766813695,0.14248223759980821,1.0406788426813511
sub-4754,ses-wave1,-8.879765322535453,1.02277245417996,0.11548624470045413,8.940123982373704
sub-4791,ses-wave1,-9.741971920136468,0.3665181920079788,-1.1065607283232588,9.80778212105988
sub-4799,ses-wave1,-7.213655072125441,0.8396412553095566,1.0476594063268916,7.344913654824258
sub-4828,ses-wave1,-21.040693490335766,1.086521504377616,0.2914468209250817,21.073165037968995
sub-49,ses-wave1,-4.242451705278681,0.1563512383671326,2.041746299475836,4.71309758095898
sub-49,ses-wave2,-5.869371757597164,-0.6726702790968687,0.9900122301345878,5.9843671414762705
sub-509,ses-wave1,0.8038205020772593,-0.38361203143935446,1.1300418297139938,1.4409488793378231
sub-509,ses-wave2,-2.4698153151809588,-0.49773929251730864,1.089018050786414,2.7404556627307284
sub-509,ses-wave3,-6.365165583332835,-0.6038244667611776,0.1485537758736101,6.394657305172217
sub-562,ses-wave1,-3.914477244559174,-0.7355794915659913,3.0581384786766526,5.005872150506065
sub-562,ses-wave2,-12.782087602723017,-1.286666927019168,2.9648584068049435,13.150395333528706
sub-562,ses-wave3,-10.362441655784613,-0.06414774041308538,1.518815767532386,10.472210350663651
sub-591,ses-wave1,-2.412662394864657,-1.2097421808983513,-0.2517524347221224,2.713004199947428
sub-591,ses-wave2,-3.1316477036352035,-2.759721325059536,0.1461006416293503,4.173808944578403
sub-591,ses-wave3,-5.501141792480844,1.1324372870354338,-0.23363635810874994,5.618997166686713
sub-612,ses-wave1,-10.23176836366166,0.5252821651435913,0.6151032966407504,10.266416806258796
sub-612,ses-wave2,-3.5550492003392375,0.6548692496237147,1.6965311602778896,4.001660793824909
sub-615,ses-wave1,-13.028243256333813,0.25249674620510776,0.3026644580356572,13.034845216923705
sub-671,ses-wave1,-7.892981948657045,-0.8474498466784194,0.4705922628816554,7.948733442437385
sub-671,ses-wave2,-9.525358032857804,-0.7593020217125874,1.3772400083829681,9.645008821271524
sub-676,ses-wave1,-16.00302867295703,2.826511294352403,0.7975596218847242,16.287896172395946
sub-684,ses-wave1,-18.55860233596692,0.14520614585852934,-0.02981840830777551,18.55915137349917
sub-684,ses-wave2,-17.766146466417315,0.9815176506119163,1.1487700334112452,17.83957064320361
sub-684,ses-wave3,-18.92352956803268,2.6275518516824166,0.596211626018063,19.12617839682385
sub-812,ses-wave1,-12.253938998266372,1.5464898232361919,0.8803387629051775,12.39373608512564
sub-812,ses-wave2,-10.51157123891993,-0.349653062051619,1.9085386521816632,10.68292569175776
sub-812,ses-wave3,-10.112892435441687,0.6493284298665618,0.12023078348329819,10.135054162484979
sub-815,ses-wave1,-10.04738490328181,0.30510801444661734,-0.07961183155314601,10.052107135711356
sub-815,ses-wave2,-11.973653612305087,1.3570012192364977,-0.21091576542469684,12.04938318581336
sub-815,ses-wave3,-10.701023247493339,0.30477918115767144,-0.46653031341633244,10.714241894631765
sub-823,ses-wave1,-10.224187421608596,0.4311707471572538,0.09967280114897581,10.234109643219686
sub-823,ses-wave2,-10.442841846753803,1.4478053609714718,0.772805480836594,10.580300119818618
sub-823,ses-wave3,-10.83199594772301,4.1153490573232006,0.34333408799031545,11.601825499650992
sub-841,ses-wave1,-13.248190592431065,1.0792419179547095,0.46172290399636257,13.30419391612765
sub-841,ses-wave2,-11.32940360822857,-0.13213612587474705,1.3811022366296437,11.412183278905331
sub-841,ses-wave3,-10.318861241520054,-0.024399812403917018,0.954366598976539,10.362608242963145
sub-849,ses-wave1,-7.950938232859978,-0.35456338334721715,0.15775205401351858,7.959900502621751
sub-849,ses-wave2,-16.041581665801402,-0.028089802881650777,-1.9043861463076341,16.15397993409862
sub-849,ses-wave3,-4.5864392229071065,0.9580479984383231,-0.6062036227028554,4.719489236970861
sub-883,ses-wave1,-2.5100795510338463,-0.3122885689925313,-1.3449403050712825,2.8679223833412038
sub-883,ses-wave2,-6.935683414111834,0.7032361100094855,1.168909257145188,7.075437100153338
sub-884,ses-wave1,-3.779526183833424,1.6795721666325087,-0.35395042795717774,4.146175226210055
sub-884,ses-wave2,-5.991293566760371,0.9545658122289344,-0.24080647447447598,6.0695849186466795
sub-884,ses-wave3,-10.173174386298356,1.5919186862538357,0.07718865544570568,10.297998861837092
sub-934,ses-wave1,-13.46533084081738,0.17546732771628326,0.13092727532398551,13.467302760953537
sub-934,ses-wave2,-14.88317380318949,1.131230394677996,1.0506874637464758,14.972901479889853
sub-12,ses-wave1,-9.355652176182957,-2.253407518601927,2.1692636030522747,9.82299562676353
sub-12,ses-wave2,-8.57733268809467,-0.401485393914044,-0.06814074403308562,8.587214646009615
sub-12,ses-wave3,-9.185999819037395,-2.9502798395106447,1.1535062426777103,9.687616230299408
sub-4288,ses-wave1,-10.66059899331945,0.6999987887024685,-0.2958521408701648,10.685770757458492
sub-4288,ses-wave2,-13.963230693233465,1.4687855762371405,1.9017775058864788,14.191470643205328
sub-164,ses-wave1,-12.351255243483036,2.173234099391334,-0.927777496032234,12.557102868767522
sub-164,ses-wave2,-14.6227251213193,1.1330599179435814,-0.16776133330687298,14.665620225089292
sub-3653,ses-wave1,-8.630730461472949,0.8967455883535462,0.354876962438626,8.687103878605337
sub-3653,ses-wave2,-6.770573058305116,-0.16214060525470758,3.343335960930496,7.547697481848274
sub-3653,ses-wave3,-6.488729825307548,0.9503153469659111,-1.7193221205326124,6.765615345229498
sub-1309,ses-wave1,-3.3414350643510153,0.15391185180828462,-1.3355796771933017,3.6000206502720014
sub-138,ses-wave1,-6.643134871723633,0.04188589390480353,0.9249197705390211,6.707607857695164
sub-138,ses-wave2,-6.031960651234804,-0.33509274664848304,1.4647476080389257,6.211968865734411
sub-138,ses-wave3,-4.878491597939597,0.6209127970028208,1.1579035399219286,5.058271796209692
sub-1797,ses-wave1,-9.430166865420345,-0.344490557036506,-0.5491738973275312,9.454020324238634
sub-1797,ses-wave2,-7.518941785446078,-0.3523739639066532,-1.1897680277022706,7.624106741188681
sub-760,ses-wave1,-2.142828998129387,0.1152000002777545,-0.08141828948949728,2.147385151220985
sub-935,ses-wave1,-20.716563522490205,-1.5294810617204988,1.7607790488115533,20.822640270787428
sub-935,ses-wave2,-11.321994890546652,0.6193291061289347,3.9806020348059956,12.035384843159964
sub-599,ses-wave1,-11.594072142238899,-0.4156165956703027,0.8314336595146673,11.628140410559054
sub-3457,ses-wave1,-6.6964998232812665,0.02582945275489614,1.1515393905120095,6.794982392440508
sub-3457,ses-wave2,-12.414867431869352,1.2055216575248038,0.5154274050990751,12.489026265079868
sub-3457,ses-wave3,-3.2149648484076803,1.9042081852972559,-0.5819724737172985,3.7732539614078413
sub-2743,ses-wave1,-8.954206730467423,-1.117984837692255,0.9942952047771136,9.0685180600221
sub-2743,ses-wave2,-17.13317380718779,-1.4630439294318396,-0.07538282349919395,17.196185261861153
sub-2327,ses-wave1,-10.767097521928768,-0.8482688258076138,1.1983023789456502,10.857646424610152
sub-1159,ses-wave1,-4.058630268538796,-0.7792026431109998,1.1028107428339389,4.270149416288203
sub-961,ses-wave1,-12.26894770813099,-0.06827978926709524,0.12235497722470215,12.269671825499833
sub-961,ses-wave2,-14.377263180529956,0.4227246405194399,0.20301022361089982,14.385617287761724
sub-3863,ses-wave1,-2.1141057600595614,0.030522308835567582,-0.023318662300490744,2.114448416685076
sub-3863,ses-wave2,-14.112135599399977,-1.2520639610465154,3.0705265924164915,14.46185472648294
sub-3863,ses-wave3,-5.868191910439968,-0.726634945414124,1.1148203787356123,6.010155386360734
sub-162,ses-wave1,-9.353599568584455,0.4514651066351366,0.07049118094195238,9.365006463253243
sub-162,ses-wave2,-9.993534368226337,0.3195553194154106,0.33554187679638864,10.00517817390127
sub-162,ses-wave3,-12.932413415778493,0.17866045533875285,0.4964096387195315,12.943897950613346
sub-1195,ses-wave1,-13.542006087465262,0.5687627048843326,-1.1344392150769274,13.595453535886246
sub-4245,ses-wave1,-17.39553780701312,0.5296137543645766,0.6358050850570562,17.417991801424037
sub-196,ses-wave1,-11.589754099065138,0.5346150716828909,2.2172637843927734,11.821440899923155
sub-196,ses-wave2,-12.128918410361964,1.4747412261779846,1.2127007327370045,12.293130285509129
sub-196,ses-wave3,-13.672715146800956,-0.0066979969331761565,0.5241658717976417,13.682682160906323
sub-1168,ses-wave1,-6.891708016738796,0.5968978492438877,-0.35250580615246796,6.924615324646689
sub-1157,ses-wave1,-7.379560241226769,0.1930587513539219,-0.9758830042746484,7.444588203074007
sub-1157,ses-wave3,-3.7506496165880625,-2.1775275646969905,-0.6405613289794401,4.394170716769813
sub-2974,ses-wave1,-3.9960334991412094,-0.903997438898749,-1.339880675777986,4.320203272859939
sub-1362,ses-wave1,-8.639504823612311,0.48469407645074214,-0.9171304564405403,8.6975873808337
sub-1362,ses-wave3,-12.345003705688919,-0.8059442347377938,0.7208257486468859,12.387031380364636
sub-361,ses-wave1,-13.388274195071888,-0.6216599956543871,1.172627338159981,13.447268381291286
sub-361,ses-wave3,-10.460661947274435,0.8727398634020677,1.8212721285142188,10.666909346792874
sub-153,ses-wave1,-9.434715859981926,3.117797471992027,-1.635086548058922,10.02695909259248
sub-3899,ses-wave1,-18.53751539987605,-0.3288083673708528,0.8888086222691224,18.558964647393896
sub-3899,ses-wave2,-14.751686314238537,-3.17924415346802,1.4075032226662396,15.115602853862386
sub-1172,ses-wave1,-7.775258330809345,1.7880969211562392,-0.40998044682536144,7.982189826051724
sub-1172,ses-wave2,-11.42302798971777,1.408918444932204,1.6924678860585018,11.653079278288363
sub-1172,ses-wave3,-8.936318047874835,1.0263983275545923,-0.5178936055957105,9.00521475468555
sub-2152,ses-wave1,-7.208466624839672,2.5748368726539166,0.20409015571955008,7.660987734107236
sub-1175,ses-wave1,-6.086514818386177,0.7762326710082879,-1.0274714332545039,6.2143058584497926
sub-1175,ses-wave3,-8.238382143213826,1.5903806841694805,-0.007069328744966993,8.390132601982847
sub-182,ses-wave1,-13.795915616212838,0.7630951111399662,-0.07417923891244683,13.816607101280521
sub-149,ses-wave1,-8.772168829315136,0.546292667861039,1.7673320259298442,8.972956693834966
sub-149,ses-wave2,-8.234499105748007,0.13724183226706083,1.9878878931427448,8.474071043733657
sub-149,ses-wave3,-14.76208635457423,-0.9838556168018723,-0.6513863640312354,14.814481673361174
sub-975,ses-wave1,-9.897477652294741,1.0609056675945936,-0.8128299856151204,9.979621816805162
sub-140,ses-wave1,-4.575883383770013,1.72999133230051,-0.2518240626225671,4.894749379358483
sub-140,ses-wave2,-9.537156305260618,-0.6279292856769247,0.6971566125364558,9.579288411143597
sub-4869,ses-wave1,-13.279775219583575,1.0522371491192206,-0.5188869818198513,13.32652069911286
sub-4869,ses-wave2,-13.10042201296381,-0.35410072609418153,0.9404155658762802,13.135839545448288
sub-4869,ses-wave3,-11.698147726386718,0.5749850687947653,0.5905288318718965,11.730002272116822
sub-988,ses-wave1,-8.247224741682864,1.4996072329788896,-0.1401013811199177,8.381587282324249
sub-988,ses-wave2,-6.626050438471654,0.11955719244399628,1.4681742162369926,6.789127611975183
sub-988,ses-wave3,-8.655984091722384,1.2147487450746646,-0.11564349566524512,8.740194057474348
sub-943,ses-wave1,-10.346510195578809,1.0065107334581431,0.8393310858899495,10.436267517798415
sub-943,ses-wave2,-11.063918121643127,0.4851412245727244,2.3247795063566348,11.324772245520013
sub-3841,ses-wave1,-2.307166234460249,1.0758791019557499,0.847541960368213,2.6898518242596436
sub-1978,ses-wave1,-11.535519726983853,-0.6419226707349829,-0.34175041107835935,11.560253130061408
sub-381,ses-wave1,-12.986653896018876,-0.6408017485182992,-1.247152829363679,13.068737421063819
sub-147,ses-wave1,-14.409266604855494,0.3885270978061916,1.7269893211945455,14.522830657096332
sub-147,ses-wave2,-13.231521354915586,-0.20048507976053923,-0.03356393983302308,13.233134486462511
sub-147,ses-wave3,-7.205173917841872,1.0208349391637976,-0.4899211101504182,7.289174731819566
sub-3846,ses-wave1,-15.916528880910109,-0.6934794332820757,0.2023536947963582,15.93158526164468
sub-3846,ses-wave2,-20.33563453259201,1.1865333215018505,2.1950187147934823,20.50908879738878
sub-178,ses-wave1,-13.515249433235816,-0.08473019975765916,0.6035743087569483,13.528475923481018
sub-178,ses-wave2,-8.554443059200318,0.5641062490219525,2.9259516475739744,9.071260489060997
sub-178,ses-wave3,-9.171173213386496,1.6667508890613676,0.09718469721939513,9.322976705623242
sub-4805,ses-wave1,-11.537855197867591,0.23535609372044908,0.05333513074695955,11.540479649871346
sub-326,ses-wave1,-10.49962921032143,2.745247029336463,-1.071546124339429,10.879485393649135
sub-326,ses-wave2,-12.049532175040387,2.297238094257716,-0.18703613375304515,12.263504867360698
sub-326,ses-wave3,-11.090684355674789,1.4404464992755428,-0.593885196344036,11.191857382175401
sub-584,ses-wave1,-7.342803016919282,3.236904378416078,1.0295795924757563,8.115747833503114
sub-1922,ses-wave1,-6.410180033033648,0.8600252916036646,-0.6320127079819734,6.493649544409221
sub-1922,ses-wave3,-11.732538709588434,3.33817124342299,-0.483714408506033,12.192593312984897
sub-3212,ses-wave1,-16.583793161210398,1.829672215518859,-0.860696087430299,16.69210107519055
sub-1119,ses-wave1,-4.276867582929342,-0.6701304998512545,-0.7002958236840013,4.389268038542025
sub-1119,ses-wave3,-3.2782594571085135,-2.1242155262942752,0.05549534284342834,3.9056854984782947
sub-4659,ses-wave1,-10.361019434393548,0.9788665246513538,0.5379263247376224,10.425453428141555
sub-4030,ses-wave1,-16.47987509202349,-0.12233176242203231,-1.6746910396816295,16.566390593826355
sub-1784,ses-wave1,-3.0277527557227484,0.05490439871072799,-1.0336416742889893,3.19929178688816
sub-146,ses-wave1,-12.51787687681748,0.02691410688380332,0.653796683113545,12.535053085873535
sub-146,ses-wave2,-13.797671988785691,-1.0275087301615957,0.2074578210236137,13.83538635362224
sub-146,ses-wave3,-17.071785772592577,-0.0782492773825609,-1.3037626294561357,17.12219456570551
sub-989,ses-wave1,-15.154563943934576,0.7246605799243752,0.9134637230000145,15.204851040653683
sub-989,ses-wave2,-8.144249108250463,0.4178444028677543,-0.11970635932919478,8.155384048532232
sub-989,ses-wave3,-8.779113556095572,-0.21565559835150258,1.058820588298586,8.843255578606533
sub-4868,ses-wave1,-26.38209494597234,1.9172156056011815,-0.17678984638503786,26.44806427314605
sub-4868,ses-wave2,-23.971793518749198,2.651298226320404,1.8173279661729804,24.224845248153397
sub-4868,ses-wave3,-10.380788244094571,0.8960901199915647,-0.28052858906333833,10.420867482099364
sub-1370,ses-wave1,1.6484783673120078,3.10271478051253,0.27350281817862115,3.520514272153271
sub-1370,ses-wave2,-2.5817595040042005,1.6461278906039065,3.018185310289844,4.32503282840776
sub-1370,ses-wave3,-6.457365980984551,2.1841323664317343,1.9084605897434588,7.111305483140695
sub-141,ses-wave1,-9.920944220668588,0.20821751996302104,1.9925632015943802,10.124257903605347
sub-141,ses-wave2,-9.113594070116939,0.6105265979475338,-0.9436989393621085,9.177504563219001
sub-183,ses-wave1,-2.4295831444933573,-1.4163562317539231,-0.2686004799679143,2.827879482286845
sub-183,ses-wave2,-7.421724215596409,-0.9248111850657191,-0.4211162206545888,7.494238057426071
sub-183,ses-wave3,-9.433324698302092,-0.18963220891587437,0.18470645229714697,9.436724351781056
sub-980,ses-wave1,-7.286544505390201,0.2916443547400828,-1.3542654356542687,7.413501315735349
sub-974,ses-wave1,-14.835265142137123,0.831761015150953,-0.6834863553627435,14.869108372726602
sub-974,ses-wave2,-11.860011275876701,-0.14406741225403447,0.248427636797354,11.863162984330845
sub-974,ses-wave3,-11.533859826916759,0.47110853711332573,-0.4683419099121321,11.550987049843497
sub-3086,ses-wave1,-10.851223191077866,1.1265320577589573,-1.723262811400262,11.027570808552186
sub-719,ses-wave1,-13.896989600275598,1.3266792349971128,1.43474710622173,14.049474928423859
sub-719,ses-wave2,-12.09527263240847,0.21887340274494516,-0.5505205599788248,12.108668676590254
sub-719,ses-wave3,-12.998000975833689,1.3622202350088626,-0.7438963788663434,13.081162116868457
sub-927,ses-wave1,-8.8350164842779,-0.645378225039222,0.7275778781552237,8.884205743513716
sub-927,ses-wave2,-11.075681778987338,1.460609321177346,0.3013800204376764,11.179136571738844
sub-927,ses-wave3,-13.815779223890992,0.5373051238368828,1.3834791046219312,13.901331388154976
sub-4658,ses-wave1,-15.050138943254119,-1.6426136623853214,-3.1822180470891586,15.512250177875108
sub-4658,ses-wave2,-17.602246319102502,0.21196821021230447,-0.9586461985210627,17.627619995622737
sub-772,ses-wave1,-11.66523835312473,1.682422782644278,-0.7677190302736199,11.799274969097427
sub-772,ses-wave2,-15.691690798970047,0.8487295353869709,1.2327003031304453,15.771542071330394
sub-772,ses-wave3,-19.702145871787337,1.1218974149140915,-0.17714284125307075,19.732802859823696
sub-1543,ses-wave1,-18.18788278138895,-0.24767363131601355,-1.2821842620682176,18.237074289952545
sub-1543,ses-wave2,-19.154040783223724,-0.504133063838923,-0.08682674557425175,19.161188865036934
sub-1543,ses-wave3,-18.61225102256382,0.5418841872165332,-0.6427035447309937,18.628022757838018
sub-4660,ses-wave1,-13.37052708792048,0.7123867077920945,-0.6491905472304406,13.401036901907574
sub-311,ses-wave1,-19.16990372721381,-1.146251520198573,0.284393523561493,19.203069417366347
sub-311,ses-wave2,-14.750863283104795,-0.39285116115157,-1.0331685181202879,14.795522008487426
sub-1915,ses-wave1,-9.631834590507061,-1.5081095606302948,0.9778546634959501,9.78505266168468
sub-318,ses-wave1,-13.001189134562258,0.5223693525276426,0.22167906618709435,13.014523551097605
sub-327,ses-wave1,-0.1362368439582731,1.9208744905749915,-0.516829487172736,1.993249744565709
sub-327,ses-wave2,-6.4337799597939584,3.2519645132726063,0.539550540323416,7.241922308351049
sub-929,ses-wave1,-12.718930010043767,0.12729995559957785,0.9916127405304742,12.759098533195692
sub-929,ses-wave2,-9.243033793804571,0.5022280433631937,0.015990232173760208,9.256722428745757
sub-3010,ses-wave1,-11.792975832574706,0.7696589508911948,-0.9873489460062789,11.852406870652585
sub-3350,ses-wave1,-12.105581434093772,0.36435013761465834,0.20858334797881506,12.113494973503458
sub-1251,ses-wave1,-4.38221654500677,2.0137877054426143,-0.37280625563142145,4.831011015891867
sub-2044,ses-wave1,-20.76578318235984,2.2196683994635027,2.3067393029286842,21.0525147146337
sub-252,ses-wave1,-10.892206480177522,1.3649649709809197,-0.19593490713858533,10.97657083913578
sub-1860,ses-wave1,-12.954336101869073,1.9258008981903776,-0.8806776082434463,13.110929562090458
sub-299,ses-wave1,-11.074010902104234,1.5786154954270486,2.0075329961547426,11.390692934505259
sub-609,ses-wave1,-9.745012741811868,0.7552368148042911,0.7466747869201221,9.80746466777905
sub-2043,ses-wave1,-15.757855157820114,0.2939734280222467,0.5798814185946833,15.772662974596109
sub-2043,ses-wave2,-13.242269291869858,0.018252741942505004,2.6296437258077585,13.500123590502064
sub-2043,ses-wave3,-11.972689521338818,-1.870709714768714,0.1832259298599451,12.11585438538092
sub-4172,ses-wave1,0.316711271008159,-0.02042656843063822,-0.8883337197578848,0.9432697122859
sub-4172,ses-wave2,-2.621623994236949,0.6508483796310568,-1.062352369008854,2.897100019772011
sub-890,ses-wave1,-5.2751624319233725,2.283498552610582,-0.32162223138500345,5.750978769667123
sub-890,ses-wave2,-8.223700361229147,1.7768321732751817,-0.44350732254692926,8.418087425533894
sub-3537,ses-wave1,-8.816520520532961,-0.13846281250124243,0.18444786181538025,8.819307917115358
sub-3537,ses-wave3,-11.247604362230852,-1.2122924714983654,0.34026405300574863,11.31406030916513
sub-1869,ses-wave1,-5.760188230159323,1.1274080899722996,-0.035148795287887134,5.8691564290413085
sub-1267,ses-wave1,-9.583248781402817,0.7985656986814956,-0.18210605352507125,9.61684138781401
sub-1267,ses-wave2,-4.124482884545549,-1.1958954030531925,-0.1453843698412491,4.298203081613181
sub-1431,ses-wave1,-7.515375950261501,-0.48241102593296237,-0.9036151901773175,7.5885298230600515
sub-1431,ses-wave2,-12.250399231939213,1.5678854272444924,-0.7794457744689773,12.36386116915872
sub-1431,ses-wave3,-12.797204737355598,1.1782594352399547,-1.325794654273967,12.905518902640221
sub-3392,ses-wave1,-16.5983655551452,0.7589218429713954,-1.8384733578472476,16.70418304675326
sub-2885,ses-wave1,-11.3085390867867,0.8488464964829685,0.1940172376148228,11.343336414456944
sub-2885,ses-wave2,-9.303468555272678,-0.7898883036959131,1.0295400684859723,9.386300526961403
sub-2885,ses-wave3,-8.622425588323585,1.4457488180166933,0.10754776858559502,8.74456457922249
sub-1856,ses-wave1,-13.621642721772115,-0.1036115243366944,0.020002825706878745,13.622031444491986
sub-1856,ses-wave2,-15.741489927879632,-1.8291624680534044,-0.6469713828450522,15.870107155985341
sub-801,ses-wave1,-7.04803536919609,0.35527909538949304,0.4128259474404677,7.070298313984667
sub-801,ses-wave3,-6.385966896083686,-0.8044641373716748,1.6247090684443082,6.627087849663224
sub-492,ses-wave1,-10.644828581875466,-0.4951499041689549,0.7550551238016951,10.67969324445543
sub-492,ses-wave2,-7.866967760336206,-1.1046622984097643,0.5693708959504008,7.958947618466934
sub-466,ses-wave1,-7.695877918687243,1.1707394226942496,-0.3660604209835454,7.789180753697365
sub-466,ses-wave2,-11.893769349316292,2.9391989408232924,-1.5460373829703082,12.308835351360313
sub-466,ses-wave3,-7.222641323284017,1.9061230206940833,-0.5016783855182625,7.478356739330878
sub-208,ses-wave1,-11.94768965469371,0.03708764826244143,0.2575925784566985,11.950596808040373
sub-208,ses-wave2,-5.475605447884514,0.8242394793102391,1.2142489635473717,5.677147901496259
sub-208,ses-wave3,-9.458245358440633,0.22182883129628084,-0.9636845286106811,9.507827784861227
sub-2213,ses-wave1,-15.628599314356627,-0.8343523164950787,0.48365823059829416,15.654626583849108
sub-495,ses-wave1,-12.203832439213206,2.3244132600633765,-2.028624355459909,12.546346575465556
sub-665,ses-wave1,-7.320092940486927,0.37019377691203953,0.3669796849717224,7.3397864162517
sub-3131,ses-wave1,-4.40780507879102,0.9836314063862709,0.6178117223763373,4.563336886795153
sub-3131,ses-wave2,-6.029084703972318,-0.04300510874254812,0.4532203552396152,6.046063036681151
sub-3131,ses-wave3,-4.907280708781063,1.8062422024204383,-1.9291291326526394,5.546389599376592
sub-1008,ses-wave1,-13.943928768672878,1.5498157354265694,0.4433506956719627,14.042293580734029
sub-1008,ses-wave2,-15.379756317346697,0.9159752251926756,-1.5306365815638274,15.470075765509128
sub-2813,ses-wave1,-12.658458131381911,-1.2071072582673459,-0.5798704484623155,12.734883264559723
sub-2813,ses-wave2,-16.695209965471303,-1.1994495313151723,0.5023521000394557,16.740176461688417
sub-3531,ses-wave1,-6.987216852870208,2.3105506061010965,-0.5309349567356191,7.367844154887512
sub-3531,ses-wave2,-5.766021126740463,2.2924993912765044,-0.6536324361309356,6.226888173367018
sub-3531,ses-wave3,-5.102625501533226,-0.0931550866191895,0.5741670334532616,5.135187002063632
sub-1868,ses-wave1,-14.270530330390296,0.05108229471382342,0.02639565596832441,14.270657334675823
sub-1868,ses-wave2,-15.60425009207104,0.5303952279461095,-1.1916083475159693,15.652833715258138
sub-1054,ses-wave1,-8.62629624192386,0.5935350995709574,0.205112279090182,8.650140188575937
sub-1054,ses-wave2,4.312685664378031,2.7374300145089365,-0.36532031721655595,5.128146481138136
sub-2087,ses-wave1,-11.461780581416646,0.11941381702008581,1.1889227350704232,11.524922866000406
sub-898,ses-wave1,-4.437716375607287,0.5404198774111214,-0.09570195709276197,4.471060576461996
sub-898,ses-wave2,-4.0773604465517295,-1.510651794793064,1.699249284631929,4.6485870779123575
sub-898,ses-wave3,-5.417780815528493,-0.011068260611056667,0.8129460950648858,5.478321769255056
sub-606,ses-wave1,-11.091350115782207,-0.6262574170763385,-1.7432316750694983,11.253874238414811
sub-606,ses-wave2,-16.418295018433064,0.8951978822955121,2.266411070131383,16.614421532325355
sub-1850,ses-wave2,2.5704085918620714,0.6808988989939987,0.104149793534113,2.660490498963672
sub-1850,ses-wave3,-4.898030604525085,-0.2791048277969425,0.19085106644554456,4.909216238045214
sub-639,ses-wave1,-10.270209899864353,0.21416451401200703,0.925501583934868,10.315655158015845
sub-639,ses-wave2,-7.922539245728283,0.5830447291748339,2.3371050074146846,8.291426436039627
sub-891,ses-wave1,-10.660196936113309,0.8804761805563244,0.014567555955359286,10.696513328714122
sub-891,ses-wave2,-11.380490252189203,0.5034680784753107,0.7149505421322949,11.41705613068009
sub-891,ses-wave3,-7.966172034867123,-0.21193841711991268,-0.1262596498700224,7.970218233645744
sub-1866,ses-wave1,-16.995568597479792,0.3761949009690467,1.8514293048204098,17.10552670501501
sub-865,ses-wave1,-11.528596771916781,-0.22314965518379884,1.2191230426721849,11.592440354694013
sub-253,ses-wave1,-6.622056587546679,-0.08658081083785281,-2.273033997198901,7.00305624242812
sub-3163,ses-wave1,-14.748255816900166,-0.30587669698177455,0.8971630402770061,14.776126215293521
sub-3163,ses-wave2,-16.929252107098446,-0.6100143502395547,-0.7114010743071615,16.958761948202103
sub-4722,ses-wave1,-10.798424949377448,1.2221196495888755,-0.5178091318556968,10.873968411911846
sub-2248,ses-wave1,-5.9328341368545345,0.5576795977213035,0.66317437888422,5.998912329239861
sub-2248,ses-wave2,-9.299730417421166,0.7886636062592474,0.4614365561839915,9.347573513809492
sub-2248,ses-wave3,-8.350503717463633,-1.0964681651764363,0.8570861155849293,8.457383412117077
sub-1439,ses-wave1,-4.817142364182759,0.3856312530721641,-0.5590097234432667,4.862886676319884
sub-1439,ses-wave2,-6.198199218281501,-0.13240037037731028,0.6774183614122254,6.235698157077386
sub-1439,ses-wave3,-10.655558121785264,1.3569160382370402,0.07387888579510765,10.742481821850175
sub-836,ses-wave1,-3.053679615386323,-0.8031299642394154,0.10437052420372318,3.1585197785373436
sub-4749,ses-wave1,-14.384448496588645,2.865741874340107,-2.1369152383356007,14.767724508836103
sub-4749,ses-wave2,-9.999527411227962,-0.44845599863085095,2.0987738932480924,10.218636387448397
sub-3108,ses-wave1,-6.428919592521718,0.4073861917046177,-2.6379025126514613,6.951792070259245
sub-4312,ses-wave1,-15.03603792212619,-0.5438378576570597,1.4944190757064666,15.112367637048271
sub-4312,ses-wave2,-13.804601187337292,0.2080661118062875,0.8637214641056646,13.834586956894931
sub-4312,ses-wave3,-12.393974995515327,0.4584145823865656,-0.3015295183460045,12.404862130040271
sub-3137,ses-wave1,-13.081920528576607,3.4306820613801725,-1.3167452965025248,13.5480407066774
sub-1452,ses-wave1,-13.363832339392914,-0.7362987375686378,1.3585857231151026,13.443798819535067
sub-1452,ses-wave2,-17.7989757677843,1.0809237499016742,0.39197281774119086,17.839465917533154
sub-1452,ses-wave3,-17.121312104560054,-0.020635794720038757,2.4577731151374533,17.29509251668388
sub-831,ses-wave1,-7.360898302530891,1.2287461524118912,-0.6592370978409463,7.4846827603626105
sub-831,ses-wave2,-0.8408242555342893,1.1933791124325026,-0.27660356546156245,1.484174789397406
sub-831,ses-wave3,-9.969656946705584,2.5755435863697644,-0.5402852718694569,10.29853051030173
sub-1031,ses-wave1,-3.750881998540496,-0.4894626812842799,1.9137026738263525,4.231809442426021
sub-1031,ses-wave3,-2.79523585105536,1.2113517038367263,-0.5165549020914605,3.084909168897387
sub-4315,ses-wave1,-14.484166659972221,1.3127714777703827,-1.7436078659477643,14.627045318704328
sub-4315,ses-wave2,-15.448008949338556,1.2610996802434804,-4.311643360786566,16.038467855347424
sub-4315,ses-wave3,-10.465466083831302,2.916917724864825,-2.106447375408376,11.014183730220157
sub-200,ses-wave1,-10.658519557779064,0.7174357711263247,0.49026892720304854,10.696839122589573
sub-200,ses-wave2,-1.635491169190192,-0.2946061123545626,0.049657731634379164,1.6624278498970408
sub-200,ses-wave3,-12.110979881340379,1.1221792644027,3.1487048944909413,12.591838367187902
sub-3334,ses-wave1,-10.778774171552099,1.1925866703452106,1.3207130332182664,10.937797806827986
sub-3334,ses-wave2,-14.207518219239757,1.7153848362949287,1.9003886119820652,14.463127713014531
sub-1007,ses-wave1,-9.446355417148258,-0.865865872123197,2.370903695370232,9.759689309234737
sub-1007,ses-wave2,-16.911419534929262,2.3534437980072918,2.568481549429438,17.315511567492337
sub-1007,ses-wave3,-16.50088573324279,0.756926947422477,3.4197547603486784,16.888081213521197
sub-4575,ses-wave1,-17.125476516117857,0.34990792854087666,-0.2999237098364668,17.13071463780218
sub-4581,ses-wave1,-6.040726738923545,1.0237303627119696,1.4453485249165259,6.307176387008132
sub-4581,ses-wave2,-2.2613337403179776,1.3563168497390214,1.5034893528827495,3.0485326054379915
sub-4581,ses-wave3,-7.137076473186155,1.7502830126088087,-0.37723728738716417,7.352363884044118
sub-236,ses-wave1,-11.578152408438312,1.2912483077260353,0.02674453833133903,11.65001927034663
sub-236,ses-wave2,-7.687636526281896,1.2561064934529695,0.9122215379697168,7.852375490290645
sub-236,ses-wave3,-12.039293947488176,0.832702340611903,0.9098542737911005,12.10865020979593
sub-458,ses-wave1,-1.624595369151923,-0.2816470005690099,0.26194206785707363,1.6688759335971748
sub-4129,ses-wave1,-6.477745716911017,1.297023015568783,0.40539972268269103,6.623086904668388
sub-4586,ses-wave1,-22.46829307847257,0.10923290534697638,-2.225936114013334,22.57502501234538
sub-1656,ses-wave1,-17.361717538351748,0.8841851046885248,1.682940941525722,17.47759880412903
sub-1656,ses-wave2,-9.78440499384436,-0.17399283800614335,0.46150806889274737,9.796098201643936
sub-1656,ses-wave3,-20.62552571845109,-1.0290298526492416,-0.09531948098837788,20.651974492775167
sub-3946,ses-wave1,-9.070148765635249,0.7999271593401659,1.645677400921238,9.263751522709574
sub-3946,ses-wave2,-16.316888848574948,-2.1700143585297793,3.2566135621153434,16.716397288386993
sub-3946,ses-wave3,-10.11779592547455,1.3393454249388423,0.3074574111705011,10.214008731752244
sub-81,ses-wave2,-8.443539884509674,-0.38278269044886504,2.4888659578310612,8.802411188690426
sub-3377,ses-wave1,-11.304486264608814,0.6615796878493877,1.4033203983098015,11.418132333390723
sub-611,ses-wave1,-3.0530117135668067,0.014033103821007639,0.14333348667172152,3.056423434349142
sub-611,ses-wave2,-5.207669147458751,2.642453080640423,0.4019993734529,5.861363518314618
sub-611,ses-wave3,-5.002522664991114,0.5023989070606354,0.9387261873840043,5.118524748675156
sub-4394,ses-wave1,-13.322118431660071,-0.2629449742324728,0.12018194186801846,13.32496523739922
sub-4394,ses-wave2,-16.330114936680353,0.46988241392825,0.04692962178378224,16.337087227944355
sub-4394,ses-wave3,-7.8526978225754815,1.2946182457689825,-1.0397303223195924,8.014554993890147
sub-843,ses-wave1,-12.52307425363205,0.5809589666915406,0.3388280087917314,12.542763955044851
sub-2893,ses-wave1,-4.951054235609929,-0.0004057051569628785,0.4051098704360574,4.967588537672062
sub-2893,ses-wave2,-10.7720907577881,0.1766319520848585,0.6976889818890977,10.79710841420264
sub-2064,ses-wave1,-15.108549653636981,-0.19077302356934023,-1.9468912529152929,15.237151577467202
sub-2064,ses-wave2,-16.403002324978285,-0.20238589365361,-1.787112028877702,16.50377634229003
sub-616,ses-wave1,-7.2503112237678655,1.264310745704987,0.24716888442815207,7.366404376614112
sub-1043,ses-wave1,-2.2860522662186598,-1.5436863582972398,0.8446633860935095,2.8757573856600014
sub-1615,ses-wave1,-16.221568686284222,-0.1537461293482765,0.26595793275859747,16.224101026177102
sub-1615,ses-wave2,-11.832158963914813,-1.563694272378828,1.0556706117861794,11.966868534216156
sub-1615,ses-wave3,-11.789327579953358,-1.3453017497572735,1.4030772053155944,11.931675810405672
sub-3983,ses-wave1,-10.90792698462109,0.10369990895967916,0.6603545865649683,10.928923980915737
sub-1882,ses-wave1,-6.06628400665295,-0.14452212448443943,1.4214864751399778,6.230381422135145
sub-881,ses-wave1,-3.9369635541842762,0.7607776465364497,0.7134633135168176,4.077297579370239
sub-881,ses-wave2,-10.159139942252581,0.7226642100057978,0.45407947939465354,10.19768737723721
sub-1247,ses-wave1,-10.67269246169317,1.395512260741615,0.04749951960009147,10.7639575168256
sub-4507,ses-wave1,-7.204364373372839,1.279272180117399,0.05169981350130961,7.31766574658459
sub-1849,ses-wave1,-6.326248981965195,1.301930859107412,0.4850581981316211,6.4822440361837135
sub-1849,ses-wave2,-6.682772670327078,-1.0415108044031425,1.2735864729007529,6.8708362835845085
sub-1849,ses-wave3,-7.729425245160639,0.5178670384713616,1.705691100817536,7.939515489993087
sub-886,ses-wave1,-12.33645460634981,-0.5621251840432353,1.7138934557802061,12.458791660249098
sub-872,ses-wave1,-7.03976621387734,0.6797881611066383,1.2612812413557803,7.191244364124554
sub-872,ses-wave2,-13.756190905181285,-2.1879942297462347,1.1640154263811484,13.954707652306055
sub-872,ses-wave3,-7.662518299923928,-1.0906090990223067,-0.9699464192738507,7.809140618972257
sub-1240,ses-wave1,-6.72040133843713,0.10887535267062869,1.6359606445379835,6.918802169213766
sub-1240,ses-wave2,-11.312035884171888,0.5357791012923098,1.238340041636679,11.397708728691446
sub-1240,ses-wave3,-14.631211763183728,-1.916151449973479,2.7195766502406795,14.958224435197089
sub-819,ses-wave1,-11.036714859076195,0.3725472646741193,1.0972130061978365,11.100735255264441
sub-674,ses-wave1,-12.41584392239109,1.4910090985627007,0.41940814053909303,12.517120136423936
sub-674,ses-wave2,-14.286366590910305,-0.9995567659860458,2.437800377030922,14.505120485302282
sub-674,ses-wave3,-12.806227816722108,-0.1980164677703056,0.3480295348990649,12.81185913240027
sub-4795,ses-wave1,-8.273581617893454,-0.24994555086313433,0.11992336996695029,8.277955377895482
sub-4795,ses-wave2,-12.141822937847211,0.5492657838008675,-0.7171138839659128,12.171823178004031
sub-4795,ses-wave3,-14.842290107448315,1.3489809987087977,-0.06514201994838295,14.902502922324567
sub-680,ses-wave1,-9.03423695404747,1.6871779666210394,0.10199055930981353,9.192149853156108
sub-680,ses-wave2,-9.983936530197052,-3.0420644935258396,0.06316205060207808,10.434568175347566
sub-680,ses-wave3,-8.860215753297256,-1.281119384312005,-0.460690889881531,8.969085278521927
sub-470,ses-wave1,-4.860943524932511,-0.13670171453934366,-0.22874300772849251,4.868510341469475
sub-470,ses-wave3,-11.361786044006172,2.096650657676658,-2.0996463801557765,11.704371842802141
sub-4565,ses-wave1,-12.742740874045447,-1.103124192140484,0.35423606138505587,12.79169113495483
sub-4565,ses-wave2,-15.42320344802923,-0.832640095888516,0.5396256991007929,15.450980039716198
sub-1225,ses-wave1,-15.783417582210058,2.3574013560410623,-0.5464389953316229,15.955570488116898
sub-1225,ses-wave2,-17.389934091168797,1.4586836497835096,1.7293961782772649,17.557178484045917
sub-817,ses-wave1,-10.911680808815696,0.4245156091893285,0.8629003569527887,10.957032037030812
sub-817,ses-wave2,-11.154617903398377,0.3190687269289902,0.49415390473244425,11.17144105007046
sub-817,ses-wave3,-17.33198162184647,-0.37167118548168093,-0.04611029396128473,17.336146213459035
sub-483,ses-wave1,-18.47249124751152,0.2576303965435387,0.7552645045434937,18.491266523902667
sub-483,ses-wave2,-19.108978567896276,-0.9809260224348583,0.46852149404520305,19.135582888372102
sub-2205,ses-wave1,-1.2159926034343662,0.5387388615557567,0.40965738983054834,1.3933277495466838
sub-221,ses-wave1,-7.8422920133696445,0.42198538748637204,-0.3120947999093004,7.858661591135246
sub-21,ses-wave1,-9.911171920236946,2.809080636525379,-2.536026980667296,10.549140954921722
sub-2054,ses-wave1,-14.415893753318226,0.3549869385994668,-0.047859547761786726,14.420171522374758
sub-4165,ses-wave1,-18.72995463112548,1.4396380509402882,0.9692291004862318,18.82159345835543
sub-4539,ses-wave1,-3.5209191865654432,0.38688024904367235,-1.8636475767350105,3.996782460121397
sub-2053,ses-wave1,-3.3343136920466776,0.7407000684532463,0.5423453891545091,3.461727701067023
sub-245,ses-wave1,0.04651876011370698,-0.2796624052395376,0.9639424583170764,1.0048766546274626
sub-245,ses-wave2,-10.370089483211334,0.13945441609713677,1.1063496087984985,10.431046946543605
sub-245,ses-wave3,-7.533691455659671,-0.2184049071748653,1.179610174972522,7.626253109997618
sub-4196,ses-wave1,-11.360773725631915,1.8154219411730963,-0.190610601194759,11.503031248981706
sub-4196,ses-wave2,-18.072684464203867,0.8604087622864989,1.4942127350530565,18.165233049438285
sub-4196,ses-wave3,-9.22103175061206,1.4989945946441543,-0.6602130153102004,9.356559306440698
sub-889,ses-wave1,-2.197806285041896,-0.502563092019601,0.6535181094443245,2.3446371962527754
sub-889,ses-wave3,-9.845076037615126,1.0525146928658902,-0.7059053838284849,9.919676379336316
sub-274,ses-wave1,-6.995766204124805,-0.5436531365601204,1.1547586315353435,7.105707868764137
sub-274,ses-wave2,-10.559730487706506,1.0271504157223472,0.005150927972126388,10.609474982484983
sub-2062,ses-wave1,-14.950787424830102,1.442197270145326,-0.9162097814637957,15.036089770107765
sub-1421,ses-wave1,-7.544714317842514,0.8335284433209978,-0.16874831524935593,7.5912049279447915
sub-1421,ses-wave2,-8.106992603615652,-0.7728665131029706,1.422250695609826,8.257330934043923
sub-80,ses-wave1,-5.853937065088297,2.0190736964666405,1.3214632941937365,6.352862408906505
sub-80,ses-wave2,-5.104128577101354,0.4757598563326699,1.2094471460154415,5.271752288647619
sub-1613,ses-wave1,-10.29213809806391,-0.48898676885534714,0.4868591133963494,10.31310814209361
sub-1045,ses-wave1,-14.456190699282336,0.6542776123268806,0.9105888321114075,14.504562549008313
sub-476,ses-wave1,-16.57320717469207,0.12515503035108272,1.2611385186613957,16.62262827662387
sub-220,ses-wave1,-15.733029751112484,0.539108300676401,1.030625368213301,15.780529199814042
sub-220,ses-wave2,-17.601807147553,0.609161060912503,-0.15092720368357337,17.612101630803192
sub-220,ses-wave3,-10.405377729700204,1.549007115215211,1.7326686829931355,10.683905416248416
sub-1011,ses-wave1,-10.625493165504684,0.6742444583822471,2.260248105349023,10.896377285090162
sub-2031,ses-wave1,-10.148571968040642,-0.38260818417003883,1.2280592483688908,10.225481534135861
sub-2031,ses-wave2,-10.04368599719137,0.7255793045980865,0.8616217399682411,10.111914524856138
sub-829,ses-wave2,-10.878086273722873,0.003743173805078903,1.088505131401569,10.932283873207497
sub-829,ses-wave3,-18.114765056505153,0.7142164535389335,1.307575598164756,18.183544480346445
sub-688,ses-wave1,-11.496663903850665,-1.6487050227701987,2.740340718503912,11.893677499144644
sub-688,ses-wave2,-7.160969676647079,1.2142977092862337,0.9488777565747792,7.334524945057045
sub-688,ses-wave3,-11.51215338761861,-0.796522345907414,2.1265544651375,11.718728118806482
sub-4769,ses-wave1,-14.426897025644921,0.6623358656748477,-0.6889275596149194,14.454374312329579
sub-4769,ses-wave2,-18.398268530429,0.9206790781580234,0.16178633463022876,18.423094695399694
sub-4769,ses-wave3,-17.368188532834733,0.9638173604907929,-0.5084918173651845,17.39781033947151
sub-1444,ses-wave1,-4.126517932277729,-1.134452417064114,0.7405913300553026,4.3361603819802355
sub-1444,ses-wave2,-3.59774254465858,-1.8476346040724105,0.7200903471892469,4.097701188968282
sub-4794,ses-wave1,-1.770959464895823,20.383492336998167,-58.0395235167395,60.94372829627112
sub-818,ses-wave1,-0.7598859525361247,1.5088572530661843,0.9774091491447929,1.9567478373570717
sub-818,ses-wave2,-3.271787079679774,0.48783411639246815,0.9376884126008013,3.442040769972193
sub-1685,ses-wave1,-17.55274468420577,-0.017587805542489447,0.7647347558390286,17.56915679758717
sub-1685,ses-wave2,-17.92042074677473,-0.4813950144568053,-0.345484345720356,17.931584731606492
sub-1685,ses-wave3,-12.379047484264522,0.16069257956377342,1.193356282102498,12.43891168470133
sub-3126,ses-wave1,-13.25557003442542,1.3063024117959392,-0.1334151276314799,13.318646469657839
sub-3126,ses-wave2,-18.294151420024203,0.8653587550987817,1.45681941245483,18.38274177170661
sub-3126,ses-wave3,-5.643120328106406,1.1267087329764154,0.6310072762004706,5.794921225684542
sub-169,ses-wave1,-11.240045129732572,-0.9922726251183158,-1.3152764342323504,11.371035524872907
sub-169,ses-wave2,-9.983240204257708,2.0135444337008708,-1.7320815655856718,10.300179850640355
sub-169,ses-wave3,-14.104419488076115,-1.0078494701045484,0.9996627441471969,14.166562972225632
sub-1531,ses-wave1,-11.333724977677083,-0.23243619153993816,-0.26834084910276984,11.339809602211128
sub-4615,ses-wave1,-23.463389903858985,-0.40660118712247717,-1.6222960222031722,23.527829255701874
sub-4615,ses-wave2,-23.807275012874758,0.45590601160943534,-0.025663516083266686,23.811488450020317
sub-532,ses-wave1,-13.422316872251791,0.2711602999153764,-0.6762800647010729,13.440389971013728
sub-532,ses-wave2,-13.508119478361905,-0.7644720697797626,0.8103237064654425,13.54837715780704
sub-2172,ses-wave1,-12.931031465837178,1.4155441414317451,1.7357541551523166,13.143867229420058
sub-2172,ses-wave2,-6.510281163258109,0.08758252321314729,-0.4980409825982552,6.529490392611995
sub-2172,ses-wave3,-13.088901550716562,1.2745921837695273,0.9907165952515671,13.19858080570853
sub-1199,ses-wave1,-8.365382814336263,-0.41323124445914167,0.17305706474462515,8.37672612389832
sub-2976,ses-wave1,-9.562629282080229,0.0963023490794062,-0.011665857684067383,9.563110355117963
sub-2976,ses-wave2,-14.130809735686357,-1.1813493965338868,0.39651583370082155,14.181296964789162
sub-2976,ses-wave3,-2.7006054423846946,-0.7549870110323174,-0.6960984283116814,2.8935094957058483
sub-4847,ses-wave1,-18.18149430841136,0.2491410838952529,-0.5166175221507336,18.189340047276485
sub-4847,ses-wave2,-15.306814802905448,0.574503534121062,0.32687409775354354,15.322631852746824
sub-4847,ses-wave3,-9.648489871450789,-1.1676038077805526,1.5170921747791979,9.820956499729
sub-3053,ses-wave1,-8.657204314276074,-0.1811191627651816,0.4048566124120131,8.667897410872852
sub-3053,ses-wave2,-16.37816997360861,2.7466983375350345,1.358856389787648,16.69244806928412
sub-2940,ses-wave1,-14.68987453248766,0.24605533819387407,-0.10841370533433302,14.692088848975398
sub-2940,ses-wave2,-16.532280809946972,-1.0393419901231342,2.4200734802724133,16.717630679890288
sub-2940,ses-wave3,-9.43034410137793,0.0427909435459918,-0.8198103729343735,9.465622746003577
sub-158,ses-wave1,-14.804847966448502,0.11089308223800466,-1.641793395095033,14.893930925541984
sub-158,ses-wave2,-16.369557458947316,-0.4896019764902849,-2.2457689941558168,16.53855260663473
sub-158,ses-wave3,-11.15558947671112,0.9107618573502786,-1.2341623646561692,11.25048895132998
sub-1993,ses-wave1,-9.628099677082384,0.2530801284719514,2.1180886902188485,9.86559732753285
sub-1993,ses-wave2,-13.2822377806987,1.1056565946590553,-1.1091913727895948,13.363206637441138
sub-1993,ses-wave3,-17.05780096581833,0.03678079247611924,-0.4191366285748542,17.062816385365885
sub-503,ses-wave1,-6.123837174319834,-0.8981322668836309,-2.046156490487346,6.533479715830361
sub-503,ses-wave2,-6.801268870734899,0.41831234552618124,-0.816635562326982,6.859853851313745
sub-503,ses-wave3,-6.127524462082293,-0.8028111536641181,-1.8280300752347445,6.456458037616042
sub-4240,ses-wave1,-16.35377938328881,1.053933601152988,1.3687566649322025,16.456663772967637
sub-4240,ses-wave2,-23.197154913977503,0.7231931765387999,-0.39377205147428346,23.20908175939075
sub-1356,ses-wave1,-9.149261923399834,1.6105698387068395,-0.2332777146612985,9.289333597186861
sub-1356,ses-wave2,-7.299327215395342,0.7171352314752759,0.7416658288718005,7.376370466164013
sub-1356,ses-wave3,-18.063445739897276,0.5713589783891214,0.09564390754562166,18.073132402461493
sub-4876,ses-wave1,-9.290095889027842,0.5617764041909349,-1.5554977546598192,9.428326797731556
sub-4876,ses-wave2,-14.418644197192593,0.15122474890780466,0.0674470011769687,14.419678929427226
sub-4876,ses-wave3,-5.173185666016618,-0.7674752297536915,-1.2291645687363126,5.38009655849454
sub-3406,ses-wave1,-10.284964846033933,-1.9448683049210165,1.4344101845661146,10.54058275829857
sub-194,ses-wave1,-9.102788875023665,-0.14211048983340838,1.1657650267741448,9.17664130560911
sub-194,ses-wave2,-6.453469142305872,2.1779781132309717,0.43951835210841134,6.832759755484383
sub-3660,ses-wave1,-19.005902426712918,-0.5708715379617885,0.012010841885999216,19.014339221307875
sub-3660,ses-wave2,-20.90433932254368,0.07207441762329718,0.42826386335853217,20.90906913453749
sub-3660,ses-wave3,-13.577446803423863,0.04287331905382505,0.0801250267601722,13.577779465333235
sub-1108,ses-wave1,-7.5735915282034405,1.9314759511405792,-0.6522710881501412,7.832159381120173
sub-3693,ses-wave1,-12.84104382129907,1.9157124997542005,0.08471240761956333,12.98424054569639
sub-3693,ses-wave2,-8.578428939866674,-3.987614669549312,1.4920626255187175,9.528440791400943
sub-557,ses-wave1,-9.716794958235903,-1.4580351527991704,0.16393682125395026,9.82461939016805
sub-557,ses-wave2,-8.993311692236952,-1.7043591487115954,1.9179138090854322,9.32394847110024
sub-557,ses-wave3,-9.10014125486962,-0.24022468430527646,1.1643202261521644,9.17488540565118
sub-4684,ses-wave1,-17.113692990437492,-0.7672102517408453,-0.6620486474841274,17.147870686579832
sub-4684,ses-wave2,-20.28133627253441,-0.16062253658753967,1.131261436873653,20.31157728864366
sub-133,ses-wave1,-3.0373563049507557,1.520126631085917,-0.20647429221491806,3.4002584575765407
sub-133,ses-wave2,-3.1949550523086523,1.8826426434794241,-0.19097976016332538,3.7104681585100456
sub-2117,ses-wave1,-14.855245922698833,0.02138080756964615,-0.8314278048742401,14.878224773731919
sub-2117,ses-wave2,-9.509322947998587,0.11015922320511763,0.27472826671164985,9.51418179570957
sub-2117,ses-wave3,-16.22750724551751,0.08686146517990279,0.19434708339942083,16.229041405664276
sub-3658,ses-wave1,-16.606166353025827,0.07667135435174977,0.48269927817254915,16.613629643181724
sub-3658,ses-wave2,-20.670735761325812,-0.2509489633997,1.468546881789546,20.720565533778124
sub-3658,ses-wave3,-6.940242707834302,-0.05553793667721762,1.3025375325366166,7.060865093463503
sub-1933,ses-wave1,-12.513858616227498,-0.13562208530900913,1.0461739409880775,12.556835355762527
sub-1759,ses-wave1,-11.85970010604772,0.11383787269799879,3.063506842692619,12.251086595076718
sub-1759,ses-wave2,-14.15324483617762,-0.9249620126975608,1.4942225435694718,14.249400715111129
sub-1759,ses-wave3,-13.778261123569749,-0.6362871641911156,2.9440118090544933,14.086100514946287
sub-595,ses-wave1,-2.7391166688780357,0.48618263047914817,-0.6697978402108417,2.8586818163306433
sub-595,ses-wave2,-11.919660050689881,-0.7972086911265412,-1.3093626145380501,12.026508869471382
sub-595,ses-wave3,-12.336728819270547,1.2900710265876993,-0.8951312979595075,12.425868626888503
sub-2748,ses-wave1,-12.515695680645521,2.5956804192429517,1.769093776472845,12.941142509793496
sub-2748,ses-wave2,-21.222039360649134,1.2364923928351415,0.030248196834717352,21.25796570856072
sub-4679,ses-wave1,-14.226303560880103,-1.2385937453631213,0.4432133316814785,14.281913499055278
sub-4679,ses-wave2,-10.641780383018727,-1.7245017887680703,-0.537840901615434,10.80155223778258
sub-4679,ses-wave3,-10.95264184418667,-1.331904350317319,0.9731316146151177,11.064593040389815
sub-1139,ses-wave1,-1.3133112291719296,1.1259334449066514,-0.5376378023396834,1.8076542772376942
sub-1139,ses-wave2,0.35734279497732235,0.0696587542783763,0.13161536414468908,0.38705498984644354
sub-1139,ses-wave3,-6.233315542130588,1.9458699238506236,-0.2612945463238446,6.530680154586495
sub-4641,ses-wave1,-9.131277121701695,0.5504239233209904,0.19009196776298615,9.150698342946527
sub-4641,ses-wave2,-1.3341946158021716,1.506604958702835,-1.1831579974988053,2.3255196171121386
sub-4641,ses-wave3,-10.588193364502471,-0.018166693786676038,-1.376112020692949,10.677222467662702
sub-754,ses-wave1,-10.227092059055703,-1.1804426421023573,2.3347120158532935,10.532209112488491
sub-754,ses-wave2,-19.55965878314203,-0.8762075802225147,2.6200489128921833,19.732068808551233
sub-1591,ses-wave1,-18.95565580415012,0.8312830049742295,1.244565238289083,19.023108235475032
sub-1591,ses-wave2,-20.045691907533936,1.2552116037527057,0.36454935497148705,20.091810307951224
sub-1591,ses-wave3,-12.983504068651964,0.07873772489702793,-0.7377835620332699,13.004090911529138
sub-2126,ses-wave1,-13.650070220857122,-0.3085977701016949,1.0003872712188617,13.687281859692376
sub-1196,ses-wave1,-7.958307279997422,1.1820670371889763,-0.5726708353556383,8.05996758821769
sub-159,ses-wave1,-3.8118529323644346,-1.2218137947546117,0.26591056629563836,4.008935742050396
sub-159,ses-wave2,-5.276348408280986,-1.1671470443802505,0.6463380974422045,5.435907959327251
sub-965,ses-wave1,-9.131231575223909,2.0732701625855845,0.798182856967631,9.411065210170753
sub-192,ses-wave1,4.4436339740633,0.6981730270963953,-0.6406010111412691,4.547299193341014
sub-192,ses-wave2,-0.7097328430780504,-0.3107689453744189,1.5565033038543303,1.7369428865970211
sub-192,ses-wave3,-5.018843619887024,0.38347555443874914,-0.6949866063818061,5.078887809094823
sub-1165,ses-wave1,-13.75418533639932,0.37104267777954875,0.978858806704936,13.796933302118523
sub-953,ses-wave1,-12.715604138354259,-1.7574860305202928,-1.47879964109129,12.94284130514411
sub-953,ses-wave2,-18.633641082139707,0.6677148474595,3.4261819619746303,18.974546977231853
sub-1153,ses-wave1,-12.651508821311937,0.3168744829986112,0.9233563655760251,12.691509009989572
sub-1153,ses-wave2,-10.939590675755765,-0.1604245432958729,1.2905206612758537,11.014588190673377
sub-1153,ses-wave3,-15.24152389978337,-1.0404479317169923,3.7345210769557315,15.691096151631026
sub-4613,ses-wave1,-10.76136179709659,0.6201815022885202,-0.4307921207615834,10.785418655736155
sub-4613,ses-wave2,-10.344029000476425,0.7243944517456478,1.9146400931170282,10.555969405399559
sub-998,ses-wave1,-7.7333479081606455,0.25147490600599604,0.44084641794372853,7.750924258900104
sub-998,ses-wave2,-7.652685903397593,-0.21978003276131877,1.4436414778787077,7.787840141728239
sub-4841,ses-wave1,-6.342875676094665,0.0172361463561535,-1.5562060538633795,6.530597416664719
sub-4841,ses-wave2,-4.719366297744628,0.01595235694501412,0.6711226130077045,4.766938776706194
sub-1154,ses-wave1,-8.9594126087146,0.009429395063212121,0.12010624666794213,8.960230813130575
sub-567,ses-wave1,-6.1096806079795405,-0.420603976101529,1.6724389017212296,6.342264228096904
sub-567,ses-wave2,-8.423061325822546,-0.780969189708103,0.5966299807350627,8.476060247898722
sub-2543,ses-wave1,-4.4790745222470845,-1.2494356455370215,1.3447467248190743,4.826842354988963
sub-103,ses-wave1,-5.887440260452478,-0.36969750871528106,-0.19689631547038425,5.902941847979677
sub-103,ses-wave2,-10.128755623692221,-0.47509285609687113,-0.04575744926782952,10.140155170818575
sub-103,ses-wave3,-11.731490117432989,-1.4439293022295694,1.3990101594635735,11.884534970236663
sub-2127,ses-wave1,-9.969969373343364,-0.17969577900677153,-1.355699377019286,10.065195905740339
sub-2127,ses-wave2,-5.54674423494031,1.03219094458366,0.16049925464134143,5.6455942702306
sub-3462,ses-wave1,-14.095738388206534,-0.78796667603964,-1.5860505681132928,14.216816633791566
sub-1751,ses-wave1,-11.612117606828074,1.6314943577575127,0.13192303642494796,11.728379922488674
