Subject_ID,Visit,Age,classic_L,refined_L,classic_R,refined_R
sub-1007,ses-wave1,73,1.0765170438957108,1.2113016545434279,0.6967647287582722,0.7201363756087741
sub-1007,ses-wave2,77,1.349553499578096,1.6801569434236827,1.2701590043613176,1.4284151983798548
sub-1007,ses-wave3,82,1.2258444884474549,1.473689950479247,1.3558976891763967,1.5317719273640389
sub-1008,ses-wave1,22,1.1798022122050342,1.3566128949801128,1.4059234311957285,1.6204275575348235
sub-1008,ses-wave2,27,1.2097145597550334,1.4898639637944477,1.399050370917578,1.6836089918799795
sub-101,ses-wave1,44,1.3789202011701531,1.619086040963225,1.3623652022615733,1.5410198083753368
sub-1013,ses-wave1,22,1.3620317859591422,1.6425323566410508,1.3390065281117325,1.3685226058409738
sub-1013,ses-wave2,26,1.4379829789309309,1.6483737999617032,1.3578572524025205,1.3862336446510568
sub-1013,ses-wave3,31,1.4216642566479316,1.6209508595318711,1.48958519916553,1.5185612700843218
sub-1022,ses-wave1,30,1.6119226252752608,1.749192978184779,1.4233066242847683,1.4683391345173809
sub-1022,ses-wave2,34,1.6175854939558736,1.7654446643469455,1.5397719559713932,1.6070801462457973
sub-1022,ses-wave3,39,1.4425376870644484,1.5829875013672128,1.5913790750699501,1.5984552568781023
sub-1023,ses-wave1,82,1.3738275636804507,1.4719691786219915,1.2224534990641354,1.1950255734613524
sub-1023,ses-wave3,91,1.0580036103934027,1.1375065355769016,1.1791683021110315,1.16611686843106
sub-103,ses-wave1,41,1.6430669146544554,1.4990749164628547,1.575097781907365,1.5261371366635874
sub-103,ses-wave2,45,1.6784282081947988,1.6250641571027271,1.6854631199832752,1.6387429576874797
sub-103,ses-wave3,51,1.5557298097332193,1.6066046121728792,1.4738206012721786,1.6027382421219565
sub-1031,ses-wave1,47,1.9735130913819525,2.020768744956113,1.7456960940338286,1.654420619172396
sub-1031,ses-wave3,56,1.6938411225387966,1.7941870946683383,1.7088104320892261,1.7078687062508353
sub-1043,ses-wave1,81,1.2928531896000122,1.4365380263140006,1.1820918518568555,1.23725658359519
sub-1054,ses-wave1,70,1.3251506007204672,1.408572872282872,1.0692597200611016,1.2295738802168241
sub-1054,ses-wave2,74,1.418599472827315,1.4788385522624843,1.2117341587592425,1.3006249291541232
sub-1084,ses-wave1,71,1.421907010035484,1.5665716494631385,1.1284560298194384,1.194954482190014
sub-1108,ses-wave1,70,1.340762251542919,1.5298858799635733,1.4052689224314765,1.361423502390897
sub-1119,ses-wave1,23,1.6195967946188323,1.6571351986629022,1.620035581919663,1.6149843407792657
sub-1119,ses-wave3,33,1.668849071290326,1.7048879388169214,1.7501900455425579,1.7811092630677967
sub-1139,ses-wave1,73,1.4461704076269537,1.4557637976887234,1.4050815448651257,1.4470698454057507
sub-1139,ses-wave3,82,1.2371099685795894,1.317923251905977,1.3151651921402587,1.312651611133428
sub-1153,ses-wave1,56,1.334427654342035,1.5388874607118206,1.153664504942895,1.0968183337741397
sub-1153,ses-wave2,60,1.3277433447177203,1.568413386243953,1.4754717393832932,1.4506193035185349
sub-1153,ses-wave3,65,1.2793382402763196,1.6222625423593746,1.3740823116975225,1.544015300113023
sub-1154,ses-wave1,26,1.7541363022893477,1.6877954478577353,1.516942164518275,1.546899268647936
sub-1157,ses-wave1,29,1.4121588118984412,1.6613143403754833,1.3143669372953306,1.2360507320196161
sub-1157,ses-wave3,38,1.5743010588903763,1.7984982147117237,1.3428986714200708,1.36465315352074
sub-1159,ses-wave1,34,1.760306170088073,1.8001968046876067,1.5135826015214782,1.4978239949848824
sub-1165,ses-wave1,21,1.4665775106303511,1.6501824633222288,1.6023708696657786,1.683431831121921
sub-1168,ses-wave1,25,1.8093690183779383,1.7062496431355751,1.406320117595452,1.3035083475111549
sub-1169,ses-wave1,31,1.3957400652963126,1.5131521948339126,1.2707792035383414,1.3397871682478029
sub-1169,ses-wave2,35,1.2967442577780102,1.4195541806316496,1.4130526304636435,1.5054773963303474
sub-1172,ses-wave1,27,1.524618208179707,1.5951613615583062,1.2088669906589622,1.095135888553559
sub-1172,ses-wave2,31,1.5975236978739704,1.712861919706939,1.45466865862893,1.432840114293715
sub-1172,ses-wave3,36,1.736524960143061,1.8201155049821571,1.4576800743097382,1.4651768483828653
sub-1175,ses-wave1,43,1.767129987087306,1.8270755176845614,1.5934327203245822,1.612523515038579
sub-1175,ses-wave3,52,1.8611351218658279,1.9789222934333572,1.3891945190984063,1.4492763464623755
sub-1195,ses-wave1,76,1.447658049318491,1.662604492560511,1.3764613925289786,1.4447741619222858
sub-1196,ses-wave1,24,1.4210262644745875,1.681690094153496,1.4512998911733381,1.8008069283045363
sub-1199,ses-wave1,23,1.4854400984575014,1.5757500984986208,1.3782721656596963,1.3151612633207321
sub-12,ses-wave1,56,1.4265015008405908,1.5422825451421425,1.3265670899507216,1.3224693559297043
sub-12,ses-wave2,60,1.7129100690934613,1.876620853809129,1.5706917904836435,1.6211048100109056
sub-12,ses-wave3,66,1.7884621184470644,1.938856091552812,1.5628984929456815,1.5099305032127917
sub-1220,ses-wave3,64,1.7219791553196926,1.8568694819447584,1.5753072474810692,1.765752884162331
sub-1225,ses-wave1,89,1.41242393994042,1.6763488156827078,1.3580035422424408,1.5622269266717268
sub-1226,ses-wave1,74,1.1733616613890565,1.309230916314248,1.0967574010720276,1.1704644487447615
sub-1226,ses-wave3,83,1.1154243792562917,1.1931584808227915,1.086710823861166,1.1653161599315938
sub-1240,ses-wave1,45,1.4659811014956745,1.6728460949930049,1.1687578277007455,1.2697468236206708
sub-1240,ses-wave2,49,1.219555577402147,1.3765515172916312,1.2365539298617771,1.335071816854851
sub-1245,ses-wave1,55,1.8340569770529862,1.8716065545176972,1.4782755071586233,1.4090724796932848
sub-1247,ses-wave1,73,1.3692708736091335,1.536152064092377,1.2643661290679344,1.3820896394109643
sub-1251,ses-wave1,42,1.8504688394129098,1.7118576525406168,1.7727872008394596,1.7377894067878006
sub-1267,ses-wave1,22,1.441288150165054,1.5263171276335488,1.4656339586530382,1.354956592709921
sub-1267,ses-wave2,26,1.6241349097845732,1.7515783893752002,1.283310842247245,1.3602715364998528
sub-1272,ses-wave1,24,1.6095316879448054,1.7302422599127802,1.6727098999112109,1.6985587297288187
sub-1309,ses-wave1,36,1.6879544799315727,1.6372568269699233,1.0870762060978256,1.0833302100284068
sub-133,ses-wave1,22,1.3106017502532983,1.2440148074078137,1.4428478872264046,1.4689483540471568
sub-133,ses-wave2,26,1.69369389348899,1.722552752255354,1.4330894430327332,1.3891453082872425
sub-1356,ses-wave1,49,1.3507925697153953,1.6179390954207824,1.4424033193155794,1.6407412823717493
sub-1356,ses-wave3,58,1.1956060360983711,1.6377898321790902,1.12185705398238,1.4285183927906056
sub-1362,ses-wave1,54,1.4185905094993638,1.5176387291187643,1.3903404482814483,1.2489273695550709
sub-1362,ses-wave3,63,1.3209283883021958,1.4414773858079821,1.3424627849884698,1.3127684960938568
sub-1370,ses-wave1,32,1.6247227422970243,1.6931162197940375,1.6737362988081559,1.6857886013699819
sub-1370,ses-wave2,36,1.3769753258985107,1.451248566684077,1.443782602965123,1.489127109548377
sub-1370,ses-wave3,41,1.4096850854018663,1.4857007687684283,1.5336294387572262,1.6272455830814494
sub-138,ses-wave1,30,1.8642065342849188,1.94262304296846,1.6777437662098422,1.6525860005738149
sub-138,ses-wave2,34,1.7469129734830557,1.86318524232476,1.7253784788404376,1.7763153438151562
sub-138,ses-wave3,40,1.8075385141572589,1.863205878373542,1.5519469095780343,1.5947710316778139
sub-139,ses-wave1,24,1.7800254660081478,1.8938542690140563,1.5623307776486512,1.5803893374887974
sub-139,ses-wave2,28,1.5637227911768214,1.684493679995364,1.4719831247804511,1.5290218542643497
sub-139,ses-wave3,34,1.6003449959280656,1.7470137949202922,1.250633803009345,1.3307003155941375
sub-140,ses-wave1,43,1.3975766525712776,1.5333057481890844,1.3933708790327648,1.3026572290078213
sub-140,ses-wave2,47,1.24185762883953,1.459267703173824,1.4084480425405392,1.3632373236911324
sub-141,ses-wave1,54,1.6598367431199006,1.6855706534256658,1.3712452916417384,1.4077014826994234
sub-141,ses-wave2,58,1.5013443025552793,1.48903976913073,1.4008407397450735,1.4213979456646124
sub-1431,ses-wave1,40,1.7682121586889654,1.7684670268612221,1.3543236473919222,1.493393769374541
sub-1431,ses-wave2,44,1.3392519183983882,1.464355291782457,1.3977476767582184,1.5509915638287632
sub-1439,ses-wave1,32,1.8759498474622585,1.8466646756090976,1.3851621759207386,1.4218845186592701
sub-1439,ses-wave2,36,1.716954012857707,1.6275125293613963,1.6295687459046726,1.4786872919303555
sub-1439,ses-wave3,41,1.711510598028936,1.8465842291819388,1.7468491859810487,1.8848762123970133
sub-1444,ses-wave1,31,1.8463791737444337,1.867651570749405,1.4804620761096077,1.6063699713467998
sub-1444,ses-wave2,35,1.675360653580922,1.788987702494284,1.6503340004690523,1.7784575752946439
sub-1452,ses-wave1,36,1.290746762803602,1.6549456823620203,1.3857442652846315,1.539218474372036
sub-1452,ses-wave2,40,1.035605157685796,1.5095884686326086,1.2248609335890293,1.4364874162921326
sub-1452,ses-wave3,45,1.2061949950049193,1.5965016336254545,1.1430091138536034,1.3255617394202712
sub-146,ses-wave1,21,1.592264148544185,1.7004052453130452,1.1445278371730039,1.184899035595587
sub-146,ses-wave2,26,1.5279318883805062,1.6490814445743827,1.4390344812911235,1.5245534321865475
sub-146,ses-wave3,31,1.4602554540198966,1.6102518893950644,1.5270497677482668,1.6158174474506546
sub-147,ses-wave1,51,1.3303800710100544,1.51295859932638,1.514472338790696,1.5187349758401583
sub-147,ses-wave2,55,1.316577591867412,1.4502282008700083,1.3408933138667065,1.3336436041255784
sub-147,ses-wave3,60,1.2731079173680109,1.3402623860603295,1.2808184839379324,1.2024669298510609
sub-1476,ses-wave1,63,1.1772899627178217,1.345314135926406,1.2077757959562834,1.3206796151574036
sub-1476,ses-wave2,67,1.0625084599490584,1.231898861565451,1.11900197197397,1.2273735920854014
sub-1476,ses-wave3,72,0.9753835350054438,1.110539129845706,0.9957156222180051,1.1002062680190148
sub-1484,ses-wave1,60,1.8726037233081985,1.8345995877295256,1.253406947216607,1.2892552970740259
sub-1484,ses-wave2,64,1.4128433637720386,1.5089777329604563,1.1957474474430234,1.2785600255460803
sub-149,ses-wave1,68,1.7376689460821264,1.7243808932620417,1.491300147113691,1.4812655700978485
sub-149,ses-wave2,72,1.890713014031312,1.9165214764285512,1.5456348553903443,1.5939881489329255
sub-149,ses-wave3,78,1.483478280645658,1.631091042022705,1.3898053337216973,1.489194648785239
sub-153,ses-wave1,64,1.5460390483672892,1.661509159694502,1.3681844221834505,1.368298723018126
sub-1531,ses-wave1,82,1.226589600848714,1.3959446288816553,1.100256268946951,1.1598403511559816
sub-1543,ses-wave1,50,1.5015410129887077,1.7991386610881939,1.4810629737794057,1.6637523493038944
sub-1543,ses-wave2,55,1.226080757219331,1.4364161567211895,1.224714120238827,1.4351281177760957
sub-1543,ses-wave3,59,1.336426803463894,1.529946520525867,1.3935100851617348,1.630545654291405
sub-155,ses-wave1,21,1.681778832817471,1.5830445473655053,1.559058234787955,1.4322692212420254
sub-158,ses-wave1,68,1.2029728041092278,1.3522614115144842,1.0036442045632274,1.0124010318256245
sub-158,ses-wave2,73,1.265303364498466,1.585354144662727,1.2787890294469832,1.3906389536796198
sub-158,ses-wave3,79,1.5598897922963006,1.7705109535275083,1.3418509101859428,1.3871106273209124
sub-159,ses-wave1,36,1.3677514500907884,1.5370867403685036,1.1849626895241332,1.2137678053629715
sub-159,ses-wave2,41,1.286804743616627,1.431688480864529,1.0981499173807439,1.1154201812276197
sub-1591,ses-wave1,73,1.121307962339956,1.340831084232038,1.0011038467096827,1.1597094238308536
sub-1613,ses-wave1,71,1.3555138127583484,1.589255012031647,1.2265321894442842,1.2546369106873945
sub-1615,ses-wave1,43,1.3577942262334985,1.5901297769572083,1.3770973394946586,1.5970939406391786
sub-1615,ses-wave2,47,1.225012503158105,1.3455840721105574,1.295083855727301,1.339325803342471
sub-1615,ses-wave3,52,1.358642604443602,1.5927005179252178,1.3196656876132684,1.504880642091835
sub-1617,ses-wave1,73,1.532066406025773,1.641368212637618,1.4397362995039882,1.5424346353848644
sub-162,ses-wave1,45,1.5067889049695442,1.6871915006480454,1.4061119008778276,1.4394427898799373
sub-162,ses-wave2,49,1.37658733023048,1.5648370010184192,1.3257057204041434,1.373359154238387
sub-162,ses-wave3,55,1.2119810595114382,1.3815711869395737,1.1450083424032858,1.2102169770753088
sub-1626,ses-wave1,76,1.7576330011558214,1.8950844824183317,1.5075161187962987,1.616615263680172
sub-163,ses-wave1,46,1.5476078924741368,1.5644738286841335,1.4010728158890107,1.355743591911103
sub-163,ses-wave2,50,1.7521445276839172,1.7156869149191674,1.2851136468836732,1.2256352380811601
sub-163,ses-wave3,56,1.652125359052709,1.7177221778579586,1.346612497287723,1.3755624574250336
sub-164,ses-wave1,50,1.4228042441596993,1.6504209292593783,1.5513865657501096,1.5724173639298167
sub-164,ses-wave2,54,1.374085803691674,1.5586682650311705,1.6151775736073235,1.6987379512031053
sub-1656,ses-wave1,87,1.0928146214377885,1.3076240366599194,1.207222822460058,1.3263739158900327
sub-1656,ses-wave3,96,1.0496566561877798,1.3326890966136438,1.1507762769866345,1.3277435604742545
sub-1685,ses-wave1,60,1.3568457564046086,1.7628983157375864,1.2716827576486132,1.6271534071072125
sub-1685,ses-wave2,64,1.2200937238144869,1.6196595701992575,1.0864480417374596,1.3962173081933447
sub-1685,ses-wave3,68,1.5070683904462414,1.750029031022082,1.145303817198343,1.270420215232588
sub-169,ses-wave1,56,1.3717611331354431,1.5820226460960216,1.1600405670953349,1.2331348489513414
sub-169,ses-wave2,60,1.3924170191258851,1.7494546615735078,1.2979754080637895,1.4972833769835143
sub-169,ses-wave3,66,1.2345071100535523,1.5482585864501597,1.1837779518639748,1.430215968375885
sub-1759,ses-wave1,61,1.6983164502201222,1.5144302467378934,1.3292430651299194,1.2647359198839896
sub-178,ses-wave1,52,1.3764678830072377,1.6047884168917137,1.2503676500935905,1.4292236174741089
sub-178,ses-wave2,55,1.3948356059030576,1.535945137711791,1.23533053555412,1.3527740849582768
sub-178,ses-wave3,60,1.4563305531274298,1.6289758764168687,1.3617746166909424,1.4668606062368938
sub-1784,ses-wave1,38,1.4849929590710824,1.5677759880030622,1.213780504361448,1.3019748626991372
sub-1796,ses-wave1,38,1.3792913326802103,1.4413035451717946,1.422376482006982,1.4812102995732879
sub-1796,ses-wave2,42,1.0785959186209704,1.1526467775163758,1.2940480562638312,1.374122883930154
sub-1796,ses-wave3,47,1.5036405789286114,1.5479076256815463,1.4472280552868209,1.5236462376726114
sub-1797,ses-wave1,35,1.4742201630334566,1.5518674700561692,1.3708231650339084,1.3358315324486485
sub-182,ses-wave1,68,1.4390448652602557,1.676103956466957,1.4896188740920848,1.575604739518334
sub-183,ses-wave1,62,1.5938248042147467,1.220739472262317,1.5807332995023267,1.3890547222918774
sub-183,ses-wave2,66,1.7500036409908981,1.5537410757459011,1.6957794488198414,1.5040240542556302
sub-1844,ses-wave1,32,1.5715175662526886,1.5676564113528466,1.4742065867912888,1.412245052262811
sub-1844,ses-wave3,41,1.4971847962932991,1.4777525019502984,1.5702570108762892,1.6503308847244695
sub-1849,ses-wave1,31,1.2692685004249706,1.4843165166616488,1.1233634770180683,1.2530458254435708
sub-1849,ses-wave2,34,1.0748674308957897,1.1766737038912207,0.9291552206626205,1.0401130651193362
sub-1849,ses-wave3,39,1.1872772408357395,1.2885956375091,1.1143956333183496,1.2355090141919278
sub-1850,ses-wave3,39,1.6240565838027217,1.4747063261384636,1.5408088905837753,1.6217640155984046
sub-1856,ses-wave1,80,1.6420043741149712,1.7598597179154838,1.3469824596087223,1.3831565423151317
sub-1856,ses-wave2,84,1.1369689122792341,1.2696296028980294,1.2963549238652368,1.4083905813187967
sub-1860,ses-wave1,31,1.5985014785888179,1.6979099440820016,1.8214415490540965,1.8617687326984216
sub-1866,ses-wave1,86,1.2132395546832424,1.4251162390308085,1.1666557626325778,1.2508203626306957
sub-1868,ses-wave1,83,1.321570933739949,1.5135743876726067,1.3742776581459493,1.5565902097385544
sub-1869,ses-wave1,31,1.6240617557323107,1.7574805254402805,1.4678984368645414,1.4438311345842663
sub-1874,ses-wave1,47,1.911514274210124,1.9765037110171493,1.461177601141887,1.4813710189253566
sub-1875,ses-wave1,57,1.4309598748267411,1.5799179112290938,1.5006923253101674,1.5646688304741083
sub-1875,ses-wave2,61,0.9984018071473935,1.0147496459745244,1.1722637207809274,1.2858560375554378
sub-1875,ses-wave3,65,1.4434963580247424,1.5760390625926106,1.3991895976035862,1.4509286046477947
sub-1882,ses-wave1,86,1.3649268610709508,1.4372213153200282,1.3908309870235918,1.2955898469017737
sub-1886,ses-wave1,82,1.2260269336856189,1.3664417867529701,1.1842778592880285,1.4439326903324516
sub-1915,ses-wave1,75,1.2795513246826629,1.5124398631823255,1.2924619270846436,1.4179228889838609
sub-192,ses-wave1,30,1.5209994158277145,1.7087863404086838,1.4046475668848728,1.3034218089858023
sub-192,ses-wave2,34,1.7361398929126175,1.7945570309316736,1.6267884226212581,1.5177691874437473
sub-192,ses-wave3,39,1.5544438993936212,1.6820771567492487,1.5510249509311342,1.5688262543832432
sub-1922,ses-wave1,36,1.631681455263055,1.7691940014684142,1.053561921832336,1.0234700433255364
sub-1922,ses-wave3,45,1.567014591896647,1.6078591449998378,1.536987591022072,1.6235678196428376
sub-1933,ses-wave1,83,1.4622553533133602,1.6229152328771825,1.050298881527563,1.1148875361640138
sub-194,ses-wave1,33,1.5054395085902512,1.6854045400198239,1.45613069248178,1.5699084710685867
sub-196,ses-wave1,66,1.317601391971209,1.4043770514397056,1.165388480049759,1.22383075768465
sub-196,ses-wave2,71,1.627435508013175,1.6726308022956253,1.3600098240065877,1.4566364682509905
sub-196,ses-wave3,76,1.2609738976843847,1.3379668495035804,1.1707908421458741,1.2665240113051819
sub-1993,ses-wave2,68,1.7236881357674954,1.5567082969637134,1.3414981398449894,1.4510196774566602
sub-1993,ses-wave3,72,1.5754538107639198,1.7802155330977476,1.3311634521073579,1.504491864388224
sub-200,ses-wave1,52,1.2050957335141432,1.3285885441473984,1.101615025596745,1.0504277037240617
sub-200,ses-wave2,56,1.6333419074975382,1.5226171827146022,1.2817636439525528,1.017087429560285
sub-200,ses-wave3,62,1.4088329758583968,1.5833694789605832,1.3779868726625557,1.284488675730379
sub-2031,ses-wave1,56,1.5627240130443616,1.6853128540998659,1.212061771426818,1.2311329751617244
sub-2034,ses-wave1,86,1.1691867452056413,1.353771568157526,1.176153323588075,1.3122415097445623
sub-2043,ses-wave1,82,1.3258391913662353,1.4171895530415424,0.9956093808437904,1.0505747757951
sub-2043,ses-wave2,86,1.1759113994844494,1.2255851053622344,1.1595107769826536,1.1495371622266928
sub-2044,ses-wave1,88,1.0455573912859155,1.2369690794136845,0.8077333343494466,0.8921024920962295
sub-2053,ses-wave1,81,1.44707820138603,1.5407871861467939,1.4834303613113948,1.552898460946589
sub-2054,ses-wave1,88,1.1716148628369523,1.3844695943304615,1.1301059289552167,1.1669019359218797
sub-2062,ses-wave1,84,0.9659863663702688,1.1536745838092821,1.0655925352019415,1.2331188313035633
sub-2067,ses-wave1,35,1.486534121880146,1.6530100051760752,1.718834812785191,1.811399481685838
sub-208,ses-wave1,54,1.4156768273765874,1.6139357179061022,1.2216069576213644,1.371266306618497
sub-208,ses-wave2,57,1.280264142431033,1.3843639589609775,1.3345955909495022,1.3730671892519635
sub-208,ses-wave3,62,1.3775119782142486,1.5024072560186152,1.2967286672007854,1.3746750026341528
sub-2087,ses-wave1,81,1.168590398716919,1.4633146163485868,1.0024878125394894,1.1133796294055922
sub-2093,ses-wave1,33,1.5101029165319264,1.8027307555640883,1.3097247501756395,1.4040365541939928
sub-2093,ses-wave2,37,0.8660430330086837,1.0647288522589786,1.1211385886028629,1.3127994928186122
sub-2093,ses-wave3,42,1.2775613675999908,1.6749076079126473,1.3755081624199694,1.5653387559359129
sub-2095,ses-wave1,53,1.4239391540345698,1.594686278059585,1.40901008136,1.3609592364811105
sub-2095,ses-wave3,61,1.4440790326670099,1.718408223086073,1.349217045139275,1.3168556524428738
sub-21,ses-wave1,72,1.3767681762678696,1.3883347696410289,1.3895885791977645,1.3949422249472048
sub-2117,ses-wave2,78,1.329517010329282,1.5724001616404977,1.1829085534877601,1.3321727755434807
sub-2117,ses-wave3,83,1.162064601591063,1.2857340909861406,1.0679729128969686,1.167236814039777
sub-2126,ses-wave1,86,1.1351859785080052,1.2982313613762915,1.25910556240137,1.398523205231463
sub-2127,ses-wave1,71,1.5257355145120821,1.7962787542893304,1.4805170320993577,1.546415781524102
sub-2127,ses-wave2,75,1.2055298834781707,1.342963274044275,1.304555451009948,1.344324980257643
sub-213,ses-wave1,57,1.6327554335694945,1.8565035078871912,1.240548430421782,1.3698133869819658
sub-213,ses-wave2,61,1.499715684538086,1.5725765766909692,1.2662593264110589,1.276381242114059
sub-213,ses-wave3,67,1.318392931839141,1.4893286289748155,1.289450683651806,1.4386213167826043
sub-215,ses-wave1,34,1.3798345853918117,1.5976901679129287,1.3576903752557543,1.4420251104463884
sub-215,ses-wave3,43,1.4335837854811397,1.5866794336066048,1.4198652599536772,1.4409742788630142
sub-2172,ses-wave2,49,0.3658828089906153,0.3467968110445458,0.515979368420937,0.5213662543458031
sub-2172,ses-wave3,52,1.5352000872010712,1.7126444568778052,1.4653940242144026,1.5620452536296416
sub-220,ses-wave1,66,1.3526222337357627,1.5804245760004296,1.2403585304746874,1.4008975220867534
sub-220,ses-wave2,70,1.1966170163104808,1.4758917719707807,1.061286016823713,1.2117896868636346
sub-2206,ses-wave3,51,1.5370868063785414,1.7125394690541338,1.5690022663309993,1.696312614008119
sub-221,ses-wave1,53,1.2873218456429232,1.383975397256839,0.8804260311356266,0.9604373738723563
sub-224,ses-wave1,86,0.9868860297525079,1.2165151066622037,1.2223350700276203,1.2051184127943628
sub-2248,ses-wave2,37,1.8537388866000826,1.9540317435478725,0.9781695779951437,0.9704744702427247
sub-2248,ses-wave3,41,1.6586098431121994,1.6103880164942859,1.2743846052378336,1.2624402061942224
sub-236,ses-wave1,70,1.2817365100709797,1.541562397499931,1.325538947845716,1.4507414498547533
sub-236,ses-wave2,74,1.1587695403516807,1.3944849237169297,1.214187494026954,1.2974279960949966
sub-236,ses-wave3,80,1.095304669737895,1.2596450447798815,1.3234706061075687,1.4588682105250892
sub-245,ses-wave1,65,1.449011348079227,1.4951754426637298,1.4979368575757344,1.4930846352607916
sub-245,ses-wave2,69,1.2465058794535966,1.3850266758692442,1.2546820461461539,1.3699137354385225
sub-245,ses-wave3,75,1.3318218177094958,1.4497605519391585,1.1909496123092014,1.2321415500716704
sub-252,ses-wave1,80,1.1706787253299156,1.3052106019159142,1.1047096853421179,1.1694760293212674
sub-274,ses-wave1,76,1.2971187208237618,1.3976695288809158,1.3103250212069228,1.4052978501985132
sub-274,ses-wave2,80,1.036198348887397,1.3234699191152204,1.057850304359085,1.1680984191844055
sub-2813,ses-wave1,73,1.3242184618345958,1.4649158110444405,1.4027844568892327,1.5120529863754333
sub-2813,ses-wave2,77,1.1972681684191293,1.2774949373129925,1.090517595905706,1.2630887490823948
sub-2852,ses-wave1,68,1.5224315002978306,1.7312962893011707,1.2958230659048977,1.363273641172622
sub-2885,ses-wave1,55,1.240435739865247,1.4063172715599495,1.2038196947952493,1.2751080263848187
sub-2885,ses-wave2,58,1.2302494996149924,1.3384331023375255,1.2838562153579698,1.2972577959795035
sub-2885,ses-wave3,63,1.4477564451663576,1.5737355856773796,1.2438933981241276,1.3095690635049986
sub-2940,ses-wave1,62,1.332032888031331,1.7224898093737706,1.372096591734137,1.4261457295176803
sub-2940,ses-wave2,66,1.3781929351610802,1.8472235792067957,1.1863604387940894,1.3336860397601578
sub-2940,ses-wave3,70,1.5039710915982893,1.6659279887740872,1.336243866021729,1.3940189936195817
sub-2974,ses-wave1,65,1.5792538313139226,1.621337323280251,1.2980211135046764,1.3720776015680343
sub-2976,ses-wave1,69,1.5210157598525982,1.6052044950218027,1.4851397466791962,1.53492132405997
sub-2976,ses-wave2,73,1.4696942295158988,1.6895724585458678,1.403407677147357,1.5796255023817138
sub-2976,ses-wave3,78,1.7988095924394611,1.7845680521711813,1.565540591406667,1.4934858936815387
sub-299,ses-wave1,65,1.1412336867177342,1.2859683592552011,1.0438641799335098,1.1110229044309539
sub-3003,ses-wave1,67,1.456070749986056,1.6218342994570834,1.1243366865135334,1.168435595506129
sub-3005,ses-wave1,89,1.63665255744333,1.7847206243908191,1.8382570772007183,1.8424272962526336
sub-3005,ses-wave2,92,1.3638922577173083,1.5150425874214308,1.534682139076187,1.571809540265584
sub-3010,ses-wave1,77,1.3116792952349514,1.5034842803381376,1.3580098750060663,1.4275242821435312
sub-3053,ses-wave1,59,1.4736784946872639,1.588416094318058,1.3695252634658626,1.4604425060947657
sub-3053,ses-wave2,64,1.3898897552341734,1.6473183847709822,1.3510363741213949,1.507236054073687
sub-3066,ses-wave3,66,1.3969889236064232,1.3941050276204727,1.3814156847646986,1.3227723551219113
sub-3086,ses-wave1,70,1.4747779173791389,1.5055453770897622,1.264423820398052,1.3675304092366993
sub-311,ses-wave1,75,1.124209708348935,1.3339358393622465,1.2446762704984509,1.4066350231197613
sub-311,ses-wave2,79,1.1488549962856485,1.319638071494906,1.3456526388098402,1.4755136227417864
sub-3126,ses-wave1,70,1.4441374914391594,1.449472773475683,1.481032030298532,1.5009901729428021
sub-3126,ses-wave2,73,1.2827589233624788,1.3104050758056622,1.1801085985468496,1.3449084013756234
sub-3126,ses-wave3,78,1.668205469607985,1.5361867806675873,1.6207872718248209,1.4985360977888336
sub-3131,ses-wave1,78,1.4384270009478222,1.6133761144919554,1.3384977753461145,1.421346599793952
sub-3131,ses-wave2,81,1.1724494620408135,1.3183549394313179,1.0958016844033533,1.2246138516720948
sub-3131,ses-wave3,85,1.5684531151909367,1.4958104985896756,1.1203500451434005,1.2051606845601066
sub-3146,ses-wave1,71,1.2975708271020288,1.4210582454146428,1.156023470477099,1.3235044511082499
sub-3146,ses-wave3,79,1.0290012608312753,1.0861059140504685,0.9424983271045551,1.065620297689752
sub-3163,ses-wave1,51,1.5201139446741685,1.616858584838693,1.3159886038249495,1.401212426500659
sub-3163,ses-wave2,55,1.2646976235099279,1.4040290963672675,1.1982746298018216,1.1890786986135886
sub-318,ses-wave1,84,1.0167806175675564,1.1174036264466272,1.0770891675001977,1.190745246836795
sub-3182,ses-wave1,60,1.5032918697195745,1.601601438604797,1.354226889566817,1.417928223612149
sub-3182,ses-wave2,63,1.4214505737055005,1.5713577758799553,1.1136053447896823,1.1831493886155426
sub-3212,ses-wave1,80,1.183511042171076,1.5447522519085517,1.1328171894737145,1.4431271574472095
sub-326,ses-wave1,62,1.4787188159248426,1.4989986636530301,1.3887401301866849,1.4835289293970033
sub-326,ses-wave2,66,1.5746540179369555,1.6039770965946174,1.5617013694893604,1.680988924449768
sub-326,ses-wave3,71,1.2930274130211503,1.4312292898926111,1.345754159595629,1.3365240174044828
sub-327,ses-wave1,41,1.3761063570664869,1.3893758702108088,1.8045444660792385,1.7423077375755627
sub-327,ses-wave2,45,1.6477446601917245,1.7521803313174527,1.3913583797883133,1.3904432086178178
sub-3319,ses-wave1,73,1.2898243918579575,1.3475080552929266,1.269981957994245,1.3178881402804774
sub-3328,ses-wave1,73,1.17162953948946,1.3706554681533847,1.2287096065129501,1.300362598271381
sub-3328,ses-wave2,77,1.0716226914514035,1.3254194521940452,1.1792072812758057,1.3270080063206007
sub-3328,ses-wave3,81,1.1373382938247236,1.2405754648648815,1.143733803501277,1.2131883902107565
sub-3334,ses-wave2,69,1.198568015054585,1.3230429024844002,1.2339201680188103,1.2071403391673525
sub-335,ses-wave1,62,1.349608052684579,1.445268702955468,1.3658841197560296,1.4404331386141116
sub-335,ses-wave2,67,1.3626345911207525,1.499740167426724,1.1957135197328512,1.27332729646979
sub-3350,ses-wave1,56,1.1791626457613174,1.3784050309121312,1.4754302486090234,1.5997367988871456
sub-3377,ses-wave1,69,1.4804126852344974,1.6485493991152553,1.43873396477238,1.4141969034362785
sub-3392,ses-wave1,69,1.2398271889832382,1.5807471435458336,1.1734661385659608,1.3488117939708577
sub-3457,ses-wave3,84,1.9607831643672475,1.8804501517206533,1.339329710712382,1.4373848828693427
sub-3531,ses-wave1,55,1.5151477610094208,1.548086994313077,1.5153639660890588,1.6464053610513263
sub-3531,ses-wave2,58,1.492055202473245,1.474293814049524,1.434707437475204,1.544104249773075
sub-3531,ses-wave3,62,1.4211960396699228,1.438543135579145,1.459012574606952,1.4341175778544966
sub-3571,ses-wave1,51,1.6471034060784393,1.6962744075336744,1.2973269637784994,1.397008528648558
sub-360,ses-wave1,68,1.7312163354519077,1.5520263809804817,1.7080821548822092,1.670437840372907
sub-360,ses-wave2,72,1.6422411849760166,1.597441777051956,1.577993409123726,1.5973939625979805
sub-360,ses-wave3,77,1.4905044248049077,1.4574795752842749,1.4903987335524929,1.5898974021078458
sub-3608,ses-wave1,69,1.008260955326026,1.2658130965807313,0.9848138795835806,1.1721815372495805
sub-3608,ses-wave2,73,0.9434636549503707,1.1859885231031557,0.9072221870531771,1.093624478057522
sub-3608,ses-wave3,77,1.1978118837223868,1.3351295181723453,1.099848961977783,1.1963787302936308
sub-361,ses-wave1,64,1.2179145537871658,1.4452532433756118,1.403065407222585,1.5042982097870947
sub-361,ses-wave3,73,1.14013411154341,1.2899648312706176,1.1849905516943366,1.1612692763727794
sub-3639,ses-wave2,70,1.4028507046223357,1.537981873679973,1.2914031937975197,1.4504621543654879
sub-3653,ses-wave1,63,1.6490566606028982,1.8644632039647817,1.8029196531884728,1.8438927494577997
sub-3653,ses-wave2,66,1.4034028942961645,1.5200619705245964,1.2991821782528816,1.2641696669361964
sub-3653,ses-wave3,70,1.4713906561339767,1.5839719452951155,1.4796855658302699,1.3841304676584312
sub-3658,ses-wave2,66,1.2994201665514487,1.4425313624818772,1.2930906155002244,1.4746853949693528
sub-3658,ses-wave3,70,1.4873942646426865,1.4388953015897163,1.5516555407205554,1.497385584962325
sub-3660,ses-wave1,63,1.1730792757044812,1.489028468578904,1.4301267944714828,1.6202631106361647
sub-3660,ses-wave2,66,1.1556017995859837,1.4698634763867737,1.1314602469731883,1.293470968906101
sub-3660,ses-wave3,71,1.2858853047048446,1.4245197721381129,1.3827271909753038,1.3585055301390636
sub-3693,ses-wave2,65,1.3572343160356803,1.450696597631798,1.00560528689497,1.1395698805301901
sub-3727,ses-wave2,66,1.1499505513834427,1.4932240684327753,1.192740422248946,1.4067166860034828
sub-3744,ses-wave2,74,1.3023069791733262,1.4220367454225789,1.1030842659026174,1.2690288905192937
sub-3744,ses-wave3,77,1.4493004884453762,1.361888309597404,1.206545919905329,1.238237555805232
sub-381,ses-wave1,64,1.2999308310945705,1.5865409933896804,1.2334943648370422,1.311649307988525
sub-3841,ses-wave1,62,1.510892872813355,1.401251985012021,1.6286489497188483,1.5949608019965509
sub-3846,ses-wave1,74,1.2878953936148525,1.364548385880503,1.252503131025407,1.4700980057002984
sub-3846,ses-wave2,78,1.2331325722871873,1.5399338490755141,1.333158851588921,1.6752515983134495
sub-3863,ses-wave2,64,1.2218718808182814,1.4394632844225141,0.8734316702076654,1.0705288745041581
sub-3863,ses-wave3,68,1.3655335883949378,1.3979831766414148,1.0987766791684614,1.229233716234452
sub-3898,ses-wave1,70,1.7349002702730407,1.8814422057564688,1.2670602920662561,1.312520815897271
sub-3898,ses-wave2,75,1.0424755979731044,1.4109886898231816,1.033273769386013,1.341927409707608
sub-3911,ses-wave1,51,1.390138222312224,1.577770346952292,1.4942850640363976,1.6309984481047561
sub-3911,ses-wave2,55,1.1816108235496967,1.4305405929678106,1.2467965343153935,1.316026923754588
sub-3911,ses-wave3,59,1.337394076344013,1.6149454077419012,1.3654770803800673,1.5465558641050563
sub-3946,ses-wave1,74,1.313014578578799,1.472018889339587,1.270046234256255,1.3270810925222905
sub-3946,ses-wave3,81,1.1764494971667847,1.3107305319419633,1.1910812076767567,1.325432792151428
sub-3983,ses-wave1,62,1.6141864066766887,1.4914730445524786,1.4636269102725812,1.4709368760673567
sub-4104,ses-wave1,56,1.4074652710459798,1.376168703868374,1.6472666627308727,1.5209031861091546
sub-4104,ses-wave2,60,1.254537716123586,1.3739592851560412,1.4204298534649042,1.6270001295313397
sub-4169,ses-wave1,74,1.5012026820029747,1.6563744291452234,1.24532840568506,1.4051446140210189
sub-4169,ses-wave2,77,1.3314943477982366,1.7830277503538146,1.234286525062071,1.6731324000977041
sub-4172,ses-wave2,59,1.5800807229494696,1.7139789650841775,1.4023378101698956,1.425865081136248
sub-4196,ses-wave2,86,1.2401898043144683,1.475104512178964,1.2720513553805703,1.5563299154164212
sub-4196,ses-wave3,90,1.3496456706888842,1.5188929225853083,1.361493809518654,1.3422297223640696
sub-4240,ses-wave2,79,1.1746212139785266,1.5032468796732077,1.1060411762760998,1.348916212194616
sub-4301,ses-wave2,72,1.3408279217525951,1.7821625011527487,1.2851254798387033,1.6737151286803778
sub-4315,ses-wave2,80,1.0265138696373315,1.4399236307743617,1.0650136920828284,1.2098561542286443
sub-4315,ses-wave3,84,0.9104716275899353,1.0123485107567483,0.9773988485690073,1.0441179288294735
sub-4394,ses-wave2,55,1.2173967760441318,1.3136739175554775,1.1353043811259258,1.2429960468929058
sub-4394,ses-wave3,58,1.179276657263473,1.116945447319962,1.1742101888622842,1.17188766894803
sub-4398,ses-wave1,71,1.1659545256430557,1.5142060369200556,1.0422820503011891,1.1930221669260335
sub-4507,ses-wave1,76,1.7297894226582504,1.8041686108478205,1.7949761656778613,1.8854578084527323
sub-4565,ses-wave1,85,1.357617006712796,1.3398581753286571,1.1469260183171566,1.2260011079820334
sub-458,ses-wave1,24,1.5493271911422468,1.6912008788038908,1.2772559539163892,1.3241206769008766
sub-4581,ses-wave1,73,1.5740511680048088,1.6390999195743128,1.1281025148692387,1.2345381665582142
sub-4586,ses-wave1,82,0.8886395998187563,1.1883535000817815,0.9729233981597463,1.1602472427602686
sub-4613,ses-wave1,79,1.1410273136043403,1.370641941158867,1.0455327089016513,1.1927625961346768
sub-4613,ses-wave2,83,1.1683655488889697,1.3205016612492513,1.05602063726001,1.2526569527786509
sub-4615,ses-wave1,75,1.1196430782323172,1.5037186728313219,0.9485742547192488,1.2572953723832494
sub-4615,ses-wave2,78,1.0813385831089097,1.5223431527104154,0.9778393793996437,1.2791480168503686
sub-4641,ses-wave1,71,1.3631315432153057,1.643380365070144,1.4344648906199835,1.254615645400211
sub-4641,ses-wave3,78,1.251974652599471,1.5428638749713675,1.2737172644718848,1.3414398705564479
sub-4658,ses-wave2,75,1.0152151568987837,1.141400202872031,1.066104380235757,1.2102229417170887
sub-4659,ses-wave1,77,1.504815392052337,1.614589954565585,1.446500414887712,1.5344608056274032
sub-466,ses-wave1,23,1.892045480666224,1.7406505709694777,1.727149037742632,1.4309777562214308
sub-466,ses-wave2,27,1.6426876411547906,1.6072500450994935,1.5027533741703314,1.485373488112195
sub-466,ses-wave3,32,1.7376503599726654,1.5210859162817465,1.5092298274434128,1.56361337685218
sub-4660,ses-wave1,66,1.3913190851660393,1.5565928823867352,1.3522563174361637,1.4764625455112674
sub-4679,ses-wave1,70,1.2276768594390268,1.3451914691378661,1.2258004200564578,1.0209564918813365
sub-4679,ses-wave2,74,1.1553445521132508,1.326332886892184,1.237481861887701,1.2603553861495214
sub-4679,ses-wave3,77,1.3181648741306953,1.4795067586663198,1.5770134278073895,1.4918486221255638
sub-470,ses-wave1,25,1.7351860978432347,1.874172576918197,1.4976487372838192,1.5665569352252706
sub-470,ses-wave3,35,1.3702086276175218,1.6017081821895556,1.5274872660578727,1.6500740449238267
sub-4737,ses-wave2,59,1.274567288143214,1.540623252725706,1.1842779853061494,1.3356905134180235
sub-474,ses-wave1,62,1.9711925343523597,1.5125960157914893,1.6942266348940607,1.6507835353263351
sub-4749,ses-wave1,57,1.3167290448532263,1.589369282668963,1.2689156772113723,1.3747429228542338
sub-4749,ses-wave2,61,1.3219193511390417,1.3870246924393643,1.3525124136832698,1.303731731884795
sub-476,ses-wave1,87,1.2578122448823923,1.5592393626582912,1.2160937994813386,1.3377087100523515
sub-4769,ses-wave1,56,1.4233485856686483,1.8173521917513018,1.4062163818515125,1.6610081207510097
sub-4769,ses-wave2,60,1.3207417130549044,1.8193639198960319,1.4073947637760045,1.7035303464286642
sub-4769,ses-wave3,63,1.2510262083992951,1.7467745942147468,1.3354413298300283,1.5225229185774591
sub-4791,ses-wave1,57,1.2549484369135597,1.3875832138470827,1.164813986209931,1.2870219606669027
sub-4794,ses-wave1,71,0.723477977721258,0.7892792790569257,1.169367781259404,1.010334742977431
sub-4795,ses-wave1,58,1.5068830480983217,1.7120850009898858,1.419587120415272,1.5412268815893242
sub-4795,ses-wave2,62,1.507396502877779,1.6833111357996116,1.4537347825042466,1.6645734982527514
sub-4795,ses-wave3,65,1.1942938074548044,1.369273898343399,1.297279033912541,1.5409341400036483
sub-4799,ses-wave1,61,1.7388573463264674,1.7725612489215623,1.5267595801040694,1.479688772212367
sub-4805,ses-wave1,63,1.5798073030670636,1.6649897780125522,1.2425502782325488,1.4354814756709422
sub-483,ses-wave1,81,1.0605683553329983,1.3643090636241741,1.2408695541403367,1.4083327785914754
sub-483,ses-wave2,85,1.0662672044317933,1.344317386665806,1.0571311883063665,1.1654689504890987
sub-4841,ses-wave2,70,1.303655150210035,1.3734316303553438,1.3645046987364176,1.461892842975936
sub-4847,ses-wave3,77,1.3571516260247807,1.3197680250722124,1.2722208792201812,1.2818838973029019
sub-4868,ses-wave2,67,1.1192660409864863,1.438355295279222,0.9782637982677744,1.2852559944717703
sub-4868,ses-wave3,70,1.3424615856596338,1.4827461263451194,1.0278102108082035,1.098674761219415
sub-4869,ses-wave2,77,1.0502595301131623,1.191636966093875,0.9918318838822684,1.145423993296411
sub-4876,ses-wave2,67,1.3967550011319196,1.5111915718998785,1.5117545782778787,1.6337835608863427
sub-4876,ses-wave3,70,1.5563159546917464,1.4669915875626174,1.5353264344758528,1.5743311735599237
sub-49,ses-wave1,70,1.731063816450554,1.5806154432425692,1.5268154706846224,1.5759564355560676
sub-49,ses-wave2,74,1.6820508988875251,1.6039072184282366,1.2168199770395292,1.2589959336299417
sub-492,ses-wave1,70,1.4594941389422895,1.5329998469863724,1.3387901490588456,1.3455072958640022
sub-495,ses-wave1,69,1.6943066037769772,1.80300018771595,1.005195081882687,0.9721827732077708
sub-509,ses-wave1,61,1.769655243934456,1.7629049088321294,1.6437704514978975,1.6104987191034785
sub-509,ses-wave2,65,1.5965745555682707,1.550844638861006,1.631339371793313,1.612276048046061
sub-532,ses-wave1,64,1.191736386125612,1.3697667811430134,1.121878048673895,1.1866702568094505
sub-532,ses-wave2,68,1.1734063728141022,1.3188729981493172,1.2081084264667734,1.3075966608260026
sub-557,ses-wave1,61,1.4781356144419882,1.6071873978738354,1.5071034014099622,1.524363436766554
sub-557,ses-wave2,65,1.3642920502172735,1.517497185574176,1.4109280892206657,1.4629522713969485
sub-562,ses-wave1,75,1.2846428957603375,1.390898499665411,1.1661148146151554,1.2018966854107398
sub-562,ses-wave2,79,1.139535370984998,1.2239171958133883,1.0766972907160162,1.1664387021098837
sub-562,ses-wave3,85,1.1743288099125335,1.2920077110134844,1.0871501815911133,1.1852337477832584
sub-567,ses-wave1,29,1.6328835112870814,1.66692572625177,1.6141370428103348,1.6391025224964562
sub-567,ses-wave2,33,1.7039567280629055,1.6431471818579257,1.7212178966572322,1.3677251402670088
sub-584,ses-wave1,37,1.410839590505928,1.4830676775753007,1.3591890756274554,1.2881608612758189
sub-591,ses-wave1,51,2.3799429759092288,2.3183503474951235,1.8381946001927805,1.6676265107243389
sub-591,ses-wave3,60,1.580364964363436,1.6332160317947868,1.4365088237810513,1.4926129019096324
sub-595,ses-wave1,60,1.466621880722237,1.44069608862551,1.4641413790435,1.5407600150539078
sub-595,ses-wave2,64,1.3647273113794764,1.5206908164786879,1.3620235328773898,1.4781740522223887
sub-595,ses-wave3,70,1.335023961570759,1.563573704203619,1.3895008299957892,1.4584363584902
sub-599,ses-wave1,80,1.1668295658087924,1.248124910609642,1.041421087692307,1.140868565165975
sub-606,ses-wave1,71,0.8002668477611989,0.9629199958178157,0.6626177399640918,0.7199590816328354
sub-606,ses-wave2,75,1.016007948865308,1.3333263916052873,0.9349692176419211,1.1704562815271482
sub-609,ses-wave1,66,1.5350978046697286,1.7738762941039565,1.3639788283492977,1.4394696880859257
sub-611,ses-wave1,54,1.6414245783261174,1.774130103410229,1.1254094959980567,1.1692110382438694
sub-611,ses-wave2,58,1.5205244853186792,1.717873717120986,1.0656525824487044,1.1017162521880535
sub-611,ses-wave3,63,1.4403180835742102,1.5740540900464635,1.0006284852653717,1.0648436934091234
sub-612,ses-wave1,21,1.7858440934373072,1.7243394821776323,1.5160737809867657,1.4729032872389707
sub-612,ses-wave2,25,1.8153426294454782,1.7887967484454856,1.4936210864231463,1.519698380681274
sub-615,ses-wave1,21,1.4351040088378082,1.7374663190848827,1.4401367036443695,1.5191633059306413
sub-616,ses-wave1,21,1.6888868339829977,1.8921499223397165,1.5565355534249925,1.601686260904213
sub-639,ses-wave1,59,1.628778280737817,1.7996711432086132,1.8616330931794276,1.9581714749397925
sub-639,ses-wave2,63,1.6279311255312796,1.7654928021987029,1.689224100503652,1.7983968320665475
sub-665,ses-wave1,25,1.4864304275340858,1.565173004045204,1.5570086136675498,1.695020797776395
sub-671,ses-wave1,66,1.441555404783558,1.5044633916688037,1.4477161878795641,1.3953378029340093
sub-674,ses-wave2,69,1.0212859501342837,1.1427682703463877,1.150274289258879,1.2190363111384357
sub-674,ses-wave3,73,1.1900331490265907,1.3209206124502377,1.2223237159396128,1.2935526032951825
sub-676,ses-wave1,81,1.2368783960077314,1.4422945761703097,1.1461133369207648,1.3900030419195537
sub-680,ses-wave3,74,1.510188567666381,1.4839328429594996,1.395262215955892,1.4754506144058213
sub-684,ses-wave1,73,0.8815862838837857,1.1241413650644307,0.939056750607204,1.072229450266874
sub-688,ses-wave1,67,1.25271092825893,1.3788070664562762,1.127401978763655,1.2007700033728366
sub-688,ses-wave3,77,1.2325501011057494,1.2483050449549136,1.2815883629708618,1.371733659311244
sub-719,ses-wave1,63,1.3781122935744858,1.50948607276275,1.511464825524556,1.5659186144046058
sub-754,ses-wave2,65,1.2266951912707353,1.4440694789263662,1.2355602969785433,1.3215675407240346
sub-760,ses-wave1,81,1.013080751909443,0.914967250029043,1.1649502054924068,1.2117012395164664
sub-772,ses-wave1,71,1.8100765693096572,1.7931624499346681,1.7072949321656332,1.7462991610789775
sub-772,ses-wave2,75,1.391016655847371,1.5740942806900133,1.469293153525545,1.5422044022411932
sub-80,ses-wave1,41,1.3255312336553724,1.362952673671722,1.3047080041980497,1.151363895306294
sub-80,ses-wave2,45,1.7736823150103285,1.5621500479849775,1.4970540254744151,1.2918175983358264
sub-801,ses-wave1,51,1.9439341797593486,1.8777977887748365,1.761743218348231,1.775166649820308
sub-801,ses-wave3,60,1.936706953864576,1.897463090579853,1.802820910927846,1.8922949303820251
sub-81,ses-wave2,45,1.3865108635449592,1.5242052912238466,1.5208424886239778,1.5713823690164774
sub-812,ses-wave1,57,1.0311319877157947,1.1819022798939458,1.13795007132094,1.2216039373520624
sub-812,ses-wave2,61,1.2914299881477458,1.4282269071294107,1.1670790390367944,1.2073072033929226
sub-812,ses-wave3,66,1.2886582315401223,1.3858987043573927,1.0894631149422418,1.0766101317457573
sub-815,ses-wave1,40,1.3193255554588421,1.3629600262103014,1.5402671577286664,1.5267554577778406
sub-815,ses-wave2,44,1.262959675894552,1.356858650281041,1.324860339379113,1.3539016830263952
sub-815,ses-wave3,49,1.5632817994139567,1.6347730067401924,1.492739416255066,1.5662843512814095
sub-817,ses-wave1,45,1.2260855555160823,1.5353405007246257,1.4062338488919048,1.558193314947637
sub-817,ses-wave2,49,1.2262688352084274,1.4936145946600394,1.5084948395871964,1.7712176550518284
sub-817,ses-wave3,55,1.25316568084636,1.6955478831239381,1.1489156797096305,1.3490096488786014
sub-818,ses-wave1,49,1.9176844313237917,1.97209250890436,1.306021758748877,1.345990323839037
sub-819,ses-wave1,83,1.2655606363284453,1.4414928134428988,1.0889455518012379,1.1264903393224168
sub-823,ses-wave1,78,1.3669461957088918,1.4673826941150605,1.3832395183837465,1.3686391437318397
sub-823,ses-wave3,87,1.186215109668685,1.2282667328271364,1.3234139422715077,1.3223977974719945
sub-829,ses-wave2,54,1.525900482273361,1.6738985159412167,1.407103270447534,1.4952123626052696
sub-829,ses-wave3,59,1.2591840857327596,1.4988100710611312,1.1251734219154725,1.2819032946758762
sub-831,ses-wave1,60,1.6664294556176338,1.5796896341197313,1.3714398364180242,1.2882441375239442
sub-831,ses-wave2,64,1.794918188913456,1.645895608871558,1.4445576600193875,1.3611829433440277
sub-831,ses-wave3,69,1.5153262120685753,1.5989995410790365,1.527068008773621,1.6001100721609305
sub-836,ses-wave1,54,1.5462915982815781,1.6733081448704246,1.3896267628959103,1.4209755745623118
sub-841,ses-wave1,50,1.483396385895877,1.6815082166560282,1.4905883743058992,1.5669728841302377
sub-841,ses-wave2,54,1.4908698882776839,1.6300504578987576,1.393774127264813,1.4009300903326294
sub-841,ses-wave3,59,1.5153843258097903,1.6663930183812365,1.4904093999260017,1.5371056142979513
sub-843,ses-wave1,74,0.857994546090405,1.0308036150376747,0.841614373828923,0.9163206349859102
sub-849,ses-wave1,33,1.344680983106608,1.4842497554329135,1.3340837039341036,1.4022528420754778
sub-849,ses-wave3,43,1.4393627041338148,1.4923102368060268,1.432851302179015,1.4973187075004506
sub-872,ses-wave1,60,1.5393635416704898,1.6485375543960095,1.3483135720082045,1.379220553236905
sub-872,ses-wave2,64,1.4375607856658905,1.674818164769796,1.140858754029241,1.2499547306951329
sub-872,ses-wave3,69,1.4710465446769103,1.6008812100130536,1.318631492140972,1.3051698069248876
sub-881,ses-wave1,71,1.7396840841431402,1.7623831836583597,1.3545208958065085,1.2645646979679077
sub-883,ses-wave1,46,1.8036769174147367,1.9890037469615498,1.4299681620805818,1.4018674770167492
sub-883,ses-wave2,50,1.5816130764188414,1.7536781578111524,1.404877834257479,1.4998548893552786
sub-884,ses-wave1,25,1.6955360121729943,1.6579629897653152,1.713857533602079,1.7137066909509266
sub-884,ses-wave2,29,1.6612565589638115,1.6299159777400034,1.3487987963420967,1.4080883652290466
sub-884,ses-wave3,34,1.5457810156584546,1.6743583751137094,1.5606153955643152,1.660528108107974
sub-886,ses-wave1,50,1.4333570220873117,1.5386563009883043,1.478125253971932,1.7223089502982483
sub-889,ses-wave1,41,1.6024815683355929,1.730800145265055,1.4185492113537252,1.4698417085801356
sub-890,ses-wave1,71,1.4164139131703013,1.6210197477510229,1.109435192557142,1.11993266692255
sub-890,ses-wave2,75,1.2295002133767712,1.4585067265894376,1.1566622437419374,1.2005769441302345
sub-891,ses-wave1,26,1.5963742325370522,1.66181477048751,1.5360995984548538,1.6658510854067725
sub-891,ses-wave2,30,1.6201655312891328,1.83464654683565,1.4280039572558163,1.61878768287736
sub-891,ses-wave3,36,1.6021661351439904,1.75202407322586,1.5102678514414807,1.5854652711746833
sub-898,ses-wave1,50,1.898778776427728,1.8366564827505316,1.5839479534108,1.36441012670333
sub-898,ses-wave2,54,1.6974445717788238,1.648694654223821,1.5620524262965452,1.4585682667562898
sub-898,ses-wave3,59,1.9762555318888002,2.013913501541767,1.5160036671400103,1.4594391763229073
sub-927,ses-wave1,38,1.5090736949921806,1.4999233553988096,1.4355480312498035,1.3887613717451932
sub-927,ses-wave2,43,1.3379743357618166,1.4974402939431999,1.5643371547414673,1.6372507369958096
sub-927,ses-wave3,48,1.363915040672475,1.549977887815029,1.3979787719320849,1.4718275742628804
sub-929,ses-wave1,29,1.3987907038401635,1.666556167445441,1.2553724205068975,1.467888497674764
sub-929,ses-wave2,33,1.6716214730976513,1.828574714800004,1.2622137474497226,1.363323058004848
sub-934,ses-wave1,55,1.6896565258815812,1.384848857179022,1.5046062236877662,1.4222127644666418
sub-934,ses-wave2,59,1.6926489969546332,1.3823482336909132,1.4774443884505524,1.3209468429951916
sub-935,ses-wave1,86,1.1622090532507974,1.4402428753201328,0.9375285492962393,1.072243660051096
sub-943,ses-wave1,46,1.6831609688684077,1.7449254894544368,1.5393431832380091,1.5262514515806407
sub-953,ses-wave2,88,1.2377360676254003,1.4821748452494699,1.3368765094338477,1.6076797685447586
sub-961,ses-wave1,21,1.5562329241837747,1.621922795751283,2.1126184553715532,2.212012400932932
sub-961,ses-wave2,25,1.4524478428094183,1.582305888064021,1.1869458028210014,1.3987809304638652
sub-965,ses-wave1,53,1.9556114516613385,1.6753260801491332,1.622068851692772,1.6035943219205817
sub-974,ses-wave1,48,0.9237420899617893,1.0604906793083042,1.1713840473070876,1.2229768791369315
sub-974,ses-wave2,52,1.2939175556018672,1.4901271716103903,1.5497977190055507,1.6422886298152137
sub-974,ses-wave3,57,1.297227968699177,1.390772645944218,1.5027204789969748,1.4847690412155967
sub-975,ses-wave1,29,1.792872708925927,1.803104669931718,1.6551951226730641,1.552880909308634
sub-980,ses-wave1,54,1.148445160964544,1.1489382184948023,1.1747506698629882,1.1886186497061335
sub-988,ses-wave1,23,1.688699957843848,1.774487696430349,1.9214056861594397,2.048815866601234
sub-989,ses-wave1,26,1.2559641119581755,1.5170199990754472,0.9491677621068292,0.9932183993049162
sub-989,ses-wave2,30,1.446711051108293,1.554415601761124,1.3033653466884285,1.3871935958826547
sub-989,ses-wave3,36,1.5651113105814134,1.69522068313268,1.4036166734430895,1.4707297460807756
sub-998,ses-wave1,25,1.5303144209061172,1.7062843870999065,1.1283798413952664,1.2241980719192056
sub-998,ses-wave2,29,1.439406549475967,1.5419379364076926,1.3162504539274436,1.4026441633009905
