cohort,sample,index,quantity,value,lo,hi,p,n
DLBS,main,pose,r2_pose,0.1412393656852079,,,,156
DLBS,main,classic,r2,0.1075681287499809,,,,156
DLBS,main,cross,r2,0.06724544653095488,,,,156
DLBS,main,cross,raw_advantage,0.04032268221902602,-0.000557368006294195,0.08329853391543982,0.0649121391635865,156
DLBS,main,cross,advantage_given_pose,-0.0018587444329224434,-0.026530316883651515,0.021687869709063053,,156
DLBS,main,cross,reduction,0.04218142665194846,0.013988825999080658,0.07691375119842346,,156
DLBS,main,cross,share_removed_pct,104.60967458173059,,,,156
DLBS,main,pv_perp,r2,0.1086396928323563,,,,156
DLBS,main,pv_perp,raw_advantage,-0.0010715640823754091,-0.06448492619798309,0.051483568457318794,0.9838350192076775,156
DLBS,main,pv_perp,advantage_given_pose,-0.013784268137076228,-0.06982502892680297,0.018542593922042647,,156
DLBS,main,pv_perp,reduction,0.012712704054700819,-0.01746573724175358,0.04581816153717917,,156
DLBS,main,pv_perp,share_removed_pct,,,,,156
DLBS,all participants,pose,r2_pose,0.1647146779018286,,,,283
DLBS,all participants,classic,r2,0.20242143845138794,,,,283
DLBS,all participants,cross,r2,0.14430000070544236,,,,283
DLBS,all participants,cross,raw_advantage,0.05812143774594558,0.015866120452143147,0.10141978801959911,0.007451545415558646,283
DLBS,all participants,cross,advantage_given_pose,0.004759873485235877,-0.021377855490884064,0.029617337173382628,,283
DLBS,all participants,cross,reduction,0.053361564260709704,0.026366656588347758,0.0829514951827496,,283
DLBS,all participants,cross,share_removed_pct,91.81046844360296,,,,283
HCP-A,main,pose,r2_pose,0.0019047835657965972,,,,809
HCP-A,main,classic,r2,0.18524635252510846,,,,809
HCP-A,main,cross,r2,0.1904339798154967,,,,809
HCP-A,main,cross,raw_advantage,-0.0051876272903882414,-0.029130423965069867,0.019088145259448956,0.6756544376730456,809
HCP-A,main,cross,advantage_given_pose,-0.0032928599520996027,-0.02664485503938286,0.020230980380026506,,809
HCP-A,main,cross,reduction,-0.0018947673382886387,-0.00559163237446505,0.0009092913152541513,,809
HCP-A,main,cross,share_removed_pct,,,,,809
HCP-A,main,v2_slab,r2,0.2687667123544869,,,,809
HCP-A,main,v2_slab,raw_advantage,-0.08352035982937844,-0.1044705115835354,-0.06202872574648521,5.327152593531759e-15,809
HCP-A,main,v2_slab,advantage_given_pose,-0.08263035908476501,-0.10338451196528266,-0.06150726596222156,,809
HCP-A,main,v2_slab,reduction,-0.0008900007446134284,-0.004223309023137325,0.0016048773316585845,,809
HCP-A,main,v2_slab,share_removed_pct,,,,,809
HCP-A,main,pv_perp,r2,0.29534551809718235,,,,809
HCP-A,main,pv_perp,raw_advantage,-0.11009916557207389,-0.1375697144032065,-0.08263270421815713,1.2636347575323618e-14,809
HCP-A,main,pv_perp,advantage_given_pose,-0.1084631551878783,-0.13490159209834296,-0.08123277905306725,,809
HCP-A,main,pv_perp,reduction,-0.0016360103841955853,-0.0063949795096772035,0.0012362522635883109,,809
HCP-A,main,pv_perp,share_removed_pct,,,,,809
