cohort,index,quantity,value,lo,hi,n
DLBS,ratio,r_with_abs_pitch,-0.3368202920914461,,,283
DLBS,classic,total,-3.7811470798535476,-4.600850628094331,-2.967308969325874,283
DLBS,classic,ratio,-2.321582167648729,-2.8097294880746277,-1.8226659381165764,283
DLBS,classic,attenuation,-1.4595649122048184,-2.08206296798593,-0.8307676312373429,283
DLBS,classic,total_pose,-2.559413866087519,-3.3750324845545077,-1.7271869237079334,283
DLBS,classic,ratio_pose,-1.9719695556003645,-2.530131420575047,-1.4447800928271735,283
DLBS,classic,attenuation_pose,-0.5874443104871558,-1.1137685197434284,-0.05701249853600491,283
DLBS,classic,axis_share_pct,38.60111446025397,25.821383879481534,48.71020300022655,283
DLBS,classic,pose_share_of_axis_pct,59.75209423198845,35.90669315971619,93.80476691375503,283
DLBS,classic,pose_share_of_total_via_axis_pct,23.06497428688867,11.418047299621051,35.058170803426044,283
DLBS,classic,attenuation_r_with_abs_pitch,-0.467470686589197,,,283
DLBS,cross,total,-2.557156156017594,-3.255986697722271,-1.831077989137046,283
DLBS,cross,ratio,-2.321582167648729,-2.8097294880746277,-1.8226659381165764,283
DLBS,cross,attenuation,-0.23557398836886317,-0.7992946588222303,0.36494136300020197,283
DLBS,cross,total_pose,-2.2669226943825103,-3.0367944705151735,-1.4701123594119696,283
DLBS,cross,ratio_pose,-1.9719695556003645,-2.530131420575047,-1.4447800928271735,283
DLBS,cross,attenuation_pose,-0.29495313878214496,-0.8165891828318242,0.2119914584378837,283
DLBS,cross,axis_share_pct,9.212342696182311,-18.19006399515875,27.089695067900415,283
DLBS,cross,pose_share_of_axis_pct,-25.206157447360255,-530.3828734832275,573.8124297442571,283
DLBS,cross,pose_share_of_total_via_axis_pct,-2.322077604590106,-22.098198443318797,10.293914483383128,283
DLBS,cross,attenuation_r_with_abs_pitch,-0.029292306046625707,,,283
DLBS,v2_slab,total,-2.8368834901798587,-3.4463376782809316,-2.2573972396980846,283
DLBS,v2_slab,ratio,-2.321582167648729,-2.8097294880746277,-1.8226659381165764,283
DLBS,v2_slab,attenuation,-0.5153013225311289,-0.8135956960028685,-0.22747173997338369,283
DLBS,v2_slab,total_pose,-2.455004494636208,-3.16188138268273,-1.7930315671007242,283
DLBS,v2_slab,ratio_pose,-1.9719695556003645,-2.530131420575047,-1.4447800928271735,283
DLBS,v2_slab,attenuation_pose,-0.48303493903584366,-0.7778689935641706,-0.158320612820047,283
DLBS,v2_slab,axis_share_pct,18.16434563896943,8.887014679479432,26.714269648599785,283
DLBS,v2_slab,pose_share_of_axis_pct,6.261653538320989,-25.08889115519147,48.91425486631867,283
DLBS,v2_slab,pose_share_of_total_via_axis_pct,1.1373883914153828,-3.8867905239731813,7.456550566068224,283
DLBS,v2_slab,attenuation_r_with_abs_pitch,-0.0706124120603916,,,283
HCP-A,ratio,r_with_abs_pitch,0.024485003176864334,,,809
HCP-A,classic,total,-3.010517459215659,-3.4341032352509595,-2.5900026160100924,809
HCP-A,classic,ratio,-2.8036294963147395,-3.0897463813391544,-2.5216354097783755,809
HCP-A,classic,attenuation,-0.20688796290092198,-0.4498610826265248,0.03843965562398514,809
HCP-A,classic,total_pose,-3.02295521263348,-3.4539279931380813,-2.599519776562246,809
HCP-A,classic,ratio_pose,-2.805510045695048,-3.090039583189276,-2.525037679520465,809
HCP-A,classic,attenuation_pose,-0.21744516693843277,-0.4619289098417739,0.03149736045549302,809
HCP-A,classic,axis_share_pct,6.8721728308735095,-1.4993556215706008,13.56656798758249,809
HCP-A,classic,pose_share_of_axis_pct,-5.102860451367386,-60.20335404790184,21.97162842942986,809
HCP-A,classic,pose_share_of_total_via_axis_pct,-0.35067738953625915,-1.309230402804712,0.3999338711192467,809
HCP-A,classic,attenuation_r_with_abs_pitch,-0.09179679609621648,,,809
HCP-A,cross,total,-2.882565402449437,-3.2871474272150696,-2.501553132423044,809
HCP-A,cross,ratio,-2.8036294963147395,-3.0897463813391544,-2.5216354097783755,809
HCP-A,cross,attenuation,-0.0789359061346983,-0.34741315164952213,0.16505505562734465,809
HCP-A,cross,total_pose,-2.880553093442764,-3.292833427212741,-2.495831046555148,809
HCP-A,cross,ratio_pose,-2.805510045695048,-3.090039583189276,-2.525037679520465,809
HCP-A,cross,attenuation_pose,-0.07504304774770995,-0.3423182067391601,0.1703140323976293,809
HCP-A,cross,axis_share_pct,2.7383908121433476,-6.359665714699691,10.881380924419657,809
HCP-A,cross,pose_share_of_axis_pct,4.931669980889897,-76.97596713400688,68.9021623704312,809
HCP-A,cross,pose_share_of_total_via_axis_pct,0.13504839764192056,-0.43306714268174756,0.9290162159883577,809
HCP-A,cross,attenuation_r_with_abs_pitch,-0.007875975315301268,,,809
HCP-A,v2_slab,total,-3.3415154685354627,-3.696850679371869,-2.9845238840979924,809
HCP-A,v2_slab,ratio,-2.8036294963147395,-3.0897463813391544,-2.5216354097783755,809
HCP-A,v2_slab,attenuation,-0.5378859722207244,-0.6968571439839515,-0.37791174944987466,809
HCP-A,v2_slab,total_pose,-3.347907969052629,-3.7039745523980185,-2.989841401009707,809
HCP-A,v2_slab,ratio_pose,-2.805510045695048,-3.090039583189276,-2.525037679520465,809
HCP-A,v2_slab,attenuation_pose,-0.5423979233575805,-0.7016893383592557,-0.38344219881430985,809
HCP-A,v2_slab,axis_share_pct,16.09706665390575,11.923182548500916,19.96637450508589,809
HCP-A,v2_slab,pose_share_of_axis_pct,-0.8388304157157966,-4.171658116466238,0.9956481313566312,809
HCP-A,v2_slab,pose_share_of_total_via_axis_pct,-0.13502709113100764,-0.6224604585103308,0.16636862815992257,809
HCP-A,v2_slab,attenuation_r_with_abs_pitch,-0.01618713218271812,,,809
