cohort,index,between,within,icc,n_participants,atten_between,atten_within,atten_icc,cov_between,cov_within,habitual_pitch_r
DLBS,ratio,0.004587640573745658,0.0032921073223397984,0.582206516533953,156,,,,,,
DLBS,classic,0.013007140847776405,0.011063021246853011,0.54038443100799,156,0.004796176207474849,0.011855104055790322,0.2880364831799642,0.0018116620332779484,-0.0020420950656385543,
DLBS,cross,0.006624360446598952,0.01063986925161523,0.3837043738640814,156,0.0019069098209159292,0.012041578218145615,0.13671086182070716,6.490502596868248e-05,-0.0023469081444350915,
DLBS,v2_slab,0.0075190399717897025,0.005841066376057765,0.5627979131319673,156,0.0010059114004308607,0.0016111934225283664,0.3843603785397679,0.0009627439988065918,0.0004688828155947999,
DLBS,abs_pitch,11.581852877433143,10.51090788665617,0.5242374640773221,156,,,,,,
DLBS,classic,,,,156,,,,,,-0.4425478746588614
DLBS,cross,,,,156,,,,,,-0.03516768607352952
HCP-A,ratio,0.006059826962773085,0.00032608544041551606,0.9489367501732884,628,,,,,,
HCP-A,classic,0.01164495998830235,0.0005529185793733441,0.9546709227915603,628,0.003283349020346867,0.000245811829732305,0.9303483632017536,0.0011508920025911987,-9.48934538723848e-06,
HCP-A,cross,0.010309959849834134,0.0005660719611624842,0.9479523441086173,628,0.0032133220930792364,0.0002842819274237422,0.9187209513263137,0.0005184053969909063,-2.2147703338387046e-05,
HCP-A,v2_slab,0.00930025132620473,0.0004619825722464576,0.9526765515913572,628,0.0012921398398503595,0.00013823637596383629,0.903356631328528,0.000974142261790643,-1.1696220664473596e-06,
HCP-A,abs_pitch,1.458002127711221,0.4899341967852056,0.7484855174042399,628,,,,,,
HCP-A,classic,,,,628,,,,,,-0.08488180684704139
HCP-A,cross,,,,628,,,,,,-0.015014403319680038
