Subject_ID,wave_a,wave_b,d_theta_SCR,Classic,Refined,Measured axis,lambda2/lambda3
sub-1007,1,2,9.509329796459765,38.53548072190097,46.71157682186015,0.8532008978096819,0.8388863404106717
sub-1007,1,3,6.975848023787767,37.12771338115338,43.5100515589414,2.117406508154602,1.9365727969739828
sub-1007,2,3,2.5334817726719976,1.45998873930975,3.3729044892101556,2.970473246535238,1.0977310399343447
sub-1008,1,2,0.2526714257085736,0.8870662846840486,6.387515647000859,2.4998328837533936,6.677493091974074
sub-1013,1,2,0.28581074719887845,3.449300052002649,0.7791530702440871,0.10417805450126277,1.4694534326563804
sub-1013,1,3,2.1277716266922067,7.491103463032844,4.17708368059917,3.031848355925042,0.9660797926816054
sub-1013,2,3,1.8419608794933282,4.044416009088709,3.398207104420515,2.927693419373957,2.4354467907671142
sub-1022,1,2,3.947758777508815,3.944335583621278,4.7038348741027045,3.9286789256484314,3.105499166669834
sub-1022,1,3,4.2927595257545805,0.043251140213172445,1.1279730014473763,1.6267669069795552,2.9651774096817114
sub-1022,2,3,0.34500074824576554,3.98756971714754,5.831034418173177,5.554558346838074,6.069279374226836
sub-1023,1,3,4.001751823918099,14.85932115525134,14.620770965079437,3.5966791017359947,2.63642309715807
sub-103,1,2,3.6595778881160115,4.42799730262132,7.587671631880344,9.491666690350021,11.211575994341112
sub-103,1,3,6.292340744053444,6.037864477142152,5.906782565960375,1.473607222062798,1.5467614984444056
sub-103,2,3,2.6327628559374325,10.458871162416361,1.6827745612409852,8.020864161673865,9.669006405172793
sub-1031,1,3,0.3318113968756151,8.88974503553157,4.82451300542093,9.170577324634829,6.25616372918721
sub-1054,1,2,8.740119102392526,9.390461008219116,5.216939676915676,0.14743798468389668,0.3418837778898021
sub-1119,1,3,0.5660856569809596,5.388664705053711,6.329504820023503,4.844098243762957,2.724633771103192
sub-1139,1,3,7.307994568902187,11.065986549460126,9.840545108978137,10.03211893352562,14.430125703219845
sub-1153,1,2,1.6335452781653146,11.910966811083686,13.557723185406497,10.178502053338596,3.830191210218071
sub-1153,1,3,3.995799336021207,6.431118698856066,18.28933279324398,11.548626777675343,3.9076649821452794
sub-1153,2,3,5.629344614186522,5.490362271464529,4.7611240193208735,1.3741629674771905,0.0775027717284572
sub-1157,1,3,0.41082828863458687,6.7570253659263875,8.771077463155686,5.602234308381833,6.29309210466589
sub-1169,1,2,0.2931824641331673,1.6099358052088233,2.495416284656377,2.214039830614588,1.3974494014605823
sub-1172,1,2,2.6710467940911613,11.017107490547534,15.606745707750445,2.738228546128497,0.7400995977530108
sub-1172,1,3,1.562755168667028,15.54466638714036,19.914188983358567,5.895374255909147,4.4461719404310625
sub-1172,2,3,4.233801962758189,4.5470266799074315,4.341173726993367,3.1584203599662133,3.706377248735004
sub-1175,1,3,0.9570236781868502,3.3348921942355,0.3319955936634428,4.0820935216937535,9.599438545060032
sub-12,1,2,0.4543383284097029,17.57701611004502,19.89708431322207,18.814297774460258,13.799277773073685
sub-12,1,3,0.3144425741918173,19.60189890931571,18.501025821852966,19.143374676982543,13.821327858957321
sub-12,2,3,0.7687809026015202,2.042475812398583,1.4090256299179198,0.33206690894384383,0.0221557267941717
sub-1226,1,3,2.661611632054667,3.040250187332845,5.011015493832127,3.6740470442919397,1.1764685113209423
sub-1240,1,2,4.467515300504065,7.017668043431152,8.169817854223151,9.960802106409789,5.768431084093622
sub-1267,1,2,9.029223079774436,0.018012042796671877,7.694692088559526,3.2469448467943978,1.3204349016967765
sub-133,1,2,0.36507841386079853,12.697922027669986,13.691264912773063,9.747194050994745,14.295396395789284
sub-1356,1,3,9.288024552719637,18.6172781590256,6.08292488428592,6.148694834034371,2.951955785822813
sub-1362,1,3,0.18662364164108425,5.319123436238571,0.4463190130489469,5.186659877810855,0.8123775185322163
sub-1370,1,2,1.2757751897025713,15.613145099641109,13.879084655673637,15.751946659331306,6.22222913365275
sub-1370,1,3,3.372623854879796,11.379602711719016,8.193609564547925,11.546254817153573,9.345240163757529
sub-1370,2,3,2.096848665177225,4.2524307698870025,5.701684953050264,4.224902048244126,3.127557578196246
sub-138,1,2,1.4031606614091672,1.986211785280403,1.224417975696614,1.7501697284242226,2.8634875084597584
sub-138,1,3,0.2852503884041351,5.2877367565376705,3.891351635809314,7.097451927672446,1.7789578736361864
sub-138,2,3,1.117910273005032,3.302392060944382,5.11516031395582,5.348943279552743,1.084667767905104
sub-139,1,2,2.6980390048290976,9.615783604030648,7.797172917127826,7.465695909505191,10.403981925078657
sub-139,1,3,4.6890952422473875,15.867943243502127,12.10415308262826,13.403596399576715,11.697109561227316
sub-139,2,3,1.9910562374182899,6.276100248836488,4.317166322424376,5.952792468185006,1.297073870438948
sub-140,1,2,3.0873454414489476,5.169465745385334,0.47567469931045747,0.30555122355963504,1.2908187463341143
sub-141,1,2,2.559130182395533,4.3448909609885025,6.090714770358743,4.233059471698591,2.405969398974524
sub-1431,1,2,4.1480565228824435,13.159275762472848,7.85425476730914,7.3479863125782465,6.437903960746641
sub-1439,1,2,6.690539653263082,2.5852135656823023,5.093514194216514,1.8217303447376023,0.7102072368210979
sub-1439,1,3,6.23118993621976,5.87093052194874,13.226017431176015,10.170708950233017,5.586109777977429
sub-1439,2,3,0.45934971704332206,3.286964162706679,18.288730245415618,11.986886882324871,4.876386192792275
sub-1444,1,2,2.0616063891376655,0.03447093922165728,2.6535305237509372,0.43353322501465996,0.7234678603124933
sub-1452,1,2,8.599883844018056,16.853496060629418,8.080735284814516,11.67469839657041,9.38917176438228
sub-1452,1,3,2.7266852593442437,13.024543284515522,8.897667144117127,12.515827782363225,13.082291138695593
sub-1452,2,3,5.873198584673812,3.850080970266826,0.8184029322889649,0.8442132655006155,3.704495126702741
sub-146,1,2,3.27413935779418,8.070972492618855,9.517527354184503,6.398749492838807,6.870869403013325
sub-146,1,3,8.718824211547577,8.752934374468,11.151831887584796,9.570012001099935,6.605865945851976
sub-146,2,3,5.444684853753397,0.6831684374550143,1.6386526106411587,3.1761248464783596,0.2653044984556945
sub-147,1,2,6.113320618710073,6.810995767463963,8.522706012946339,6.1480077455373845,0.38950440102829886
sub-147,1,3,9.090002241416391,10.777474635422973,17.543134735534807,12.329698360552229,11.172633274615608
sub-147,2,3,2.9766816227063178,3.973771268150964,9.05427245669697,6.19342763743978,10.784302148998115
sub-1476,1,2,0.7176177068791532,8.91500845514021,8.066753576311433,7.5026243695879025,1.797209856570619
sub-1476,1,3,3.2271131406910207,19.0060114547046,18.670194952594272,9.75453549475659,0.05248874628452557
sub-1476,2,3,2.5094954338118676,10.13393001111991,10.643516307136869,17.225643561730923,1.744725224927954
sub-1484,1,2,3.913647191617917,18.045538507159158,11.378608953598233,11.279490941699484,10.052717016619667
sub-149,1,2,1.515945254454408,6.22262309171268,9.078501391995696,6.347400004929219,4.394516012175922
sub-149,1,3,8.462222429492309,11.657513900977046,2.698757130858769,7.755405517113399,10.799559364115098
sub-149,2,3,9.978167683946717,17.847769921300507,11.770049170480595,14.085471004382486,15.176069411349385
sub-1543,1,2,3.400109770438341,19.57555933584812,18.670858862681712,16.82143130570976,9.71091337093148
sub-1543,1,3,2.69169028058057,8.84604954796299,9.131249910169817,9.888456546638759,9.606328000831299
sub-1543,2,3,0.7084194898577714,10.776161506561838,9.580442782397995,6.961925577185356,0.10482984960796292
sub-158,1,2,4.150732329841546,14.207368065368355,22.89346879726498,15.157579264738601,17.65961564128819
sub-158,1,3,0.6460981946229154,27.21515340603121,28.718520598905023,14.4154534815101,7.363431949921059
sub-158,2,3,4.796830524464461,13.134750999673527,5.922396237972911,0.746201974545828,10.329764562364478
sub-159,1,2,1.2251588304200602,6.795088346012506,7.691479749744204,0.8121812161572168,0.7794166391783391
sub-1615,1,2,9.69864515880728,8.174907722877268,17.108392858702153,16.930187075848945,11.664962610518868
sub-1615,1,3,3.6341146540064315,2.0905665838260434,2.8526759167541464,6.462327101824887,6.622085027293591
sub-1615,2,3,6.064530504800848,6.086941813688426,14.273131839986542,10.496570299852882,5.052635026630298
sub-162,1,2,2.4189105768144277,7.501352957552096,6.214127071009725,6.564263460087236,3.804948395821073
sub-162,1,3,5.516856113183895,21.097646516955425,18.706072549369054,15.20899477449646,10.38952693099421
sub-162,2,3,7.935766689998323,13.650301281198587,12.528353472349304,8.66636165367207,6.591092448207551
sub-163,1,2,1.9969406400206342,2.959517894745865,0.7201088430814787,5.7801117314576755,5.30678621361491
sub-163,1,3,0.9794217825514426,1.683323527096644,5.755954286856244,3.510565870783745,6.183253431067991
sub-163,2,3,1.0175188574691916,1.2763533319077989,5.036367326458193,2.2706977551595178,0.8771868001899864
sub-164,1,2,2.4189886515615875,0.5054978848171098,1.066870948922149,4.31010603747784,12.160329649008773
sub-1656,1,3,3.909822848084378,4.426404459003639,0.9985853621284506,1.4415650561879203,0.8156775393940915
sub-1685,1,2,0.4740362933075808,13.048922518162627,11.68214220745199,11.881213480203797,4.405041831916295
sub-1685,1,3,8.544902197806817,0.9030161651551409,11.531157342358204,11.857567073347587,7.87072465796821
sub-1685,2,3,8.070865904499236,13.947829866050876,0.1514950573461642,0.023729985220177826,3.4686893881415233
sub-169,1,2,1.121237253436334,6.073720091184511,14.23912837551136,7.485202524980227,6.5755345386660595
sub-169,1,3,1.9729358299661364,4.586450450981,5.6378126319654776,3.4390643907675185,2.6168331816770953
sub-169,2,3,0.8516985765298024,10.652751748464807,8.618612768859368,10.917241099729514,9.188415076207388
sub-178,1,2,4.989438452404801,0.12671132948152922,4.906277370703066,13.99888393435748,7.9046624894809225
sub-178,1,3,4.793441604542087,7.025591173655874,2.0171607215507388,5.487188690480876,4.4564890622612
sub-178,2,3,0.19599684786271432,6.899033385956474,6.921725527575719,8.528072237752472,3.451212827694075
sub-1796,1,2,1.7951185355776893,16.58283680032661,14.524631829079839,17.848161813082434,8.970882565656975
sub-1796,1,3,7.63049570376402,5.187305490491978,4.972917419924743,2.8453445054865156,3.946639361227771
sub-1796,2,3,5.835377168186331,21.723425932801938,19.462405110895176,20.667267068902657,12.906098468670386
sub-183,1,2,2.2470959004754825,8.193686040194475,15.808248658515902,9.090959917551473,10.594993728327543
sub-1844,1,3,0.07603617339699831,0.7105206783835477,4.852072383645952,0.6978736738762924,3.7487281554944003
sub-1849,1,2,2.0024939576879053,17.677500676139676,21.015741004913693,8.330929413956682,5.030199224580229
sub-1849,1,3,0.13887486017011064,3.8752959666862625,8.106396586930476,5.597799586609892,0.7025658490374046
sub-1849,2,3,1.8636190975177946,13.82588345219434,12.964561109663393,2.7363200257847384,5.732258621949194
sub-1856,1,2,6.406501249277257,20.495431981315587,15.976401469100548,16.745559096366087,10.207355338798553
sub-1875,1,2,1.7481580583401133,29.829058587347113,30.99912701935783,22.03229210858947,8.234298566621955
sub-1875,1,3,0.2654023198912654,3.0814352089772963,3.811651544134411,6.189286146841731,1.5615245767802814
sub-1875,2,3,2.0135603782313787,26.809228513268035,27.268023765657237,15.897201173990288,6.674919652707051
sub-192,1,2,2.6700268201749964,13.907166952210051,9.490598090836501,7.605779966995084,3.9263199920423006
sub-192,1,3,5.238450061378686,5.963137588143714,7.622258024026702,1.931273527397459,3.5778659443493392
sub-192,2,3,2.56842324120369,7.9605336100274595,1.871725071656043,5.676591003236072,0.3485764664110538
sub-1922,1,3,5.876053270360247,14.466783330652394,14.566941939004922,7.319614537409841,7.824158168591573
sub-196,1,2,4.948635838889572,18.44297359106565,17.405527752658365,18.559344043064456,12.124377519315512
sub-196,1,3,3.9189029510843465,2.0845448546785206,0.9064901234183468,1.1267236399031055,6.56831352094459
sub-196,2,3,1.0297328878052259,20.50780777353426,18.304797576587138,17.44173861780826,18.65554937457157
sub-1993,2,3,0.2389219766835069,5.31059040101871,8.803568306866355,2.8147655658422437,3.756062165553587
sub-200,1,2,1.8428193675522948,23.302037304864253,6.533746027565646,17.877566173606816,17.176216724674095
sub-200,1,3,3.530958449023853,18.851720992535043,18.63364240549635,13.3283527399238,8.486288770114527
sub-200,2,3,5.373777816576148,4.499732772013799,12.136837113411817,4.576475326511172,8.721710376323337
sub-2043,1,2,0.805001781979076,0.6001284987798615,3.825902564643662,6.530903992972139,4.127212192002245
sub-208,1,2,5.929557583674333,0.8539009468781639,7.932628446231711,6.43057678355146,0.6555303217852092
sub-208,1,3,2.415233696224959,1.3915726417626029,3.6886565253103187,3.8193112694071316,7.2281872649087635
sub-208,2,3,3.5143238874493736,2.245406885169429,4.247078737767515,2.612869840681544,6.573435615203058
sub-2093,1,2,1.357412085804313,34.642997138338146,29.69896351968464,28.447171478723348,9.817740028048702
sub-2093,1,3,4.598865466056278,6.093961961767436,1.0385910682193387,2.0661480649305513,2.9053222839254405
sub-2093,2,3,5.956277551860591,28.700511530471285,30.713870294591423,26.419844778825006,6.9173504546588855
sub-2095,1,3,0.18238359261868098,1.4095779825044905,2.657972464755511,3.0302910918870363,2.4740113949099958
sub-2117,2,3,1.9246683045464827,11.908919254251083,16.858547329097817,11.692708465717393,5.706981188887525
sub-2127,1,2,3.1534250944591484,17.98900730222934,21.738247166671513,28.16546273269045,16.32528639560153
sub-213,1,2,5.6564588958523565,3.806474388740558,12.422782305293023,11.079121598679878,2.1094901119720504
sub-213,1,3,0.23793690275975266,9.686301983080607,9.696262994061533,9.534079618822085,5.181532839765902
sub-213,2,3,5.894395798612109,5.885252422929375,2.7347546532405,1.5491328224382486,7.289031152490122
sub-215,1,3,3.4075995419752108,4.146829681595303,0.3975880124623688,0.5263223119882866,0.0727245433121987
sub-2172,2,3,7.81908611608424,109.14389120625677,116.17727084668515,68.2389136065101,52.340106751648875
sub-220,1,2,3.580705095038546,13.81512091712759,10.359515082478504,10.850867176495717,1.7250359020901647
sub-2248,2,3,1.1945541706678213,3.5069448794294615,1.782819041003095,7.9845440426452505,9.280925008000226
sub-236,1,2,3.3283358491709354,9.409939150453857,10.569298809218093,9.722232037740016,5.849413061441217
sub-236,1,3,0.009615097959780883,7.500926355756595,9.588491003229775,11.442353377955525,9.55477431175765
sub-236,2,3,3.3379509471307163,1.9123873580778772,0.9832990833654256,1.7249185636098436,3.7105457938833095
sub-245,1,2,7.105863833609533,16.363771730959,8.125074757678977,7.601323475831053,7.38312901448656
sub-245,1,3,7.117593315067261,15.510000654138535,10.805968725119792,8.124328976433796,8.851969897435053
sub-245,2,3,0.011729481457727786,0.8592228913957771,2.686791427856031,0.5238142128162443,1.4712447215904219
sub-274,1,2,5.874715621594042,21.839664754107808,11.763034849596016,15.677913950010138,9.743344582748174
sub-2813,1,2,3.4423161196117356,17.51687587090817,15.818068330280251,4.625971969195838,0.09699764360309739
sub-2885,1,2,1.5026305195144047,2.8174744922575847,1.7202708362812662,3.0396113105020093,5.7485503961252675
sub-2885,1,3,4.141028805165719,9.63391632988565,7.255674692419963,1.0130781942648226,4.27936852031324
sub-2885,2,3,2.6383982856513146,6.821070499005478,8.973145520203955,2.026689139073382,1.470085984778918
sub-2940,1,2,0.9737716039976689,5.298330140017154,1.0197914469551637,1.5711249199485124,1.9145214765191845
sub-2940,1,3,5.48279126155596,4.908983537780478,2.8569663427594962,4.311921800425777,3.7248838395103823
sub-2940,2,3,6.456562865553629,10.200680834159229,3.8764754359814217,2.741261151965108,5.638400078085182
sub-2976,1,2,7.241381136014223,4.526204264161688,4.027636807751373,0.875111947324061,1.1036618820933393
sub-2976,1,3,5.36726709853588,11.245407969899613,4.298044985418239,3.317938249331094,3.28935890072084
sub-2976,2,3,12.608648234550103,15.751568751296137,0.2705252539914397,2.443003637650193,4.392622115016083
sub-3005,1,2,3.3669568672727745,18.085406192523546,16.0946019978296,11.964749404425765,13.022123685393549
sub-3053,1,2,7.385884694579051,3.6631536464202332,3.4076672877644367,0.7610073275738417,4.1577055743656235
sub-311,1,2,1.4284633577993446,5.166008191809016,1.9719496848136113,0.20729667758289702,3.196408995228501
sub-3126,1,2,5.2823426740411215,17.160312599315137,10.53019053684156,10.55095886684939,2.5039196351179993
sub-3126,1,3,2.6624658141739737,11.709485664749604,2.815616239941794,0.8911756049272895,2.928539304284534
sub-3126,2,3,7.944808488215095,28.725496854941166,13.33592186627121,11.439445413597605,5.431463239886169
sub-3131,1,2,2.590700766336264,20.164752929911874,17.63288352205741,15.049362556840377,9.439292048608941
sub-3131,1,3,4.294542214257866,3.224515269743221,11.637703723531626,6.76671897456049,11.601392709503266
sub-3131,2,3,1.7038414479216026,16.967819509868512,6.026094609096718,8.303783938182713,2.1680361440671736
sub-3146,1,3,4.729634807273811,21.789129094927443,24.215747717916933,21.954010144127682,15.51776589615377
sub-3163,1,2,0.07516413862896698,14.082846879604633,15.147021010267359,4.91261974231747,2.0829305254928014
sub-3182,1,2,4.588248568461026,11.95951322175721,9.179799356158373,8.559208133914915,1.0808459270613764
sub-326,1,2,1.8821836533523317,8.957520215530618,9.651016709908568,2.8216698990115767,1.3627152212402656
sub-326,1,3,2.849185757566488,8.30611640435794,7.470045010843699,17.089638890742286,12.956125986840947
sub-326,2,3,0.9670021042141563,17.23158492178247,17.090259293057766,19.88733395256952,14.312523835356295
sub-327,1,2,6.804635125250859,4.55155577795011,0.34872160037213207,5.540209562579965,0.662041234038046
sub-3328,1,2,3.2179096365438973,6.42888570416189,0.6984426842737822,1.6892886957884603,3.21126979173997
sub-3328,1,3,2.938665005493199,5.095345932121629,8.478573905268584,1.9872778688921522,6.649491851655479
sub-3328,2,3,6.156574642037096,1.334632749398139,7.781283200661074,0.29801418458515644,3.4400584759908854
sub-335,1,2,1.5824061860670184,5.959378864194488,3.980878936494757,2.9334340304282582,2.804406527936508
sub-3531,1,2,2.579889427163165,3.4831058889590856,5.668675275455675,2.498934693430303,4.489729272607048
sub-3531,1,3,4.440013133384101,5.08577987591378,10.608983761621792,9.781822311155745,8.52738785560853
sub-3531,2,3,1.8601237062209357,1.6033840580044234,4.947747286162184,7.2873409363916455,4.041526896407803
sub-360,1,2,0.670573276092604,6.578956616235433,0.86106249891219,6.513705953761248,2.6133270796783554
sub-360,1,3,5.278558534267566,14.279779890407038,5.585061516272536,12.326718907408297,5.708052149917084
sub-360,2,3,4.607985258174962,7.718952401839771,4.724567038711554,5.824704974565808,8.318277134586173
sub-3608,1,2,0.48774033248813,7.40883758769333,6.714489415987068,4.463253175031031,2.6256614066405786
sub-3608,1,3,8.94501369304912,14.197379352310858,3.763499764485673,2.87243218405172,0.7497849133823166
sub-3608,2,3,9.43275402553725,21.54954912623474,10.471373895423897,1.591331028171491,1.8759688228772717
sub-361,1,3,3.122628062885422,11.963163752000753,18.453513471656244,15.818104399045655,12.285949128571309
sub-3653,1,2,0.03234831696660834,24.352384977605134,28.467057333486146,24.836700324083296,17.33454245466106
sub-3653,1,3,0.6334743556815301,15.645665533119463,22.175036519274556,18.783276271600887,14.367207014062345
sub-3653,2,3,0.6011260387149218,8.790450522968323,6.392910212838229,6.124857438523542,2.9859264877545426
sub-3658,2,3,11.435444115087101,15.858446921781116,0.651375647869003,0.0431030387394689,0.46676110983069574
sub-3660,1,2,0.5124952849246291,12.929516994575652,11.782025025207703,7.152143487580456,3.0028097388779784
sub-3660,1,3,9.756416557072342,2.481361021329573,11.074295001434622,8.33029928178717,10.78780268686765
sub-3660,2,3,9.243921272147713,15.398527319292661,0.7100461520884195,1.1799132601336337,7.791302679724951
sub-3744,2,3,6.704595616241136,9.896992807883432,3.4374023512900216,3.1354445462427054,6.696647745114479
sub-3846,1,2,2.9155895443655524,1.014077592212987,12.580153165809792,6.976308185024074,3.3060103905120823
sub-3863,2,3,10.116559588111013,16.185875875409796,4.563751747967635,5.69292165409003,8.585787449694188
sub-3898,1,2,14.88981219736537,36.481453560904406,14.832886733877316,14.139359135436063,12.484303676092434
sub-3911,1,2,3.536481463727082,17.166590054218478,15.522256145985612,12.148437506811225,9.852186871663106
sub-3911,1,3,3.3051324549144745,6.498749313261452,1.4840037459530324,4.564360445554822,1.647135517468949
sub-3911,2,3,0.23134900881260734,10.697676927051953,14.046341367160533,7.594605053582445,8.208381471352206
sub-3946,1,3,2.926083630343431,8.707246688475646,5.995538710699107,7.446284048370958,4.613388479208084
sub-4104,1,2,9.199274097067565,13.255995849880348,3.522786480556129,0.6846293749695113,0.2393852895113371
sub-4169,1,2,7.693098565042767,6.8049548358627945,12.109865967988007,8.341836284727771,7.523892581097482
sub-4196,2,3,11.77091315798219,7.615693139154731,5.78057303643413,4.0045282962571624,2.480487371110168
sub-4315,2,3,5.958768290380423,10.235572497279534,25.213867575259304,14.927558073434641,0.9940096386721798
sub-4394,2,3,5.287171296263278,0.0333896119385544,11.055068739768227,5.890656891032324,11.431037265268085
sub-4613,1,2,3.5789989553797774,1.7151042816512936,0.3797900053793229,1.0407421616405705,3.503446159197541
sub-4615,1,2,1.8603015924992832,0.43801815895632934,1.4553559154855613,1.64262244054779,7.616954500278525
sub-4641,1,3,0.3954057063570815,10.215659901933483,0.47359236014481204,4.138485456655738,0.24681977537701566
sub-466,1,2,0.004494398258172438,14.006770970031234,2.5224015809013642,11.03862192224245,9.837723082211767
sub-466,1,3,1.577961129123299,10.845041656098488,2.7789156621074724,6.998144923634285,3.8936166820710527
sub-466,2,3,1.5734667308651265,3.1737820698827317,0.2565590402355573,4.048295256268989,5.949803980433386
sub-4679,1,2,2.2649713900447495,2.5029741976725086,8.905616967742102,11.5914407882513,16.302197082248192
sub-4679,1,3,0.2813586988410961,16.51633819817627,22.677547198212196,7.0122745298587565,5.115928526923759
sub-4679,2,3,1.9836126912036534,18.999676245482537,13.841816714946393,18.565988132508977,11.20964090184499
sub-470,1,3,6.014647432102102,10.933439738817727,5.6465283107913145,8.560762309525936,0.10010272283390426
sub-4749,1,2,8.688873980571245,3.3758840951858327,9.667979898108305,12.691036443294529,12.132685423469612
sub-4769,1,2,3.2729443360720047,3.6500158097677455,1.2721706751548019,0.3371739734439835,1.8521647207000924
sub-4769,1,3,5.15812600399574,8.976956066374171,6.196603477028863,3.614478304061066,3.918709890864045
sub-4769,2,3,1.8851816679237352,5.331307401271359,7.467302507923647,3.951531883415929,2.0669202178089603
sub-4795,1,2,0.8649291698475352,1.1774274172548842,2.865321498454995,0.69619669222353,0.7529928804022663
sub-4795,1,3,5.079393761957185,16.053668320946205,11.133373417590926,11.17424895214068,7.054096226194768
sub-4795,2,3,4.21446459210965,17.222957017277498,13.987539610451524,11.868137447352957,7.806052524443548
sub-483,1,2,1.0537958164676624,8.04728150716862,9.952071136045857,5.3156519253368755,7.119377427666853
sub-4868,2,3,16.167912207642487,12.20922410846895,5.360585852597391,2.411609765940811,1.408994693051993
sub-4876,2,3,7.6463104012135155,6.104272382328364,3.351030727625975,0.6917287259804042,1.5519927727592564
sub-49,1,2,1.7507235895658173,11.662269921622405,9.757286980511248,8.200495327381194,6.719724796597328
sub-509,1,2,0.35861859416972575,5.586576763340626,6.434090378920343,4.27757020080406,3.7477115232121814
sub-532,1,2,2.9061243609760936,2.892374675802398,2.7024457555590637,6.15639908471305,11.390825823664212
sub-557,1,2,1.1654685220501175,7.291740840524801,4.944416572644678,6.639558710867572,2.472889390618678
sub-562,1,2,8.767245384827547,10.050376365791832,8.124950810483057,2.8089904384183306,0.2711140655269994
sub-562,1,3,9.275789469348467,8.03349792663709,4.558299452097785,1.8062848320156808,8.90491591037753
sub-562,2,3,0.5085440845209206,2.020957726040711,3.5699567776911563,4.614689915843562,8.634322979765589
sub-567,1,2,2.159467716294948,5.340193619884318,9.344960342869319,5.274693911158298,5.3971724951491264
sub-591,1,3,1.9473067572053537,33.20696340281781,24.189297336882333,30.572104566395325,21.89757125068561
sub-595,1,2,8.713183943571233,7.212086855031051,0.5822016945933042,7.7793091983002,2.5295464856188508
sub-595,1,3,9.948707860287714,7.293650343791171,1.3510181581951148,5.525421330227736,0.652368315275387
sub-595,2,3,1.235523916716481,0.08167089096319104,0.7688315820033181,2.256312499283089,1.8772556163352156
sub-606,1,2,6.506808215128302,28.594747761932595,39.21518596850844,30.391175211590856,12.598614408054708
sub-611,1,2,2.6376014135363164,6.749734000598512,4.2947302323166925,2.593088184894022,1.8734769372853153
sub-611,1,3,2.017629499926893,12.51540830209061,10.90757175688356,16.657378062576505,13.842913196108492
sub-611,2,3,0.6199719136094233,5.777876552319075,6.620595081923041,14.07949363657167,11.977201790973886
sub-612,1,2,2.3469426403637597,0.21315890621597763,3.420130397047386,2.2548922982296946,4.393316486677254
sub-639,1,2,4.2683229787038375,5.090105115784827,5.298008099632911,3.7384771669638805,0.34502418635624876
sub-674,2,3,1.3603497264173345,10.506150966126317,10.154924807502917,11.942139673613674,3.4837647722111402
sub-688,1,3,4.526950691604474,5.476856290849893,1.5563317058397477,5.1005577918956035,1.1730301497397222
sub-772,1,2,5.753727124154032,20.60503371294945,12.715690150903312,16.458430934549135,10.881326545988623
sub-80,1,2,3.8741884540780944,21.708176694799977,12.653990128720553,17.347450849002314,11.092314235461876
sub-801,1,3,2.9708237913341033,0.9093225905677111,3.6759017445580024,3.600990101312922,1.4555365843738912
sub-812,1,2,1.790216192655798,12.50875294533167,9.209209618653114,1.62672253058667,3.0307045435269084
sub-812,1,3,1.4653177843654284,9.194191189772184,2.425089861427039,0.979045376389822,0.5659562581668762
sub-812,2,3,3.2555339770212264,3.3241192521077365,6.787909644178787,0.647702943059055,2.464853981145839
sub-815,1,2,0.9686925286297736,9.978046880637793,6.3907123794035545,13.721560938814886,11.69465307675404
sub-815,1,3,2.649418769366733,6.641018323502518,10.22339470242756,3.3098712013484968,2.0540701814060043
sub-815,2,3,1.6807262407369592,16.59157943098815,16.587014360516992,17.012116328362303,13.740471542269288
sub-817,1,2,3.127860532906112,3.8175026872450633,5.3881274616187325,2.609450795364346,7.144487911250578
sub-817,1,3,6.777215712063988,9.146591803111825,1.5958147539878749,3.0614992808479617,2.2422447623456403
sub-817,2,3,3.649355179157876,12.952787633269987,6.982441260729164,5.66981769572405,4.904207245972741
sub-823,1,3,0.058205634179945065,9.146963262125798,10.594910787278007,6.408131515254105,10.622110298314592
sub-829,2,3,7.718554819046954,20.636034236070532,13.05576423312489,13.973238633123088,14.179576935832982
sub-831,1,2,1.662895607488693,6.423306425559413,4.736833657584814,1.3192913918394271,1.5264901865466627
sub-831,1,3,1.621611677258862,0.1488398914604483,10.917206968436528,0.7285930944866115,4.783576670008588
sub-831,2,3,0.0412839302298309,6.274616504371762,6.188373794183406,0.5907124925668022,6.308915151028137
sub-841,1,2,0.617739164877932,3.0498858377634406,6.927363035616402,6.266944364001659,6.455496226845721
sub-841,1,3,2.3862925179735566,1.063884410060344,1.3943772288608018,2.017471804291067,4.601211886332157
sub-841,2,3,1.7685533530956246,4.113436573459291,5.534322256654111,4.250816177194176,1.855662313872454
sub-849,1,3,3.7529811754336055,6.969917557195621,3.510008108710066,4.4874852607300255,3.058631758370583
sub-872,1,2,6.168511868139637,11.315481360640806,3.460215901921038,3.5136280646092732,2.8218374357203055
sub-872,1,3,1.955596310784399,3.4522792484539235,4.10215725312112,3.541862054255433,1.5907269393275232
sub-872,2,3,8.124108178924036,7.870888861896573,0.6421692305666669,0.028242776528848764,4.412069255633146
sub-883,1,2,5.5918041463199835,7.946905637096143,4.1339500490149055,6.663629095194539,7.54619290214818
sub-884,1,2,3.279953139487356,12.441510061772433,10.411304428718775,6.5650248946321135,1.5513606372684818
sub-884,1,3,6.657033087828106,9.300396008833586,1.096932511870907,1.7155981523613095,2.1581366343349306
sub-884,2,3,3.37707994834075,3.1502269483779104,9.317032045568194,4.850792597475597,0.6068267892003006
sub-890,1,2,4.715642836663589,5.687553737263447,3.032155439677543,4.746933769683533,8.368314165757615
sub-891,1,2,2.1031427706427106,2.728011894181744,3.709379664979962,0.6515753629631742,5.070554479191237
sub-891,1,3,2.6688733499415616,0.6417979253442002,0.294771485766051,3.541781659754055,1.306429016828148
sub-891,2,3,4.772016120584272,2.0863052881085555,3.4147015217323062,2.890373052360248,3.764748934857919
sub-898,1,2,2.7874747556156034,6.621842904410058,2.9739628540710576,3.8889134968405528,4.3092572994634875
sub-898,1,3,1.7405061073302228,0.2733330013134719,8.159093898345843,0.6051832895817688,10.120010047485872
sub-898,2,3,4.527980862945826,6.894863918613442,11.12630730015075,3.2839234255518295,5.81709479594639
sub-927,1,2,1.2952268715537922,1.4472624936958813,8.168386422344016,1.9932610641676867,3.8761341406580208
sub-927,1,3,1.6471225568910786,6.404185264844086,4.504558189662833,2.8865918420628827,1.3122835781305566
sub-927,2,3,0.3518956853372863,4.958071622922266,3.667201597179231,4.879151073145506,5.187758019202818
sub-929,1,2,4.024255988009362,10.009741554624464,1.816313557110921,0.4089675656435746,0.3658230204846674
sub-934,1,2,0.0179321343954868,0.759522680741948,3.7662369476362145,4.194367078162775,3.4836084392948226
sub-961,1,2,1.6321405368834867,32.63848280511572,25.028484904455173,29.299572958059358,21.77060732362867
sub-974,1,2,1.6440938322565977,30.31436221209411,31.350314863524456,29.58649357525802,9.855206015291655
sub-974,1,3,2.459350869533454,28.797204136259772,22.953016772317866,23.310753342783435,2.8247549610436757
sub-974,2,3,4.1034447017900515,1.5510076101204007,8.551129556220308,6.385845532566565,7.035347399614439
sub-989,1,2,5.313083558520738,21.994818132113547,15.824756347848012,1.7143526783796519,1.0175669710275803
sub-989,1,3,6.705317189837514,29.5174639786808,23.10395410545399,8.96705036168275,0.7594966094875398
sub-989,2,3,1.3922336313167758,7.646758714909882,7.346346013002117,7.255486091185492,0.25807534780521846
sub-998,1,2,0.06609494863955412,3.5816937743290147,0.479982493762561,3.083111032518062,2.71087993951762
