quantity,cohort,index,value,n
median_slab_angulation_deg,DLBS,prescription,3.3791509783501317,284
age_r_slab_pitch,DLBS,prescription,-0.36062481806879126,284
age_p_slab_pitch,DLBS,prescription,3.787571180667495e-10,284
median_abs_pitch_high_bmi,DLBS,pose,10.871714835627694,140
median_abs_pitch_low_bmi,DLBS,pose,9.607541685954939,140
welch_p_pitch_by_bmi,DLBS,pose,0.006495372655917973,280
age_r_bmi,DLBS,pose,0.08824775619269253,280
r_ratio_abs_pitch,DLBS,pv_perp,-0.3368202920914461,283
p_ratio_abs_pitch,DLBS,pv_perp,6.1799671679736066e-09,283
r_ratio_abs_pitch_given_age,DLBS,pv_perp,-0.20465071278034144,283
r_attenuation_abs_pitch,DLBS,classic,-0.467470686589197,283
p_attenuation_abs_pitch,DLBS,classic,9.04462271107028e-17,283
r_ratio_abs_pitch,HCP-A,pv_perp,0.024485003176864334,809
p_ratio_abs_pitch,HCP-A,pv_perp,0.4867717347950398,809
r_ratio_abs_pitch_given_age,HCP-A,pv_perp,0.011073348773298563,809
r_attenuation_abs_pitch,HCP-A,classic,-0.09179679609621648,809
p_attenuation_abs_pitch,HCP-A,classic,0.008989584109632777,809
williams_p_vs_classic,HCP-A,cross,0.6756544376730456,809
williams_p_vs_classic,HCP-A,v2_slab,5.327152593531759e-15,809
williams_p_vs_classic,HCP-A,pv_perp,1.2636347575323618e-14,809
williams_p_vs_classic,DLBS,cross,0.00673959097313077,284
williams_p_vs_classic,DLBS,v2_slab,0.5433929038797937,284
williams_p_vs_classic,DLBS,pv_perp,0.9462224353374624,284
left_minus_right_pct,HCP-A,classic,3.91916758386366,809
paired_p_left_right,HCP-A,classic,9.83575797026706e-35,809
left_minus_right_pct,HCP-A,refined,4.259428918195093,809
paired_p_left_right,HCP-A,refined,3.713010705191682e-47,809
age_r_classic_L,HCP-A,classic,-0.41123928667132664,809
age_r_refined_L,HCP-A,refined,-0.4082389700999037,809
williams_p_L,HCP-A,classic_vs_refined,0.8599791418830152,809
age_r_classic_R,HCP-A,classic,-0.3989756872465509,809
age_r_refined_R,HCP-A,refined,-0.41274002553384165,809
williams_p_R,HCP-A,classic_vs_refined,0.341886204702563,809
left_minus_right_pct,DLBS,classic,8.099568161180873,284
paired_p_left_right,DLBS,classic,4.212023667370318e-15,284
left_minus_right_pct,DLBS,refined,12.53348536131674,284
paired_p_left_right,DLBS,refined,5.277289070680501e-29,284
age_r_classic_L,DLBS,classic,-0.4180624786570043,284
age_r_refined_L,DLBS,refined,-0.37278616297138234,284
williams_p_L,DLBS,classic_vs_refined,0.12043939459128772,284
age_r_classic_R,DLBS,classic,-0.40627001780526445,284
age_r_refined_R,DLBS,refined,-0.29466312486933427,284
williams_p_R,DLBS,classic_vs_refined,7.321599139441352e-06,284
fa_floor_max_change_attainment,HCP-A,all,0.0013576277121641889,1706
fa_floor_max_change_icc,HCP-A,all,0.0004317531256639029,628
fa_floor_max_change_age,HCP-A,all,0.014687545437386706,1706
fa_floor_max_change_beyond,HCP-A,all,0.012622615253610601,1706
fa_floor_max_change_attainment,DLBS,all,0.003084245526277618,507
fa_floor_max_change_icc,DLBS,all,0.023156370192060294,156
fa_floor_max_change_age,DLBS,all,0.031156889944394695,507
fa_floor_max_change_beyond,DLBS,all,0.0254878224191395,507
median_theta_scr,HCP-A,tract,8.106183257894168,1525
median_theta_slf,HCP-A,tract,9.801817508845524,1525
median_theta_pvs,HCP-A,tract,8.72821997939229,1525
median_theta_interfiber,HCP-A,tract,79.9981842554489,1525
median_theta_scr,DLBS,tract,15.74759529320052,507
median_theta_slf,DLBS,tract,7.67564810210366,507
median_theta_pvs,DLBS,tract,8.063782020905153,507
median_theta_interfiber,DLBS,tract,76.9202420512319,507
icc_theta_scr,HCP-A,tract,0.9155441460868456,628
icc_theta_slf,HCP-A,tract,0.917938814003166,628
icc_theta_pvs,HCP-A,tract,0.924839504614972,628
icc_theta_scr,DLBS,tract,0.6778794871742345,156
icc_theta_slf,DLBS,tract,0.5402514288131585,156
icc_theta_pvs,DLBS,tract,0.7034433259332444,156
