Subject_ID,Visit,slab_tilt,slab_pitch,aff_pitch
sub-101,ses-wave1,4.37102694221743,-4.040000129490108,12.266344526806385
sub-1013,ses-wave1,3.8571156350950924,3.7200004864401857,5.199760580446908
sub-1013,ses-wave2,0.5503635213643806,0.019999999553889054,3.071130075293808
sub-1013,ses-wave3,0.0,-0.0,5.268545581660551
sub-1022,ses-wave1,7.427586330943137,7.310000212157773,13.175488216454507
sub-1022,ses-wave2,4.633845135564072,4.609999746821775,10.868764845644094
sub-1022,ses-wave3,0.0,-0.0,8.639914808499636
sub-1023,ses-wave1,0.210237972079326,-0.010000000227190265,13.351746720992628
sub-1023,ses-wave2,3.761300037039476,-0.4000000354177414,8.482590528413217
sub-1023,ses-wave3,0.0,-0.0,15.775744968788024
sub-1084,ses-wave1,1.5216105988052524,0.06999999784381654,5.474712886603458
sub-1169,ses-wave1,0.44011362385202346,-0.010000003287002847,10.502015190753037
sub-1169,ses-wave2,6.788069927295734,-6.449999919315063,12.798213387535837
sub-1220,ses-wave1,4.4213655977843915,0.11000000232387884,17.508617624855756
sub-1220,ses-wave2,2.3992031810616252,-0.210000010261471,13.660974010853511
sub-1220,ses-wave3,4.052369380490366,-1.900000216899633,9.63534901525041
sub-1226,ses-wave1,0.44011358818475566,0.009999998839960948,13.51852657987935
sub-1226,ses-wave2,0.4399999748399426,-0.0,15.341209801604752
sub-1226,ses-wave3,3.727169735812441,-3.389999802298324,14.102335489279877
sub-1245,ses-wave1,10.532709467085457,-8.699999598842114,7.120954087147706
sub-1245,ses-wave2,6.557863961511848,-5.320000026824318,10.952483245851267
sub-1245,ses-wave3,12.661690240961509,-12.189999033045332,8.02872553311031
sub-1272,ses-wave1,9.239459730230497,8.40999981078317,5.851068388066748
sub-1272,ses-wave2,4.887186617444113,4.869999801237107,10.920716150831018
sub-139,ses-wave1,0.800249936801165,0.020000000102436084,8.041253820043666
sub-139,ses-wave2,1.0601884836560962,0.019999999773732666,8.919698223681621
sub-139,ses-wave3,1.3900000491797657,-1.3900000491795155,11.694919211697169
sub-1476,ses-wave1,9.521685961408593,-9.520000118944346,14.96353796355534
sub-1476,ses-wave2,5.624169742090479,-5.590000510430385,15.452325623561334
sub-1476,ses-wave3,5.175202069362908,-5.110000016352053,18.765046249180877
sub-1484,ses-wave1,9.95010289453062,-8.070001550541766,8.131847281183626
sub-1484,ses-wave2,5.9000085144957115,0.010000009190315006,10.460410901404584
sub-155,ses-wave1,4.346267313217618,3.2999998201334804,4.379308068956486
sub-1617,ses-wave1,2.8404393673211503,2.8399996213664824,6.363792281675418
sub-1626,ses-wave1,1.613101816008537,1.6100000324440944,3.297176194667509
sub-1626,ses-wave2,1.6501210831845603,0.0199999987649884,4.22614611794648
sub-163,ses-wave1,0.39051250414785554,0.020000000249819006,3.7156811692446263
sub-163,ses-wave2,0.6328506734939251,0.059999994523616804,5.815842894160652
sub-163,ses-wave3,1.330601468298242,0.04000000175831929,6.505791587967069
sub-1796,ses-wave1,15.486664119340404,15.479998043709099,10.522934449526511
sub-1796,ses-wave2,11.002742040127156,10.479999998048353,11.434093643782397
sub-1796,ses-wave3,3.9478628353888596,2.090000040257992,3.733622882626574
sub-1844,ses-wave1,7.70290881939151,-6.370000192006332,6.707944437849797
sub-1844,ses-wave2,4.000049280411983,0.01999999972794965,5.524911519463109
sub-1844,ses-wave3,1.4712237559784471,0.059999988394192426,7.730351976367149
sub-1874,ses-wave1,0.4701063650357884,0.010000000612573156,4.86828723454396
sub-1875,ses-wave1,0.9500527533154818,0.010000000214877798,10.05677615215675
sub-1875,ses-wave2,4.285487385508998,1.0699999826565376,12.202967673134369
sub-1875,ses-wave3,3.5051474692070648,-0.18999999384333272,11.092128483618044
sub-1886,ses-wave1,5.066003097451337,-4.740000052695719,16.05833259385284
sub-2034,ses-wave1,5.283040698849017,-4.280000344096532,15.357197349405146
sub-2035,ses-wave1,3.5046790227535323,-1.429999831944136,17.412359690783596
sub-2035,ses-wave2,6.509810701767784,-4.530000834961533,10.14064637761721
sub-2058,ses-wave1,1.330037818444372,0.009999996558927804,7.641661702343628
sub-2067,ses-wave1,0.19104973566846364,0.02000000046034791,10.356371084570867
sub-2068,ses-wave1,6.895659507525134,-6.889999878698044,13.49338845746014
sub-2068,ses-wave2,14.956487775453947,-14.930001469554833,4.826927801833131
sub-2068,ses-wave3,8.970182681515057,-8.669998445920353,19.28786446201385
sub-2093,ses-wave1,5.618699813476542,-4.300000689957392,13.95656863788296
sub-2093,ses-wave2,6.869923142345202,-6.859999913694854,13.498731441441738
sub-2093,ses-wave3,2.3400001445532905,-0.0,16.530504493262523
sub-2095,ses-wave1,2.682683360346442,-0.1199999919435053,11.351969431344013
sub-2095,ses-wave2,0.4399999398708623,-0.0,11.685012589701286
sub-2095,ses-wave3,0.0,-0.0,13.253152434695359
sub-213,ses-wave1,5.750377712503956,-4.550000995603132,17.420766774816045
sub-213,ses-wave2,10.4189003451779,-10.319997970356775,11.065040639445387
sub-213,ses-wave3,0.0,-0.0,17.814325945177103
sub-215,ses-wave1,1.7534527246699327,0.10999996948845385,11.022220780184622
sub-215,ses-wave3,1.280039016913387,-0.010000000204321692,8.749390860021512
sub-2206,ses-wave1,3.0533752792109223,-1.7099999934648458,16.40822350170566
sub-2206,ses-wave2,5.673376758281819,-5.659999906256536,7.212702739015864
sub-2206,ses-wave3,3.169999952872168,-3.169999952872211,12.321353436472917
sub-2231,ses-wave1,4.994404851274679,-0.21000000286242287,16.000347907776508
sub-224,ses-wave1,11.98395888170371,-11.400000521691773,13.571035109034193
sub-2852,ses-wave1,6.262521774840346,-5.349999174218613,14.214661017784424
sub-3003,ses-wave1,2.9960662140687853,-2.979999906003479,10.011578347050074
sub-3005,ses-wave1,2.4200827063678214,-0.02000000075782196,4.144286503101304
sub-3005,ses-wave2,3.374280346844258,0.1700000254227322,3.7972063916338215
sub-3066,ses-wave1,0.3905124507646331,0.019999999804201887,4.788077940892088
sub-3066,ses-wave2,0.2499999863966268,-0.0,4.825281916441617
sub-3066,ses-wave3,8.910061689001004,-8.889999603667237,6.576227760858915
sub-3146,ses-wave1,5.955648731474771,-5.839999655376314,16.761349909811653
sub-3146,ses-wave2,0.05385164212891921,0.01999999942059148,14.421476141382792
sub-3146,ses-wave3,13.282738563735224,-12.950000234772746,15.192810805534622
sub-3182,ses-wave1,5.563584578495765,-5.559999908458008,8.676257680210055
sub-3182,ses-wave2,2.174509652354128,-2.170000368461598,15.250991908714166
sub-3319,ses-wave1,0.321403195196843,0.029999996567423616,19.320587018172194
sub-3319,ses-wave2,0.1811076862115914,0.01999999759369652,21.83607230936336
sub-3319,ses-wave3,10.260332430761373,-8.77999846784729,12.00360890817738
sub-3328,ses-wave1,6.7342036901630715,-6.209999929768701,12.001971811888684
sub-3328,ses-wave2,7.867040099198283,-7.27999953325156,17.932151198805943
sub-3328,ses-wave3,19.80370830343464,-19.65999938792748,11.871592267430055
sub-3344,ses-wave1,2.672263416019138,-0.1100000079690999,10.753541365670065
sub-335,ses-wave1,0.44045429764448624,0.020000002452202542,10.974890962170297
sub-335,ses-wave2,0.4318563829577105,0.03999999939205486,10.859290599732713
sub-335,ses-wave3,5.026783651673096,-3.9899997335356723,13.840804413948558
sub-3571,ses-wave1,0.4301162953539852,-0.01000000358397042,10.014872562434395
sub-3571,ses-wave3,3.743681316781256,-3.7299992629739576,12.307575297661554
sub-360,ses-wave1,6.140832715963285,-6.000000351081702,10.403704524256732
sub-360,ses-wave2,5.78669498809174,-5.769999465420439,10.039073916009276
sub-360,ses-wave3,3.638753327476009,-3.599999390942567,14.04552459694355
sub-3608,ses-wave1,8.650050385121826,-8.649998757966564,17.107222487826455
sub-3608,ses-wave2,2.827034222335583,-2.809999920877616,20.822033056476272
sub-3608,ses-wave3,17.862278938878724,-17.860001417761378,10.59760731781393
sub-3639,ses-wave1,7.6674373975676025,-7.6400002153376105,13.381587243969403
sub-3639,ses-wave2,8.24979316906527,-7.210000577390656,14.798006205596412
sub-3727,ses-wave1,4.556472888589046,-1.71999988694517,10.85864076870953
sub-3727,ses-wave2,3.2405552081098095,-0.05999999847049678,11.742960136090376
sub-3744,ses-wave1,2.4034988258193306,-2.329999686055794,16.540051347400425
sub-3744,ses-wave2,4.281166163434465,-4.280000271789612,18.793088068141767
sub-3744,ses-wave3,18.225719423795162,-18.209998571263206,9.945547444719676
sub-3898,ses-wave1,18.131606461454194,-17.990001754088105,6.938474631444606
sub-3898,ses-wave2,2.360762081478867,0.059999985226606184,23.37960631352935
sub-3911,ses-wave1,0.4410215194183814,0.029999997547526695,9.217753829709855
sub-3911,ses-wave2,0.4400000098098484,-0.0,13.577379429539606
sub-3911,ses-wave3,2.934684736171943,-0.3800000119837202,12.280816759080167
sub-4104,ses-wave1,12.755401018445594,-12.660000106680048,4.416578177975601
sub-4104,ses-wave2,0.100498748676042,0.010000000818999138,16.423324771058553
sub-4169,ses-wave1,11.904265227271287,-11.129999085185823,11.651460981536147
sub-4169,ses-wave2,4.716097356710694,0.2399999703839845,22.121679074977248
sub-419,ses-wave1,2.130586517272969,0.04999999852247578,10.615842024791643
sub-419,ses-wave2,0.07280109941118171,0.02000000069777179,9.42909711047671
sub-4195,ses-wave1,3.200849174004181,-0.5099999946098528,10.15611544486825
sub-4301,ses-wave1,7.715754106731294,-6.7699994686883604,14.084076005566477
sub-4301,ses-wave2,3.512021619694938,-3.090000026578367,18.63791204701265
sub-4362,ses-wave1,5.311585766544447,0.12999999717345326,14.024239546313472
sub-4398,ses-wave1,1.7201161557138982,0.01999999682723795,12.228825511155351
sub-4556,ses-wave1,10.48248577030081,-9.119999943933703,4.059294478212597
sub-4629,ses-wave1,3.6349906038187823,-0.32999999680921305,10.08078153444185
sub-4737,ses-wave1,3.520127362326831,-0.03000000041406564,17.37164523912086
sub-4737,ses-wave2,2.2489066170115124,0.19999999814950448,17.651588826199056
sub-474,ses-wave1,0.43011626560617233,0.009999999473916051,0.15471591365337162
sub-4754,ses-wave1,3.932219378354829,3.9199999016767313,8.879765322535452
sub-4791,ses-wave1,5.049963626932757,1.6600000711654024,9.74197192013647
sub-4799,ses-wave1,0.44045428565095185,0.020000000883773957,7.213655072125441
sub-4828,ses-wave1,5.045029812604249,-4.1299996066976785,21.040693490335762
sub-49,ses-wave1,4.453238605771758,-0.16999999263404056,4.242451705278681
sub-49,ses-wave2,0.44011360011138684,-0.00999999851253232,5.869371757597164
sub-509,ses-wave1,2.3521603188305713,1.2700000068023947,-0.8038205020772594
sub-509,ses-wave2,1.7348760781271944,-0.13000000043636767,2.4698153151809588
sub-509,ses-wave3,2.016707409545857,-0.7299999808732971,6.365165583332835
sub-562,ses-wave1,14.381801268065463,-14.380000804413434,3.914477244559174
sub-562,ses-wave2,5.311586742809633,-5.310000201198718,12.782087602723015
sub-562,ses-wave3,11.252643179225679,-11.170000792681494,10.362441655784613
sub-591,ses-wave1,0.4401135645468044,-0.009999998512532318,2.4126623948646566
sub-591,ses-wave2,0.6726811021366614,-0.05999999175631223,3.1316477036352035
sub-591,ses-wave3,6.293973522158985,6.280000769449296,5.501141792480843
sub-612,ses-wave1,3.6706800187999624,-0.27999998707134593,10.23176836366166
sub-612,ses-wave2,0.440454297011462,-0.020000001818272415,3.5550492003392375
sub-615,ses-wave1,3.9373361896072683,-3.880000347604236,13.02824325633381
sub-671,ses-wave1,7.02478831089377,-6.989998874097091,7.892981948657045
sub-671,ses-wave2,2.401685761497341,0.0899999978260341,9.525358032857804
sub-676,ses-wave1,7.00484339867785,-4.119999689581577,16.00302867295703
sub-684,ses-wave1,7.776008412698721,-1.7400000911567266,18.55860233596692
sub-684,ses-wave2,6.361062675237633,-4.9899993851652935,17.76614646641731
sub-684,ses-wave3,5.372618404382693,-5.070000262224623,18.92352956803268
sub-812,ses-wave1,2.0928915257045566,0.10999999092612095,12.253938998266372
sub-812,ses-wave2,1.6001250443168769,0.020000000255650758,10.51157123891993
sub-812,ses-wave3,0.0,0.0,10.112892435441687
sub-815,ses-wave1,1.8285725092372709,-1.809999977816716,10.047384903281811
sub-815,ses-wave2,0.2137755802184311,0.03999999545968613,11.973653612305087
sub-815,ses-wave3,1.310152567908727,-0.01999999872778858,10.701023247493337
sub-823,ses-wave1,2.8230569125354603,-2.740000503744945,10.224187421608596
sub-823,ses-wave2,0.4401136706509194,0.009999999307284277,10.442841846753803
sub-823,ses-wave3,2.8754617189053,1.139999909995102,10.83199594772301
sub-841,ses-wave1,1.2501599602856577,0.01999999833475358,13.248190592431065
sub-841,ses-wave2,0.6400000427094309,0.0,11.329403608228569
sub-841,ses-wave3,0.0,0.0,10.318861241520052
sub-849,ses-wave1,5.563953605931993,-4.849999338302353,7.950938232859978
sub-849,ses-wave2,2.5900767678311563,0.019999997854359654,16.041581665801402
sub-849,ses-wave3,1.5702865235957166,0.029999999607446516,4.5864392229071065
sub-883,ses-wave1,2.2308061975233424,-0.05999998713307704,2.510079551033846
sub-883,ses-wave2,10.960668637060087,10.26999957577879,6.935683414111834
sub-884,ses-wave1,3.0931671287741156,-0.14000001935941334,3.779526183833424
sub-884,ses-wave2,1.7610221405677344,-0.05999999622803568,5.991293566760371
sub-884,ses-wave3,2.2209179569929867,-2.2100001276184518,10.173174386298356
sub-934,ses-wave1,3.1459334295154866,-2.9399997172625403,13.465330840817378
sub-934,ses-wave2,0.4501109856521822,-0.01000000090614598,14.88317380318949
sub-12,ses-wave1,1.130398183906611,0.029999998235767208,9.355652176182957
sub-12,ses-wave2,1.280351363057217,0.029999998336883042,8.577332688094668
sub-12,ses-wave3,5.541448359427362,-4.890000251428267,9.185999819037395
sub-4288,ses-wave1,0.4404542625385315,0.019999998639264265,10.66059899331945
sub-4288,ses-wave2,0.6000833590468968,-0.009999998566871376,13.963230693233463
sub-164,ses-wave1,8.364833605265924,-8.149998011895978,12.351255243483036
sub-164,ses-wave2,1.350037179223453,0.010000000916200692,14.622725121319297
sub-3653,ses-wave1,2.9238788821201815,-2.3199999071888953,8.63073046147295
sub-3653,ses-wave2,3.1710086565129365,0.0799999999021549,6.770573058305116
sub-3653,ses-wave3,7.232736591628212,-6.300000565900416,6.488729825307548
sub-1309,ses-wave1,3.355377619044087,-0.1899999814306345,3.3414350643510153
sub-138,ses-wave1,2.75828150766061,2.659999965651288,6.643134871723633
sub-138,ses-wave2,0.6003331796536142,0.019999999732869228,6.031960651234804
sub-138,ses-wave3,6.7203633204695805,6.720000420232794,4.878491597939597
sub-1797,ses-wave1,4.085682404782265,3.4499997665732063,9.430166865420345
sub-1797,ses-wave2,4.240293096402008,0.0499999898916047,7.518941785446079
sub-760,ses-wave1,2.119999638380672,-3.3373377124687705e-09,2.142828998129387
sub-935,ses-wave1,21.100008755022902,-21.099999708704672,20.7165635224902
sub-935,ses-wave2,21.275364411873674,-20.8299997032485,11.321994890546652
sub-599,ses-wave1,0.9800510238388598,-0.009999998700049948,11.594072142238897
sub-3457,ses-wave1,0.43289714128706286,0.0499999954221067,6.6964998232812665
sub-3457,ses-wave2,0.4770732310517998,0.26000000503247706,12.414867431869352
sub-3457,ses-wave3,14.080528103777139,-14.069999175251079,3.21496484840768
sub-2743,ses-wave1,7.856139929201132,-7.520001484315237,8.954206730467424
sub-2743,ses-wave2,0.44045432108707033,0.01999999866025303,17.13317380718779
sub-2327,ses-wave1,3.5713982191147706,0.09999998874556563,10.767097521928768
sub-1159,ses-wave1,0.9600520966367624,0.010000000716111873,4.058630268538796
sub-961,ses-wave1,11.809887639549178,-11.789999366320336,12.26894770813099
sub-961,ses-wave2,4.014976328592039,-4.010000031669285,14.377263180529956
sub-3863,ses-wave1,2.7811499324716698,-0.07999998431784701,2.1141057600595614
sub-3863,ses-wave2,0.44011358879756685,-0.009999999156938525,14.112135599399977
sub-3863,ses-wave3,2.8560214844802574,-2.639999917316379,5.868191910439968
sub-162,ses-wave1,2.6884183683858143,-2.660000489863463,9.353599568584457
sub-162,ses-wave2,5.0983298232444785,-0.7700000427708182,9.993534368226339
sub-162,ses-wave3,3.3900000967530026,-0.0,12.932413415778491
sub-1195,ses-wave1,1.0248895933183209,-0.09999999496220108,13.54200608746526
sub-4245,ses-wave1,0.4404543336118476,0.01999999863926426,17.39553780701312
sub-196,ses-wave1,0.6599999717792091,0.0,11.589754099065138
sub-196,ses-wave2,3.42649299146172,-3.3699996549740514,12.128918410361964
sub-196,ses-wave3,8.858228975985249,-8.70999824035019,13.672715146800956
sub-1168,ses-wave1,0.4401136587292589,0.009999999634743883,6.891708016738796
sub-1157,ses-wave1,2.196707501645385,-2.159999922488412,7.379560241226769
sub-1157,ses-wave3,9.395935068435666,-9.00000036730699,3.7506496165880625
sub-2974,ses-wave1,3.7359645540940694,-3.710000242661252,3.9960334991412094
sub-1362,ses-wave1,0.4400000110192204,-0.0,8.639504823612311
sub-1362,ses-wave3,0.0,-0.0,12.345003705688919
sub-361,ses-wave1,5.814149722609765,-0.22000000494500657,13.388274195071887
sub-361,ses-wave3,5.230320575848543,-5.120000247284269,10.460661947274437
sub-153,ses-wave1,1.3922999346520186,0.08000000183241607,9.434715859981926
sub-3899,ses-wave1,1.0212244789423368,0.04999999327979305,18.537515399876046
sub-3899,ses-wave2,0.25019990152715377,0.00999999963006571,14.751686314238537
sub-1172,ses-wave1,16.139124824456175,-16.12999950960904,7.775258330809345
sub-1172,ses-wave2,8.182013250233389,-7.859999759604281,11.42302798971777
sub-1172,ses-wave3,9.692782255701612,-9.680000567949326,8.936318047874835
sub-2152,ses-wave1,0.6500000681779494,-0.0,7.208466624839674
sub-1175,ses-wave1,0.17029386209388614,0.009999997190366603,6.086514818386177
sub-1175,ses-wave3,0.0,-0.0,8.238382143213826
sub-182,ses-wave1,4.751363996364721,-4.550000768261222,13.795915616212838
sub-149,ses-wave1,6.758922352123735,-4.919999856649296,8.772168829315138
sub-149,ses-wave2,3.020810005629766,-0.07000000111322535,8.234499105748007
sub-149,ses-wave3,0.0,-0.0,14.76208635457423
sub-975,ses-wave1,6.930114285773158,0.04000000217352518,9.897477652294741
sub-140,ses-wave1,3.2400616702698706,0.02000000438041921,4.575883383770013
sub-140,ses-wave2,3.9666620668084587,0.2300000059022851,9.537156305260618
sub-4869,ses-wave1,0.31256997194598307,0.03999999560704585,13.279775219583575
sub-4869,ses-wave2,2.1034242142481037,-0.11999999882757523,13.100422012963808
sub-4869,ses-wave3,4.367079326350957,-4.159998894759898,11.698147726386717
sub-988,ses-wave1,0.4404543336118476,0.01999999863926426,8.247224741682864
sub-988,ses-wave2,3.0401481358051816,-0.02999999784837059,6.626050438471653
sub-988,ses-wave3,2.821789054886331,2.0400001705899067,8.655984091722386
sub-943,ses-wave1,4.586902422442991,-3.6800000572387592,10.346510195578809
sub-943,ses-wave2,3.8996739980627835,-2.5400000211354077,11.063918121643127
sub-3841,ses-wave1,5.520272079689764,-5.290000102319214,2.307166234460249
sub-1978,ses-wave1,2.8628297691140023,-2.690000005429531,11.535519726983853
sub-381,ses-wave1,5.919349814031644,-4.9500000545365115,12.986653896018874
sub-147,ses-wave1,8.580466797464775,-8.579998315091505,14.40926660485549
sub-147,ses-wave2,4.988040260739679,-3.2799999031111313,13.231521354915584
sub-147,ses-wave3,11.862808292306354,-11.85999952978951,7.205173917841872
sub-3846,ses-wave1,6.0240042738867405,-0.22000000601390302,15.916528880910109
sub-3846,ses-wave2,2.5523694901232026,-0.10999998528764622,20.33563453259201
sub-178,ses-wave1,2.9833423916208037,-2.639999925958837,13.515249433235816
sub-178,ses-wave2,10.254638193106494,-10.250001554015526,8.554443059200318
sub-178,ses-wave3,14.242897471542443,-14.080000412197727,9.171173213386494
sub-4805,ses-wave1,8.727785263647329,-8.719999668382988,11.537855197867591
sub-326,ses-wave1,10.057387068228214,-9.88000070902301,10.49962921032143
sub-326,ses-wave2,10.600331669838384,-10.579999708209339,12.049532175040387
sub-326,ses-wave3,5.036857127341818,-4.919999779956147,11.090684355674789
sub-584,ses-wave1,7.324255280421479,-6.359999315868361,7.342803016919282
sub-1922,ses-wave1,5.700007820433654,-5.699999077355606,6.410180033033647
sub-1922,ses-wave3,0.0,0.0,11.732538709588434
sub-3212,ses-wave1,15.62903210803467,-15.310000862762118,16.583793161210398
sub-1119,ses-wave1,2.9866977493184796,-2.9799999185631147,4.276867582929342
sub-1119,ses-wave3,10.024915109196192,-9.11999949147339,3.2782594571085135
sub-4659,ses-wave1,5.572013145228289,-5.570000126946277,10.361019434393548
sub-4030,ses-wave1,3.8518666585764043,0.11999997795863747,16.47987509202349
sub-1784,ses-wave1,1.530032538056373,0.01000000126372566,3.0277527557227484
sub-146,ses-wave1,4.324421577702305,-3.7000001097713446,12.51787687681748
sub-146,ses-wave2,0.4410215544667863,0.029999999931782335,13.797671988785691
sub-146,ses-wave3,2.129408592231193,-2.1199998107301745,17.071785772592577
sub-989,ses-wave1,4.26087372747156,-1.739999953402549,15.154563943934576
sub-989,ses-wave2,8.080432519214659,-8.040000113555305,8.144249108250463
sub-989,ses-wave3,12.70197321941708,-12.389999668076657,8.779113556095572
sub-4868,ses-wave1,4.99324113615216,-4.760000586990596,26.38209494597234
sub-4868,ses-wave2,0.19723075250876212,0.09999999569851314,23.971793518749198
sub-4868,ses-wave3,15.512025451871477,-15.369999111365217,10.380788244094571
sub-1370,ses-wave1,2.6030082917188317,2.5899996570101202,-1.6484783673120078
sub-1370,ses-wave2,2.680074838543215,0.020000003523482746,2.5817595040042005
sub-1370,ses-wave3,4.910962573801291,4.67999926777955,6.457365980984551
sub-141,ses-wave1,3.6501113477810385,-3.60999983877681,9.920944220668588
sub-141,ses-wave2,0.6519202050890588,0.050000002028501474,9.113594070116939
sub-183,ses-wave1,2.818211784850388,-2.799999855805419,2.4295831444933573
sub-183,ses-wave2,0.4404542975435333,0.020000000228768213,7.421724215596409
sub-183,ses-wave3,0.0,-0.0,9.433324698302092
sub-980,ses-wave1,5.0873721409173545,0.9400000981140982,7.286544505390201
sub-974,ses-wave1,0.9529351460117125,-0.8399999809274598,14.835265142137123
sub-974,ses-wave2,1.3639921550561078,0.38000001831288377,11.860011275876701
sub-974,ses-wave3,3.4751219077793314,-3.4100003520545075,11.533859826916759
sub-3086,ses-wave1,3.8285668329304907,-3.1199994671102895,10.851223191077867
sub-719,ses-wave1,0.9302149657270136,0.02000000099493503,13.896989600275598
sub-719,ses-wave2,0.9102195653940663,0.01999999931169549,12.095272632408468
sub-719,ses-wave3,0.0,0.0,12.998000975833689
sub-927,ses-wave1,4.038178288411989,-3.8800002002242544,8.8350164842779
sub-927,ses-wave2,1.7301154734396864,0.019999998046580463,11.075681778987338
sub-927,ses-wave3,0.0,-0.0,13.81577922389099
sub-4658,ses-wave1,3.300060582746943,-0.02000000166732691,15.050138943254119
sub-4658,ses-wave2,2.1235993402071527,-0.2400000078147658,17.602246319102505
sub-772,ses-wave1,11.630344368056868,-11.630000932064243,11.665238353124728
sub-772,ses-wave2,9.664614375554901,-9.660001314875299,15.691690798970047
sub-772,ses-wave3,4.6912872287318885,-4.690000309347388,19.702145871787337
sub-1543,ses-wave1,6.767412371399982,-5.95000056539562,18.18788278138895
sub-1543,ses-wave2,8.986761838082296,-8.979999611821803,19.154040783223728
sub-1543,ses-wave3,6.342056805490977,-6.21000047679295,18.61225102256382
sub-4660,ses-wave1,5.350783160307873,-5.34000143474495,13.37052708792048
sub-311,ses-wave1,9.55052067029888,-9.550001981743105,19.16990372721381
sub-311,ses-wave2,14.114389354919796,-14.069998524532046,14.750863283104794
sub-1915,ses-wave1,2.1827537529655636,-2.1399999866706323,9.631834590507063
sub-318,ses-wave1,5.622813937628815,-5.609999851040395,13.001189134562257
sub-327,ses-wave1,1.7423253312358724,-0.09000000133568103,0.1362368439582731
sub-327,ses-wave2,1.8839595056801768,1.5000001474858409,6.4337799597939584
sub-929,ses-wave1,0.4310452376225879,0.030000001805498454,12.718930010043765
sub-929,ses-wave2,10.300082451324663,-10.109998708538747,9.243033793804571
sub-3010,ses-wave1,2.1602086169487,0.029999995828885278,11.792975832574706
sub-3350,ses-wave1,2.001598434267692,0.07999998998589569,12.10558143409377
sub-1251,ses-wave1,5.598984335262398,2.4000000267886668,4.38221654500677
sub-2044,ses-wave1,1.4201410556774448,0.019999998154374695,20.76578318235984
sub-252,ses-wave1,23.729951495079508,-23.620003800557477,10.892206480177522
sub-1860,ses-wave1,6.240647530885853,-6.240001094176909,12.954336101869071
sub-299,ses-wave1,1.9313587389729165,-1.3199997609345022,11.074010902104236
sub-609,ses-wave1,13.522115709996298,-13.400000012101975,9.745012741811868
sub-2043,ses-wave1,3.401468401209155,-0.09999999255056836,15.757855157820114
sub-2043,ses-wave2,4.781044097170678,-4.780000613977991,13.242269291869857
sub-2043,ses-wave3,6.3693589689206185,-5.550000036533248,11.972689521338818
sub-4172,ses-wave1,4.260712690289754,0.4199999663413373,-0.316711271008159
sub-4172,ses-wave2,2.404680116687368,0.1499999954147812,2.621623994236949
sub-890,ses-wave1,7.838518686740528,-7.219999914042278,5.2751624319233725
sub-890,ses-wave2,6.677561886051513,-6.349999546349153,8.223700361229147
sub-3537,ses-wave1,4.6238962642597,-4.6199994531397826,8.816520520532961
sub-3537,ses-wave3,5.153758264758944,-4.8300003463416505,11.247604362230852
sub-1869,ses-wave1,5.864214785663532,-5.8199999409703675,5.760188230159323
sub-1267,ses-wave1,12.043682781453633,11.969999827521917,9.583248781402816
sub-1267,ses-wave2,0.44000002295390017,-0.0,4.124482884545549
sub-1431,ses-wave1,0.38118234415308494,0.029999998155146295,7.515375950261501
sub-1431,ses-wave2,0.5100979963791449,0.010000002409702769,12.25039923193921
sub-1431,ses-wave3,2.3722865878418076,-1.8700001641693271,12.797204737355596
sub-3392,ses-wave1,1.0499999436977372,0.0,16.5983655551452
sub-2885,ses-wave1,0.42047590880854463,0.020000001137555345,11.308539086786698
sub-2885,ses-wave2,3.686385377861207,-2.499999875641553,9.303468555272678
sub-2885,ses-wave3,4.804318666610292,-4.659999738072013,8.622425588323585
sub-1856,ses-wave1,6.9592804354063205,-6.87999917907457,13.621642721772114
sub-1856,ses-wave2,7.1836791605155375,-5.760000016127724,15.74148992787963
sub-801,ses-wave1,1.5408113754894772,0.049999995456638344,7.048035369196089
sub-801,ses-wave3,4.8058224776630425,-3.140000092742189,6.385966896083685
sub-492,ses-wave1,3.8459307516260512,-2.419999890247217,10.644828581875464
sub-492,ses-wave2,0.44011362313818125,0.00999999852298332,7.866967760336206
sub-466,ses-wave1,3.145149506824825,0.17999997473428989,7.695877918687243
sub-466,ses-wave2,3.038709192057479,0.23000001819497273,11.893769349316292
sub-466,ses-wave3,2.040000069081666,-0.0,7.222641323284017
sub-208,ses-wave1,1.620771373088193,0.050000001685583856,11.947689654693708
sub-208,ses-wave2,0.4404543336118476,0.01999999863926426,5.475605447884513
sub-208,ses-wave3,5.208411702342963,-5.019999940241443,9.458245358440633
sub-2213,ses-wave1,8.060581798531443,-6.939999971700282,15.628599314356626
sub-495,ses-wave1,9.940402350515777,-9.939999009101083,12.203832439213206
sub-665,ses-wave1,1.5315999329531922,0.07000000702139353,7.320092940486928
sub-3131,ses-wave1,0.6603029500055987,0.01999999735492018,4.407805078791019
sub-3131,ses-wave2,3.151284549455161,0.0900000056701992,6.029084703972318
sub-3131,ses-wave3,3.695651735302357,-3.6800001031643452,4.907280708781063
sub-1008,ses-wave1,4.823734770970715,-4.8200002455118796,13.943928768672876
sub-1008,ses-wave2,2.777193008044422,-2.470000073332676,15.379756317346697
sub-2813,ses-wave1,0.44011363565029454,0.00999999740081514,12.658458131381911
sub-2813,ses-wave2,0.4399999398708623,-0.0,16.695209965471303
sub-3531,ses-wave1,0.4310452315025329,0.029999997858603206,6.987216852870208
sub-3531,ses-wave2,0.3436567552658245,0.049999997579752875,5.766021126740463
sub-3531,ses-wave3,6.261857136881745,-4.419999480608901,5.102625501533225
sub-1868,ses-wave1,7.949511856009264,-7.940000860175753,14.270530330390296
sub-1868,ses-wave2,10.110122772455396,-10.11000041919799,15.60425009207104
sub-1054,ses-wave1,4.986668127858434,3.6500002869469377,8.626296241923859
sub-1054,ses-wave2,0.4401136362614495,0.009999997717780488,-4.312685664378031
sub-2087,ses-wave1,6.544075054437521,-6.069999661244901,11.461780581416646
sub-898,ses-wave1,0.6506920113830462,-0.02999999731998032,4.437716375607287
sub-898,ses-wave2,0.17029386216023276,0.009999998302055953,4.0773604465517295
sub-898,ses-wave3,0.0,-0.0,5.417780815528493
sub-606,ses-wave1,16.40405872062929,-16.40000005540593,11.091350115782207
sub-606,ses-wave2,13.420822595237471,-13.419999705732591,16.418295018433064
sub-1850,ses-wave2,3.8912828150821595,-0.09999998502043067,-2.5704085918620714
sub-1850,ses-wave3,0.0,-0.0,4.898030604525085
sub-639,ses-wave1,1.8803793061658993,0.7599999971303727,10.270209899864353
sub-639,ses-wave2,0.19026299402465116,0.009999999740058425,7.922539245728283
sub-891,ses-wave1,4.041235992858476,-0.10000000665111164,10.660196936113309
sub-891,ses-wave2,2.840405977175928,-2.819999907100949,11.380490252189203
sub-891,ses-wave3,7.322458532231295,-6.969999825036186,7.966172034867123
sub-1866,ses-wave1,14.028889326525892,-13.739998786200259,16.995568597479792
sub-865,ses-wave1,3.732478537902752,-3.619999781619027,11.52859677191678
sub-253,ses-wave1,20.121378193500885,-20.019999940727935,6.622056587546679
sub-3163,ses-wave1,4.541619002802193,-3.4799991142641873,14.748255816900162
sub-3163,ses-wave2,0.4410215426291692,-0.030000000914334104,16.929252107098446
sub-4722,ses-wave1,2.094593462833061,2.0500001723380548,10.798424949377447
sub-2248,ses-wave1,6.017242006424879,5.729999762398666,5.9328341368545345
sub-2248,ses-wave2,0.44045432118885075,-0.020000000883773954,9.299730417421166
sub-2248,ses-wave3,2.330342839917296,2.3299997069040623,8.350503717463633
sub-1439,ses-wave1,4.192209384927564,-0.32000003781043496,4.817142364182759
sub-1439,ses-wave2,1.9146216607349262,-1.500000008737529,6.1981992182815
sub-1439,ses-wave3,3.497681488224104,1.8800001795426535,10.655558121785264
sub-836,ses-wave1,4.500044466488105,0.019999997890259434,3.053679615386323
sub-4749,ses-wave1,2.2526857807641125,2.2499998773898104,14.384448496588645
sub-4749,ses-wave2,1.9115658832080986,-0.2100000001416433,9.999527411227962
sub-3108,ses-wave1,6.81741937708229,5.829999952602397,6.4289195925217175
sub-4312,ses-wave1,1.7101167642605246,0.019999996421231663,15.03603792212619
sub-4312,ses-wave2,0.6296810167807972,-0.5899999057625773,13.804601187337292
sub-4312,ses-wave3,4.941004864697587,-4.929999792103792,12.393974995515327
sub-3137,ses-wave1,5.267426581418953,0.27999997838128604,13.081920528576607
sub-1452,ses-wave1,3.3568335554911077,-1.9399998623154173,13.363832339392912
sub-1452,ses-wave2,3.530692772250146,-3.5299996677640655,17.798975767784295
sub-1452,ses-wave3,0.0,-0.0,17.121312104560054
sub-831,ses-wave1,0.9202174184622982,0.01999999872448853,7.360898302530891
sub-831,ses-wave2,0.8700573751087168,0.010000000027729078,0.8408242555342893
sub-831,ses-wave3,0.7700649693277853,0.00999999918322777,9.969656946705584
sub-1031,ses-wave1,5.941207815565129,5.94000016276111,3.750881998540496
sub-1031,ses-wave3,0.7705840959724999,-0.02999999860893022,2.79523585105536
sub-4315,ses-wave1,8.5266746511604,-6.9299997961256405,14.484166659972225
sub-4315,ses-wave2,8.784172470586633,-8.479998391409552,15.448008949338556
sub-4315,ses-wave3,15.768042483189312,-15.760001807076419,10.465466083831302
sub-200,ses-wave1,2.234284079873618,-2.2000000256849632,10.658519557779064
sub-200,ses-wave2,13.88613202014948,-13.859998046715063,1.635491169190192
sub-200,ses-wave3,4.475760880016814,-4.449999875132087,12.110979881340377
sub-3334,ses-wave1,1.5301304788324923,0.019999997469892842,10.778774171552099
sub-3334,ses-wave2,0.17029386222443918,0.009999999413745301,14.207518219239757
sub-1007,ses-wave1,7.950510205561899,-7.939999370641659,9.446355417148258
sub-1007,ses-wave2,1.770112784997582,-0.01999999854490631,16.911419534929266
sub-1007,ses-wave3,3.88217414609225,-3.880000250500377,16.50088573324279
sub-4575,ses-wave1,2.309999764837323,-4.1722070091856995e-10,17.125476516117857
sub-4581,ses-wave1,1.6716896365166427,-1.609999888832442,6.040726738923545
sub-4581,ses-wave2,2.230358364903401,-0.03999999275336097,2.2613337403179776
sub-4581,ses-wave3,2.6910238942713054,-2.549999558969788,7.137076473186155
sub-236,ses-wave1,0.17262674942475528,0.02999999818849317,11.57815240843831
sub-236,ses-wave2,0.7627532159265085,-0.6299999512140789,7.687636526281896
sub-236,ses-wave3,0.0,-0.0,12.039293947488176
sub-458,ses-wave1,4.581089200541021,-0.09999999830193569,1.624595369151923
sub-4129,ses-wave1,11.434757017259546,-11.220001428771809,6.477745716911017
sub-4586,ses-wave1,7.9425010834942595,-7.939998730412144,22.46829307847257
sub-1656,ses-wave1,18.5463061080592,-18.490000367421466,17.361717538351748
sub-1656,ses-wave2,24.903584682511553,-24.889999228449113,9.78440499384436
sub-1656,ses-wave3,14.665427733942744,-14.479998685416959,20.62552571845109
sub-3946,ses-wave1,0.4404543336118476,0.01999999863926426,9.070148765635249
sub-3946,ses-wave2,0.44011362318869673,0.010000000746504445,16.316888848574948
sub-3946,ses-wave3,9.497297563921366,-9.390000172541018,10.11779592547455
sub-81,ses-wave2,4.481113653726914,0.10000000259441007,8.443539884509674
sub-3377,ses-wave1,1.6352127524068334,-1.2100001094077142,11.304486264608814
sub-611,ses-wave1,3.710659325963394,0.0700000016182023,3.0530117135668067
sub-611,ses-wave2,0.8305419910220216,0.029999999295539984,5.207669147458751
sub-611,ses-wave3,2.1002139578665866,0.030000000887438507,5.002522664991113
sub-4394,ses-wave1,0.4404543336118476,0.01999999863926426,13.32211843166007
sub-4394,ses-wave2,3.0874974465825176,-1.0599997241317058,16.330114936680353
sub-4394,ses-wave3,3.330084671926281,-3.040000019510439,7.8526978225754815
sub-843,ses-wave1,8.211548452814482,-8.210000209840615,12.523074253632048
sub-2893,ses-wave1,4.646465680762465,3.78999997825922,4.951054235609929
sub-2893,ses-wave2,8.237750648930351,5.819999916655891,10.7720907577881
sub-2064,ses-wave1,6.208997963190894,-6.16000014459572,15.108549653636977
sub-2064,ses-wave2,5.6654425168244975,-5.599999611057123,16.403002324978285
sub-616,ses-wave1,2.372447193639519,-1.7699999653649887,7.2503112237678655
sub-1043,ses-wave1,2.694507107535492,-0.42999998850360094,2.2860522662186598
sub-1615,ses-wave1,4.161451666668672,-0.10999999071613659,16.221568686284225
sub-1615,ses-wave2,6.6504795590829655,-0.0799999595265317,11.832158963914813
sub-1615,ses-wave3,4.5868990791307125,-4.469999624157842,11.789327579953357
sub-3983,ses-wave1,0.4404543336118476,0.01999999863926426,10.90792698462109
sub-1882,ses-wave1,0.439999987380966,-0.0,6.06628400665295
sub-881,ses-wave1,5.679528906781926,-5.6399999608668585,3.9369635541842762
sub-881,ses-wave2,3.8193474983023767,-2.7800002503488055,10.159139942252581
sub-1247,ses-wave1,2.7308965671336582,-0.07000000211802515,10.672692461693169
sub-4507,ses-wave1,17.579918298843676,-17.569999528267317,7.20436437337284
sub-1849,ses-wave1,2.982027807601656,-0.11000000678239068,6.326248981965195
sub-1849,ses-wave2,4.264833545547917,-0.4599999835401458,6.682772670327078
sub-1849,ses-wave3,1.0399999549749661,-0.0,7.729425245160638
sub-886,ses-wave1,3.222233310006247,0.11999999522657226,12.33645460634981
sub-872,ses-wave1,7.994530598029555,0.27000003732496114,7.039766213877339
sub-872,ses-wave2,4.581088837049668,0.09999999925114669,13.756190905181285
sub-872,ses-wave3,9.372600461793947,-8.909999529223933,7.662518299923928
sub-1240,ses-wave1,3.7205421245281123,-3.599999547371287,6.72040133843713
sub-1240,ses-wave2,0.0632455489575758,0.020000001965595555,11.312035884171888
sub-1240,ses-wave3,3.2485537927184915,-2.7500000283641923,14.631211763183732
sub-819,ses-wave1,2.839956698474359,-2.6799997102229014,11.036714859076193
sub-674,ses-wave1,4.682332753216564,-4.6699995872478155,12.41584392239109
sub-674,ses-wave2,0.44000002355941453,-1.6675756878283554e-09,14.286366590910307
sub-674,ses-wave3,0.0,-0.0,12.806227816722108
sub-4795,ses-wave1,6.845875168299558,-6.640000323517943,8.273581617893454
sub-4795,ses-wave2,3.54812493826426,-3.4899996059145777,12.14182293784721
sub-4795,ses-wave3,4.987670128998553,-4.969999591597051,14.842290107448315
sub-680,ses-wave1,2.750163393948507,0.02999999615900205,9.03423695404747
sub-680,ses-wave2,2.4405821589268637,-2.040000052659294,9.983936530197052
sub-680,ses-wave3,5.433054140214909,-2.9099999007308277,8.860215753297256
sub-470,ses-wave1,1.090046099046681,-0.010000001057701123,4.8609435249325115
sub-470,ses-wave3,5.300573988327206,4.989999065071835,11.361786044006172
sub-4565,ses-wave1,3.8063543472864136,0.2199999952763829,12.742740874045447
sub-4565,ses-wave2,4.860257115950163,-0.04999999727285082,15.423203448029227
sub-1225,ses-wave1,4.669667749857269,-4.619999950946384,15.783417582210058
sub-1225,ses-wave2,4.4108857619531445,-4.40000024772425,17.3899340911688
sub-817,ses-wave1,2.991646449445894,-2.880000180569899,10.911680808815696
sub-817,ses-wave2,4.911509162929206,-4.500000544771986,11.154617903398377
sub-817,ses-wave3,1.0499999560034499,-1.0499999560035451,17.331981621846474
sub-483,ses-wave1,14.219628325369438,-12.480000040046802,18.472491247511517
sub-483,ses-wave2,11.179421542173571,-8.11999715742486,19.108978567896276
sub-2205,ses-wave1,1.4800338480563695,0.010000001705955388,1.2159926034343662
sub-221,ses-wave1,1.3003462333668068,-0.02999999885513492,7.842292013369643
sub-21,ses-wave1,8.046968730183195,-7.860000314123305,9.911171920236944
sub-2054,ses-wave1,3.931369481635306,-2.380000024910725,14.415893753318226
sub-4165,ses-wave1,8.991916057866842,-8.970000136683304,18.72995463112548
sub-4539,ses-wave1,1.800444368120213,-0.039999989597068936,3.5209191865654432
sub-2053,ses-wave1,0.44045429744175296,0.019999998005333877,3.3343136920466776
sub-245,ses-wave1,2.749581914673377,0.5199999235768947,-0.04651876011370698
sub-245,ses-wave2,0.13038406157535834,0.010000000424848329,10.370089483211334
sub-245,ses-wave3,3.808495791298697,2.359999618291618,7.533691455659671
sub-4196,ses-wave1,11.98648981603895,-11.9199990077387,11.360773725631915
sub-4196,ses-wave2,10.732848190310087,-10.680001001059212,18.072684464203867
sub-4196,ses-wave3,15.320203353607393,-15.319999480250917,9.22103175061206
sub-889,ses-wave1,3.180769811380145,-0.0700000048588494,2.197806285041896
sub-889,ses-wave3,3.728825390371955,-2.319999958580323,9.845076037615126
sub-274,ses-wave1,10.499297148941112,-9.809999940880898,6.995766204124805
sub-274,ses-wave2,15.322985687512887,-15.059998939898586,10.559730487706506
sub-2062,ses-wave1,10.907990146597523,-10.899999185500251,14.950787424830102
sub-1421,ses-wave1,1.8732315124031633,0.11000000358054263,7.544714317842516
sub-1421,ses-wave2,4.159972674809668,-2.1699999119184565,8.106992603615652
sub-80,ses-wave1,2.1355261648342148,1.490000034445702,5.853937065088297
sub-80,ses-wave2,0.13152944443724834,0.02000000104747743,5.104128577101353
sub-1613,ses-wave1,2.485007700061067,-1.9099998204871276,10.29213809806391
sub-1045,ses-wave1,12.398266970944167,-12.34000132464062,14.456190699282336
sub-476,ses-wave1,10.019876408906313,-9.679998533458749,16.57320717469207
sub-220,ses-wave1,4.441519043693153,0.32000001514805815,15.733029751112484
sub-220,ses-wave2,1.92260129868477,0.09999999844463635,17.601807147553
sub-220,ses-wave3,5.126253857426227,-5.02999980171237,10.405377729700204
sub-1011,ses-wave1,10.45520845907611,-10.159999552141567,10.625493165504682
sub-2031,ses-wave1,0.4404543336118476,0.01999999863926426,10.14857196804064
sub-2031,ses-wave2,0.6307138645702873,0.029999995949158014,10.043685997191368
sub-829,ses-wave2,7.150052486475079,-7.139999916527655,10.878086273722873
sub-829,ses-wave3,5.670712207782234,-5.670000300216589,18.114765056505153
sub-688,ses-wave1,4.838673449266592,-4.760000309158085,11.496663903850665
sub-688,ses-wave2,4.217402685117973,-4.209999754472347,7.160969676647079
sub-688,ses-wave3,5.8362269683989165,-5.829999739980113,11.512153387618612
sub-4769,ses-wave1,3.547673007652098,-3.5000003221607323,14.426897025644921
sub-4769,ses-wave2,2.4035160681984307,-0.1300000119819088,18.398268530429
sub-4769,ses-wave3,4.401140031652555,-3.500000611860952,17.368188532834733
sub-1444,ses-wave1,2.0379647734486226,1.640000056962765,4.126517932277728
sub-1444,ses-wave2,0.4401135845377007,0.009999998049855432,3.59774254465858
sub-4794,ses-wave1,4.673418704165244,-4.589999987362148,1.7709594648958376
sub-818,ses-wave1,2.8111294243456793,-0.24999998396963402,0.7598859525361247
sub-818,ses-wave2,3.4613302824484458,-0.2800000042299905,3.271787079679774
sub-1685,ses-wave1,0.30066593812337644,0.01999999901122146,17.552744684205766
sub-1685,ses-wave2,2.440327577791949,-2.4399999290449355,17.920420746774727
sub-1685,ses-wave3,4.86020516593962,-4.470000034116012,12.37904748426452
sub-3126,ses-wave1,0.17262674942475528,0.02999999818849317,13.255570034425418
sub-3126,ses-wave2,2.4394263813050188,-1.7400001249314223,18.294151420024203
sub-3126,ses-wave3,17.24583904423385,-16.829997439957744,5.643120328106405
sub-169,ses-wave1,0.020000001954900624,0.020000001956238005,11.240045129732572
sub-169,ses-wave2,0.9608329179840961,0.03999999868345883,9.983240204257708
sub-169,ses-wave3,3.6678167211587653,-3.429999881184735,14.104419488076115
sub-1531,ses-wave1,6.901195387662787,-6.750000024562926,11.333724977677083
sub-4615,ses-wave1,8.799712309778556,-8.529998860801195,23.463389903858985
sub-4615,ses-wave2,11.628947423361002,-11.159999172919317,23.807275012874754
sub-532,ses-wave1,6.630908841571777,-6.630000462011879,13.42231687225179
sub-532,ses-wave2,7.647624188992351,-7.530000399922754,13.508119478361905
sub-2172,ses-wave1,1.2301627444968501,0.02000000011527719,12.931031465837178
sub-2172,ses-wave2,0.331360851437132,0.0299999964346718,6.510281163258109
sub-2172,ses-wave3,1.273930209740566,0.0999999966296067,13.088901550716562
sub-1199,ses-wave1,0.44011362681173577,0.010000000424848327,8.365382814336263
sub-2976,ses-wave1,3.2022466666600473,-0.11999997989440063,9.562629282080229
sub-2976,ses-wave2,0.4404543336118476,0.01999999863926426,14.130809735686356
sub-2976,ses-wave3,10.361220950070622,-10.359998995922167,2.7006054423846946
sub-4847,ses-wave1,9.46207191840929,-9.449999893751581,18.18149430841136
sub-4847,ses-wave2,6.083611795925957,-6.079999846163965,15.306814802905448
sub-4847,ses-wave3,24.79036950824732,-24.789999171773054,9.648489871450789
sub-3053,ses-wave1,11.572633745521742,-11.51999999333735,8.657204314276074
sub-3053,ses-wave2,5.179665350093989,-4.280000151036192,16.37816997360861
sub-2940,ses-wave1,0.44011358762411623,-0.010000000746504445,14.68987453248766
sub-2940,ses-wave2,0.2499999863966268,-0.0,16.532280809946972
sub-2940,ses-wave3,12.46053637572267,-12.409999910200986,9.43034410137793
sub-158,ses-wave1,5.507549301350536,-5.4899992880736095,14.804847966448499
sub-158,ses-wave2,7.505277992256203,-6.900000313986771,16.369557458947316
sub-158,ses-wave3,13.35746660953038,-13.169999959951035,11.15558947671112
sub-1993,ses-wave1,9.70935545375226,1.4599999749391743,9.628099677082384
sub-1993,ses-wave2,3.2368121087080772,0.21000000891077616,13.282237780698699
sub-1993,ses-wave3,0.0,0.0,17.057800965818334
sub-503,ses-wave1,0.9402125651672133,0.020000000407729573,6.123837174319834
sub-503,ses-wave2,2.430082389113733,0.019999998976124506,6.801268870734899
sub-503,ses-wave3,1.0607392771392536,-0.7599999773463834,6.127524462082292
sub-4240,ses-wave1,2.9119135189455836,-1.7199998250471549,16.35377938328881
sub-4240,ses-wave2,2.6400310664349917,-0.22999996532302402,23.197154913977503
sub-1356,ses-wave1,0.6900725337797547,0.009999998238747443,9.149261923399834
sub-1356,ses-wave2,0.9419127502926717,0.05999999699974912,7.299327215395341
sub-1356,ses-wave3,3.0502621447473723,0.04000000032929519,18.063445739897276
sub-4876,ses-wave1,1.9639445292667244,-1.7799999596134843,9.290095889027842
sub-4876,ses-wave2,0.2302171317355869,-0.1299999887408186,14.418644197192593
sub-4876,ses-wave3,5.2144409875266655,-4.710000258826829,5.173185666016618
sub-3406,ses-wave1,5.241608035369319,-0.130000018761474,10.284964846033933
sub-194,ses-wave1,3.832023990767045,-3.709999514959709,9.102788875023665
sub-194,ses-wave2,0.4401136001362305,0.009999999624249497,6.453469142305872
sub-3660,ses-wave1,2.282530905425143,-2.2600000954472756,19.005902426712918
sub-3660,ses-wave2,1.7202612699705926,0.02999999339916137,20.90433932254368
sub-3660,ses-wave3,12.434367606812778,-12.140001914046282,13.577446803423861
sub-1108,ses-wave1,2.0408816575649626,0.059999994562139856,7.5735915282034405
sub-3693,ses-wave1,2.9500679252479123,0.020000001377545575,12.841043821299069
sub-3693,ses-wave2,0.2499999863966268,-0.0,8.578428939866674
sub-557,ses-wave1,3.2601376401783133,-0.029999999674468553,9.716794958235903
sub-557,ses-wave2,1.870240624905003,0.029999995312911885,8.993311692236954
sub-557,ses-wave3,3.1405601840255613,-1.0499997783909447,9.100141254869618
sub-4684,ses-wave1,0.2807133766038202,0.01999999832924123,17.113692990437496
sub-4684,ses-wave2,0.870911776389567,-0.4900000043094432,20.281336272534407
sub-133,ses-wave1,0.4328971393278966,0.049999990502138214,3.0373563049507557
sub-133,ses-wave2,5.242435252289119,0.1599999885608862,3.1949550523086523
sub-2117,ses-wave1,2.7651862182649998,-2.429999929640664,14.855245922698833
sub-2117,ses-wave2,10.67997754614461,-10.429999958668278,9.509322947998587
sub-2117,ses-wave3,3.0902590272370896,0.040000001585079915,16.22750724551751
sub-3658,ses-wave1,3.4184245715529635,-3.16999985467371,16.606166353025827
sub-3658,ses-wave2,4.062110571552571,-3.0000005689482236,20.670735761325812
sub-3658,ses-wave3,20.204976806912402,-19.94000070350741,6.940242707834302
sub-1933,ses-wave1,0.9402127820817018,-0.019999999773732666,12.513858616227497
sub-1759,ses-wave1,2.6600752987625285,0.020000002295218925,11.85970010604772
sub-1759,ses-wave2,5.95621610553296,-5.9400003730487665,14.15324483617762
sub-1759,ses-wave3,5.718723804013396,-4.960000744272316,13.778261123569749
sub-595,ses-wave1,0.9808160046705047,-0.040000001425369046,2.7391166688780353
sub-595,ses-wave2,6.015047766015037,4.300000490636313,11.919660050689881
sub-595,ses-wave3,0.5299999148097695,-0.0,12.336728819270546
sub-2748,ses-wave1,7.1471299704727524,-7.1399998193217815,12.515695680645521
sub-2748,ses-wave2,1.9331309104956267,-1.9299999206843885,21.222039360649134
sub-4679,ses-wave1,5.296630605242245,-0.41999999224734597,14.226303560880101
sub-4679,ses-wave2,4.715912592126098,-3.999998902925419,10.641780383018727
sub-4679,ses-wave3,9.617606568740232,-8.280000172233798,10.95264184418667
sub-1139,ses-wave1,4.223027412436261,-0.1599999929714859,1.3133112291719296
sub-1139,ses-wave2,0.9812745198909691,0.04999999498875765,-0.35734279497732235
sub-1139,ses-wave3,5.852528586219611,5.610000912380937,6.233315542130588
sub-4641,ses-wave1,4.80663367277928,-0.39999999437221767,9.131277121701695
sub-4641,ses-wave2,3.9700498132692332,0.02000000095784405,1.3341946158021716
sub-4641,ses-wave3,6.692353655246057,-5.989999690734784,10.588193364502471
sub-754,ses-wave1,3.450057694986395,0.019999991447893464,10.227092059055703
sub-754,ses-wave2,2.081536935742297,0.07999998824628085,19.559658783142027
sub-1591,ses-wave1,4.768266934956114,-4.529999747631466,18.95565580415012
sub-1591,ses-wave2,2.2105655867475815,-0.049999994710770115,20.045691907533936
sub-1591,ses-wave3,10.919111758372486,-9.949999281188171,12.983504068651962
sub-2126,ses-wave1,0.6811753693356795,0.0400000014155807,13.65007022085712
sub-1196,ses-wave1,2.951084182305921,-0.07999999754548835,7.958307279997422
sub-159,ses-wave1,2.5349332302199516,-1.6200001672840474,3.8118529323644346
sub-159,ses-wave2,3.80106242885353,-0.29000001291649063,5.276348408280986
sub-965,ses-wave1,6.691558164319676,-6.08000036454842,9.131231575223909
sub-192,ses-wave1,5.621276927911985,0.11999996894797764,-4.4436339740633
sub-192,ses-wave2,2.7365990121151493,-0.19000001469370825,0.7097328430780504
sub-192,ses-wave3,0.5799999863268717,-0.0,5.018843619887023
sub-1165,ses-wave1,1.870026870391039,-0.0100000059192037,13.754185336399319
sub-953,ses-wave1,1.7401149579225181,0.02000000145384799,12.715604138354257
sub-953,ses-wave2,6.676020265253417,-6.380000097722582,18.633641082139707
sub-1153,ses-wave1,3.943477563788455,-3.9200004996376974,12.651508821311937
sub-1153,ses-wave2,4.398564535870708,-2.7800000543832444,10.939590675755765
sub-1153,ses-wave3,5.974869559407357,-5.829999372345316,15.24152389978337
sub-4613,ses-wave1,4.511463445314025,-4.489999872836665,10.76136179709659
sub-4613,ses-wave2,2.5541251205698967,1.0899999622283238,10.344029000476425
sub-998,ses-wave1,1.3609185743100793,0.04999999274904648,7.7333479081606455
sub-998,ses-wave2,0.44045432108707033,0.01999999866025303,7.652685903397591
sub-4841,ses-wave1,0.4399999748399426,-0.0,6.342875676094665
sub-4841,ses-wave2,2.922488204297837,-0.27000006107090035,4.719366297744628
sub-1154,ses-wave1,1.6918917885168476,0.0799999896938598,8.9594126087146
sub-567,ses-wave1,3.7933706517354744,0.15999996929919888,6.10968060797954
sub-567,ses-wave2,5.091921141402057,-0.5700000010506233,8.423061325822546
sub-2543,ses-wave1,0.9502104972287576,-0.02000000204419508,4.4790745222470845
sub-103,ses-wave1,0.4404543336118476,0.01999999863926426,5.887440260452478
sub-103,ses-wave2,0.44011358754792884,-0.009999997411222757,10.128755623692221
sub-103,ses-wave3,0.5200961219151019,0.01000000032719082,11.731490117432989
sub-2127,ses-wave1,6.68580196932663,-4.680000021590174,9.969969373343364
sub-2127,ses-wave2,8.96900290109691,-8.78999948532282,5.54674423494031
sub-3462,ses-wave1,5.620468437981627,-4.780000576431717,14.095738388206533
sub-1751,ses-wave1,3.7052182480759357,-0.5100000185412915,11.612117606828072
