Subject_ID,Session,classic,reoriented,refined,refined_pv,head_rot_deg
sub-1007,ses-wave1,0.8866408863269915,0.9127948161363899,0.9715354900811998,0.9300415565085802,9.759689309234737
sub-1007,ses-wave2,1.3098562519697068,1.4979830211157936,1.5639298862117794,1.500758392799156,17.315511567492337
sub-1007,ses-wave3,1.290871088811926,1.4266964232936226,1.5097826138018835,1.414188112764873,16.8880812135212
sub-1008,ses-wave1,1.2928628217003815,1.531549139706259,1.3812072540145865,1.3582874248142907,14.04229358073403
sub-1008,ses-wave2,1.3043824653363056,1.6100494882895635,1.5491944300498792,1.526314797146029,15.470075765509128
sub-1013,ses-wave1,1.3505191570354373,1.3335744582885112,1.5545935116948821,1.549781639282296,5.214591433862706
sub-1013,ses-wave2,1.3979201156667256,1.3919346697440753,1.5161848643950204,1.4990877482244636,3.0770687733333104
sub-1013,ses-wave3,1.4556247279067307,1.4362554906890503,1.5861469578580243,1.545507853080399,5.337922736769285
sub-101,ses-wave1,1.3706427017158633,1.4725173586897689,1.5245618290782588,1.4645451777152096,12.277080962577326
sub-1022,ses-wave1,1.5176146247800144,1.5090046030506872,1.6343101081719067,1.5997638720320135,13.18212188618116
sub-1022,ses-wave2,1.5786787249636334,1.5464247043975017,1.7071378127499375,1.672884141624551,10.953351599959868
sub-1022,ses-wave3,1.5169583810671994,1.4687243366224942,1.5793328573622092,1.5218882440491488,8.657062278311093
sub-1023,ses-wave1,1.298140531372293,1.374283541603249,1.3877714416528681,1.3806429427920492,13.360151416896889
sub-1023,ses-wave3,1.1185859562522171,1.1841296668823866,1.209762938761364,1.1583810488243373,15.8526415026903
sub-1031,ses-wave1,1.8596045927078906,1.8603889817104962,1.9248992727081715,1.8232762086820298,4.231809442426021
sub-1031,ses-wave3,1.7013257773140114,1.6988069209926882,1.7679254382762954,1.7326821362619582,3.0849091688973873
sub-103,ses-wave1,1.6090823482809102,1.6427011560152351,1.5136058853950554,1.5210848113218072,5.902941847979677
sub-103,ses-wave2,1.681945664089037,1.7947135759478074,1.6293835600213251,1.6156236720010546,10.140155170818575
sub-103,ses-wave3,1.514775205502699,1.6464917625224569,1.5680918553940923,1.5531263940707276,11.884534970236663
sub-1043,ses-wave1,1.2374725207284338,1.2531913704827233,1.3683691649079237,1.2638807791137154,2.8757573856600014
sub-1054,ses-wave1,1.1972051603907845,1.2593423968997124,1.3343564054104344,1.3255262045818559,8.650140188575936
sub-1054,ses-wave2,1.3151668157932788,1.3005588466906939,1.4135829717814108,1.3575135285659985,5.1281464811381365
sub-1084,ses-wave1,1.2751815199274612,1.2935659290659882,1.3861720901738293,1.3490526354062293,5.600131280481484
sub-1108,ses-wave1,1.3730155869871976,1.4500693411770182,1.4468524235598252,1.3681877009230048,7.832159381120171
sub-1119,ses-wave1,1.6198161882692477,1.6331329396668015,1.6972097579964276,1.6407314161339075,4.389268038542025
sub-1119,ses-wave3,1.7095195584164418,1.7254340496344542,1.7759160945071217,1.7517162621060098,3.9056854984782956
sub-1139,ses-wave1,1.4256259762460397,1.4294628429063447,1.447158713791501,1.4304340221723804,1.807654277237694
sub-1139,ses-wave3,1.276137580359924,1.292247622354208,1.318473826239784,1.3110469566532137,6.530680154586495
sub-1153,ses-wave1,1.244046079642465,1.3057470947509797,1.3462685543922457,1.37991213517719,12.691509009989574
sub-1153,ses-wave2,1.4016075420505067,1.4943366913232814,1.5778271899562004,1.5155871151328397,11.014588190673377
sub-1153,ses-wave3,1.3267102759869212,1.4549590707620506,1.6243694002820788,1.5588037823284586,15.691096151631026
sub-1154,ses-wave1,1.6355392334038115,1.6336480212674585,1.6290626903086247,1.63407459866028,8.960230813130577
sub-1157,ses-wave1,1.3632628745968858,1.4380799386106515,1.3778592384220458,1.3926952303843678,7.444588203074007
sub-1157,ses-wave3,1.4585998651552234,1.4817808255190796,1.5018265062617855,1.513060528125337,4.394170716769814
sub-1159,ses-wave1,1.6369443858047756,1.664144601617616,1.616508932095018,1.5441951463730588,4.270149416288203
sub-1165,ses-wave1,1.5344741901480647,1.5671681875047996,1.653615458519542,1.6007763427828938,13.796933302118523
sub-1168,ses-wave1,1.607844567986695,1.6233715901618313,1.4973623585047369,1.438320740205681,6.924615324646689
sub-1169,ses-wave1,1.333259634417327,1.4485480322263284,1.4768128561077187,1.4491833429026906,10.552908293137532
sub-1169,ses-wave2,1.3548984441208267,1.4493959709511888,1.499121647422005,1.4698507837348473,12.913581269318813
sub-1172,ses-wave1,1.3667425994193345,1.3628837327359717,1.3757341967629515,1.3255004520489733,7.982189826051724
sub-1172,ses-wave2,1.5260961782514502,1.5676667662304813,1.5699037870447676,1.4897432492092273,11.653079278288363
sub-1172,ses-wave3,1.5971025172263995,1.6047941581815839,1.6549468417048652,1.5981260325395024,9.005214754685548
sub-1175,ses-wave1,1.680281353705944,1.7142368603982043,1.6521664048195863,1.5931096254803745,6.2143058584497926
sub-1175,ses-wave3,1.6251648204821172,1.6863328778195754,1.5414802714932203,1.4264257502707516,8.390132601982847
sub-1195,ses-wave1,1.4120597209237347,1.4355011465625913,1.5207904200114397,1.4633991414893082,13.595453535886246
sub-1196,ses-wave1,1.436163077823963,1.4885351336267545,1.7585640334298986,1.5462877430269204,8.05996758821769
sub-1199,ses-wave1,1.431856132058599,1.5272087778076617,1.4609216882703202,1.4968827241255704,8.37672612389832
sub-1220,ses-wave3,1.648643201400381,1.7197614124100962,1.8585149835187607,1.7505361353527094,9.727711554569977
sub-1225,ses-wave1,1.3852137410914303,1.5747956378921355,1.6257919402221677,1.5401607194628042,15.955570488116901
sub-1226,ses-wave1,1.135059531230542,1.1584001475551153,1.2422232138330216,1.2068511585810802,13.543958347490758
sub-1226,ses-wave3,1.1010676015587288,1.1228456165237666,1.1568915688204147,1.086337340991083,14.128620789297692
sub-1240,ses-wave1,1.31736946459821,1.3161264307837737,1.5066693786717649,1.4769772697016168,6.918802169213766
sub-1240,ses-wave2,1.228054753631962,1.2572091476614826,1.4008069407017407,1.3366563175514792,11.397708728691446
sub-1245,ses-wave1,1.6561662421058048,1.6751338668611626,1.7009484918664732,1.6080381665264585,7.4508090548516215
sub-1247,ses-wave1,1.3168185013385338,1.427930104488662,1.4686961797256028,1.3820775477511726,10.7639575168256
sub-1251,ses-wave1,1.8116280201261847,1.8584401589451782,1.7629111602475955,1.6166624807621708,4.8310110158918675
sub-1267,ses-wave1,1.453461054409046,1.5423833354872802,1.5271495785915756,1.5114640982424237,9.616841387814011
sub-1267,ses-wave2,1.453722876015909,1.4794238289431525,1.5779317588324089,1.5375321576740353,4.298203081613181
sub-1272,ses-wave1,1.6411207939280081,1.6703034423861756,1.766450016286779,1.6367703804340077,6.158396441879716
sub-12,ses-wave1,1.3765342953956563,1.4175788793985302,1.427679321327457,1.4358399380320817,9.822995626763532
sub-12,ses-wave2,1.6418009297885523,1.6774977367609218,1.7644097707759527,1.644812645986303,8.587214646009617
sub-12,ses-wave3,1.675680305696373,1.7107093835570386,1.667054078472143,1.6219695284080848,9.687616230299406
sub-1309,ses-wave1,1.3875153430146991,1.3787945852380177,1.4479201361566876,1.413942452247431,3.6000206502720014
sub-133,ses-wave1,1.3767248187398513,1.3840853863613563,1.359651337351627,1.4014954477892774,3.400258457576541
sub-133,ses-wave2,1.5633916682608615,1.5803601433382926,1.6411071191670379,1.6619151452850773,3.7104681585100456
sub-1356,ses-wave1,1.3965979445154875,1.4611583456567305,1.554007361400295,1.5159135891445517,9.289333597186863
sub-1356,ses-wave3,1.1587315450403755,1.359715267118772,1.560711407425456,1.5165010651467328,18.073132402461496
sub-1362,ses-wave1,1.404465478890406,1.428301292418138,1.378368039030501,1.4045713036149308,8.6975873808337
sub-1362,ses-wave3,1.3316955866453328,1.3818825184057442,1.3971810082464278,1.404935234813284,12.387031380364636
sub-1370,ses-wave1,1.64922952055259,1.6483344407864635,1.7416254856598103,1.6600833845308747,3.520514272153271
sub-1370,ses-wave2,1.4103789644318168,1.4106321744735477,1.494967816702856,1.4716403698552663,4.32503282840776
sub-1370,ses-wave3,1.4716572620795463,1.4890239222327304,1.5749524822716343,1.5011770180309898,7.111305483140696
sub-138,ses-wave1,1.7709751502473805,1.7880296955427935,1.7885088840700498,1.6690170366541017,6.707607857695165
sub-138,ses-wave2,1.7361457261617468,1.7676161159139112,1.826062441220328,1.6640559675659765,6.211968865734411
sub-138,ses-wave3,1.6797427118676467,1.6949256929230048,1.7419081174743418,1.692204347593444,5.058271796209692
sub-139,ses-wave1,1.6711781218283996,1.635367551652533,1.769420340690722,1.7367527007493204,8.12723563609755
sub-139,ses-wave2,1.5178529579786364,1.5155810559195912,1.6179308199728215,1.4894856958366025,8.93217089960705
sub-139,ses-wave3,1.4254893994687052,1.4269911316888249,1.5698014057272196,1.5065508162315997,11.811735512484335
sub-140,ses-wave1,1.3954737658020213,1.4160981618221276,1.4944650521109328,1.4677966486512795,4.894749379358483
sub-140,ses-wave2,1.3251528356900346,1.42644486948151,1.5278979686700325,1.473279819041084,9.579288411143597
sub-141,ses-wave1,1.5155410173808195,1.560482355955753,1.564807574608722,1.50198585628383,10.124257903605347
sub-141,ses-wave2,1.4510925211501764,1.4948116448534896,1.4776596109639346,1.498019372372963,9.177504563219
sub-1431,ses-wave1,1.5612679030404437,1.5686921871792152,1.6463375068804214,1.688595355015849,7.5885298230600515
sub-1431,ses-wave2,1.3684997975783033,1.4334967075096579,1.5248574117899683,1.5160177623904894,12.36386116915872
sub-1439,ses-wave1,1.6305560116914986,1.6307912933537678,1.5342076220596796,1.5005525055737805,4.862886676319884
sub-1439,ses-wave2,1.6732613793811897,1.6845035469952312,1.6226811892897963,1.5149176757212666,6.235698157077386
sub-1439,ses-wave3,1.7291798920049923,1.8109338475787689,1.7166346515630793,1.630242637055718,10.742481821850177
sub-1444,ses-wave1,1.6634206249270207,1.6775411592674832,1.8436392894639773,1.802660108846384,4.336160381980235
sub-1444,ses-wave2,1.6628473270249873,1.678617476540631,1.827569903033974,1.7512122319181107,4.097701188968283
sub-1452,ses-wave1,1.3382455140441167,1.484218315739739,1.6362088743493202,1.6018388336816807,13.443798819535067
sub-1452,ses-wave2,1.1302330456374126,1.3190639222897678,1.533990913444935,1.5317004080493217,17.839465917533154
sub-1452,ses-wave3,1.1746020544292612,1.3673948365105817,1.4933076374276237,1.4239265710541567,17.29509251668388
sub-146,ses-wave1,1.3683959928585945,1.4005819038450993,1.447880820047847,1.4479883193633682,12.535053085873535
sub-146,ses-wave2,1.4834831848358148,1.533174873176634,1.6274168812254153,1.5364014372719415,13.83538635362224
sub-146,ses-wave3,1.4936526108840817,1.5983619817002204,1.6728791520288295,1.584531532969393,17.12219456570551
sub-1476,ses-wave1,1.1925328793370524,1.3416619300015347,1.3335089043488284,1.312774481672558,14.982866994301983
sub-1476,ses-wave2,1.0907552159615141,1.2172411899057103,1.2139527529957832,1.165851256375568,15.528817298399238
sub-1476,ses-wave3,0.9855495786117245,1.1193503124965414,1.090637431956861,1.0237952568327855,18.846064015313846
sub-147,ses-wave1,1.422426204900375,1.556140913676304,1.4701462649334394,1.4247728491266114,14.522830657096332
sub-147,ses-wave2,1.3287354528670594,1.4452571635732792,1.4081104544607639,1.4078336845305777,13.233134486462511
sub-147,ses-wave3,1.2769632006529716,1.3082442638032825,1.2638992435700107,1.243687579778402,7.289174731819566
sub-1484,ses-wave1,1.5630053352624027,1.5709255453162618,1.6294883724520688,1.6295174945440518,8.14481677039654
sub-1484,ses-wave2,1.3042954056075309,1.388682455848913,1.440311309791373,1.431139988379396,10.841983720134625
sub-149,ses-wave1,1.6144845465979087,1.61202785016085,1.6221243229347113,1.6062397612507424,8.972956693834966
sub-149,ses-wave2,1.718173934710828,1.7526780202825218,1.7599650614470743,1.6697370063878096,8.474071043733657
sub-149,ses-wave3,1.4366418071836775,1.5321305807036647,1.5728572146234807,1.5235890743583536,14.81448167336117
sub-1531,ses-wave1,1.1634229348978327,1.2131371255215282,1.2744868880350588,1.2198513666006425,11.339809602211128
sub-153,ses-wave1,1.4571117352753697,1.515014245920936,1.4546426458467492,1.4452431969514175,10.02695909259248
sub-1543,ses-wave1,1.4913019933840568,1.789545357205092,1.7197412950294588,1.694996841445139,18.237074289952545
sub-1543,ses-wave2,1.225397438729079,1.4758146012991813,1.4504531430108751,1.4541724379351022,19.16118886503693
sub-1543,ses-wave3,1.3649684443128143,1.5978484482742785,1.5758214054373876,1.5283719764859645,18.62802275783802
sub-155,ses-wave1,1.620418533802713,1.6146649238575173,1.48228331392071,1.4493512133605626,4.452358108450872
sub-158,ses-wave1,1.1033085043362276,1.2422731356124828,1.2180536098743806,1.2373124084345473,14.893930925541984
sub-158,ses-wave2,1.2720461969727246,1.4879870254036192,1.6160995535712774,1.5820455376114073,16.538552606634727
sub-158,ses-wave3,1.4508703512411216,1.5278450017802103,1.6080948453313633,1.5374978187705408,11.25048895132998
sub-1591,ses-wave1,1.0612059045248192,1.1561818773386978,1.2836766210781265,1.2055472162998186,19.023108235475032
sub-159,ses-wave1,1.2763570698074607,1.3007990712478,1.389738265185044,1.358451797663731,4.008935742050396
sub-159,ses-wave2,1.1924773304986855,1.237149064379787,1.2566898693652493,1.2285416754439047,5.435907959327251
sub-1613,ses-wave1,1.2910230011013164,1.3521568702583848,1.4561578276276825,1.453716429031965,10.31310814209361
sub-1615,ses-wave1,1.3674457828640785,1.5052890704457784,1.5479029179181603,1.4115726616083433,16.224101026177102
sub-1615,ses-wave2,1.260048179442703,1.3001078425984445,1.348538910446322,1.3139653830727949,11.966868534216156
sub-1615,ses-wave3,1.3391541460284353,1.4059311818299678,1.561986422992496,1.469401988831454,11.93167581040567
sub-1617,ses-wave1,1.4859013527648806,1.5432485435006198,1.547992432760826,1.4876225558150793,6.427342422185031
sub-1626,ses-wave1,1.6325745599760602,1.6402516605300144,1.7358981723138238,1.6529246481577426,4.212324083485834
sub-162,ses-wave1,1.4564504029236858,1.5338444033611647,1.5680375183048696,1.4828323520913753,9.365006463253243
sub-162,ses-wave2,1.3511465253173118,1.4312574573121957,1.4975710530246387,1.4243338660827165,10.00517817390127
sub-162,ses-wave3,1.178494700957362,1.2541629895804491,1.291018659427622,1.2609486392644376,12.943897950613344
sub-163,ses-wave1,1.4743403541815736,1.4521392407876967,1.5110599096303987,1.437348131651456,3.7207034247521333
sub-163,ses-wave2,1.518629087283795,1.506106977379695,1.5303125414337928,1.4698117554476022,5.815858480442552
sub-163,ses-wave3,1.4993689281702158,1.4836946397909743,1.5579087035733847,1.5480049992538425,6.644631867633435
sub-164,ses-wave1,1.4870954049549043,1.5241121479537258,1.5832689708348477,1.527240245062365,12.557102868767524
sub-164,ses-wave2,1.4946316886494988,1.5631012542043363,1.6044618555044212,1.5247983816156407,14.665620225089292
sub-1656,ses-wave1,1.1500187219489233,1.3362836622466507,1.3113515978090815,1.2293070997544682,17.47759880412903
sub-1656,ses-wave3,1.1002164665872072,1.3619272388703145,1.33143000559879,1.2787631767548293,20.65197449277517
sub-1685,ses-wave1,1.3142642570266108,1.6340362377325033,1.7178135290954255,1.6560380192121011,17.569156797587166
sub-1685,ses-wave2,1.1532708827759732,1.4309258055923615,1.537580614357884,1.4826463865521977,17.931584731606492
sub-1685,ses-wave3,1.3261861038222922,1.4622668055920354,1.520267715571941,1.4386965105232963,12.43891168470133
sub-169,ses-wave1,1.265900850115389,1.3577093768721777,1.4688614953307866,1.4851905896194997,11.371035524872909
sub-169,ses-wave2,1.3451962135948374,1.4665365323542332,1.6021144616561083,1.5929745924673009,10.300179850640355
sub-169,ses-wave3,1.2091425309587636,1.3276037373852765,1.5278775851532966,1.539806369749909,14.166562972225632
sub-1759,ses-wave1,1.513779757675021,1.5715448425225067,1.403711530376186,1.4383002683710537,12.251086595076718
sub-1784,ses-wave1,1.3493867317162653,1.3340942727707872,1.450489702396709,1.4346487215610706,3.1992917868881605
sub-178,ses-wave1,1.313417766550414,1.450864126902113,1.4905045545719202,1.4575221885795715,13.528475923481018
sub-178,ses-wave2,1.3150830707285888,1.35616742738513,1.4436818201201365,1.4126925560558767,9.071260489060997
sub-178,ses-wave3,1.409052584909186,1.4683750883406217,1.546798650352149,1.4988283869590497,9.322976705623242
sub-1796,ses-wave1,1.4008339073435963,1.4392017442261276,1.5096811659191585,1.4662018961973176,10.774648657338867
sub-1796,ses-wave2,1.1863219874424007,1.2374838221888913,1.300654586520342,1.2858766456512898,11.474053990729816
sub-1796,ses-wave3,1.475434317107716,1.4703854075733997,1.5853192604075834,1.5430064544388404,3.9280535360798727
sub-1797,ses-wave1,1.4225216640336824,1.4532210653793416,1.4725557595091627,1.4669370549944534,9.454020324238634
sub-182,ses-wave1,1.4643318696761702,1.655317116696014,1.6291095242886797,1.5740290415624276,13.816607101280521
sub-183,ses-wave1,1.5872790518585367,1.610059245493146,1.3741006288887854,1.3794585009884457,2.8278794822868454
sub-183,ses-wave2,1.7228915449053699,1.853484444837203,1.6041393283086625,1.6378083645942372,7.494238057426071
sub-1844,ses-wave1,1.5228620765219887,1.5317573074346715,1.464607463876231,1.4752891580891707,6.798903954677221
sub-1844,ses-wave3,1.5337209035847943,1.5464209768615773,1.5733411675436992,1.558823821209569,7.892944855072056
sub-1849,ses-wave1,1.1963159887215196,1.2143646605449936,1.3548655928157587,1.3118654677500752,6.4822440361837135
sub-1849,ses-wave2,1.0020113257792052,1.0196513758305112,1.1354528027467854,1.1545823781520044,6.8708362835845085
sub-1849,ses-wave3,1.1508364370770445,1.1702041891405823,1.303629331028178,1.2823259468618478,7.939515489993087
sub-1850,ses-wave3,1.5824327371932485,1.5947255290123727,1.5794383683627424,1.5519209721985632,4.909216238045214
sub-1856,ses-wave1,1.4944934168618467,1.5411259189520716,1.6176724714618569,1.5635599011268577,13.622031444491986
sub-1856,ses-wave2,1.2166619180722353,1.2905342831916862,1.371508323143928,1.318251553495577,15.870107155985341
sub-1860,ses-wave1,1.7099715138214573,1.7001227985870793,1.7651428526906288,1.7512451883603566,13.110929562090458
sub-1866,ses-wave1,1.18994765865791,1.3082223736152372,1.3685366444014786,1.3235600606190792,17.10552670501501
sub-1868,ses-wave1,1.3479242959429492,1.4488541414688587,1.4937279091799285,1.4734696382877477,14.270657334675823
sub-1869,ses-wave1,1.545980096298426,1.530845173526855,1.5958674332406422,1.6152524892782938,5.8691564290413085
sub-1874,ses-wave1,1.6863459376760055,1.6725074700168192,1.7528229412719125,1.6875490907516517,4.907914725955414
sub-1875,ses-wave1,1.4658261000684543,1.4504561915034886,1.5667602751875003,1.5463301189759497,10.14991337019964
sub-1875,ses-wave2,1.0853327639641606,1.1027184622415955,1.1684928595762845,1.165563626634026,12.399937612396743
sub-1875,ses-wave3,1.4213429778141644,1.4205918069810517,1.5399978085354449,1.5378742997093306,11.101179846012442
sub-1882,ses-wave1,1.3778789240472713,1.3878800537313363,1.392512774782165,1.3400286750821593,6.230381422135145
sub-1886,ses-wave1,1.2051523964868238,1.3220527775323916,1.3261303957117996,1.3325334479994817,16.099759676733914
sub-1915,ses-wave1,1.2860066258836533,1.352166072960279,1.4332361681752754,1.4328279337665313,9.78505266168468
sub-1922,ses-wave1,1.3426216885476956,1.3641587119254897,1.4287025817516983,1.4400477606362025,6.493649544409221
sub-1922,ses-wave3,1.5520010914593594,1.6301482657629318,1.5903333473478751,1.611535982133212,12.192593312984897
sub-192,ses-wave1,1.4628234913562936,1.490954253437828,1.4927751549931356,1.475876604021837,4.547299193341014
sub-192,ses-wave2,1.6814641577669378,1.6837744727711161,1.5287024884399036,1.4997824176082828,1.7369428865970211
sub-192,ses-wave3,1.5527344251623778,1.541310996452623,1.679970318811093,1.6152654339855432,5.078887809094824
sub-1933,ses-wave1,1.2562771174204617,1.3544774952569796,1.2342155496573965,1.2086004197840596,12.556835355762527
sub-194,ses-wave1,1.4807851005360155,1.568671993162516,1.6746541498042276,1.6822275690074868,9.17664130560911
sub-196,ses-wave1,1.241494936010484,1.3049515543519872,1.3348735130763931,1.205981190054672,11.821440899923155
sub-196,ses-wave2,1.4937226660098815,1.56735875157936,1.637613829244247,1.4392089420378262,12.293130285509129
sub-196,ses-wave3,1.2158823699151293,1.2773749304681434,1.3340917462228141,1.2594418646196937,13.682682160906323
sub-1993,ses-wave2,1.5325931378062423,1.7005579711379601,1.4564191594138847,1.4434837007596966,13.363206637441138
sub-1993,ses-wave3,1.4533086314356387,1.713651096705758,1.6694119935610319,1.6415077550926558,17.062816385365885
sub-200,ses-wave1,1.153355379555444,1.2458521319104938,1.1945649762374855,1.1981394515561727,10.696839122589573
sub-200,ses-wave2,1.4575527757250455,1.463797823608695,1.2200834105803997,1.2516805512167968,1.6624278498970408
sub-200,ses-wave3,1.3934099242604763,1.4982260500863487,1.3986971472028116,1.367324305211398,12.591838367187902
sub-2031,ses-wave1,1.3873928922355898,1.4275180826580913,1.480058872365142,1.4722536525586196,10.22548153413586
sub-2034,ses-wave1,1.1726700343968581,1.242548484140742,1.3258718112726413,1.2665002780301982,15.527188485589743
sub-2043,ses-wave1,1.1607242861050129,1.3138983856474316,1.271335062398792,1.1952015862429362,15.772662974596109
sub-2043,ses-wave2,1.1677110882335515,1.2784701838722308,1.2118998583121323,1.1402006414196157,13.500123590502064
sub-2044,ses-wave1,0.9266453628176811,1.0285827790179232,1.0955622625041603,1.0671056052297572,21.052514714633695
sub-2053,ses-wave1,1.4652542813487124,1.4667830487827196,1.504037985637689,1.503113618727624,3.461727701067023
sub-2054,ses-wave1,1.1508603958960846,1.2811838401355167,1.291429889383635,1.280572226661259,14.420171522374758
sub-2062,ses-wave1,1.0157894507861052,1.113540095989069,1.1550624084988783,1.0754963303833152,15.036089770107765
sub-2067,ses-wave1,1.6026844673326686,1.6227446211257543,1.7401495866534704,1.6303242557339201,10.500077681916531
sub-2087,ses-wave1,1.0855391056282042,1.2254727790090736,1.2933761948505382,1.2410895844552872,11.524922866000406
sub-208,ses-wave1,1.318641892498976,1.4357073485968654,1.5157463864972978,1.4785731423346116,11.950596808040373
sub-208,ses-wave2,1.3074298666902675,1.3318656187672393,1.3738814367012124,1.287668021463276,5.677147901496259
sub-208,ses-wave3,1.337120322707517,1.4019000588984485,1.469370661068209,1.3468566472930181,9.507827784861227
sub-2093,ses-wave1,1.4099138333537828,1.5610403257963643,1.597919181883599,1.5587778930704133,13.966558878205026
sub-2093,ses-wave2,0.9935908108057733,1.113502572642903,1.210863493455793,1.2392314394964332,13.553935353718646
sub-2093,ses-wave3,1.3265347650099801,1.5191146731566947,1.6115663601431005,1.5582527723063702,16.614457359147167
sub-2095,ses-wave1,1.4164746176972849,1.4956163941434328,1.5256418097508673,1.5441422571442305,11.543770556397734
sub-2095,ses-wave3,1.3966480389031424,1.5289239745154974,1.6236929933023403,1.570853423754608,13.312182725625009
sub-2117,ses-wave2,1.2562127819085211,1.2550860343787447,1.4613558097732597,1.338934493891216,9.51418179570957
sub-2117,ses-wave3,1.1150187572440158,1.1341774846412425,1.2462067623087878,1.1860756712297473,16.229041405664276
sub-2126,ses-wave1,1.1971457704546875,1.2863574880985351,1.4132799500510638,1.3593629671690355,13.687281859692376
sub-2127,ses-wave1,1.5031262733057198,1.6504873396857813,1.691567209973882,1.5254516333087251,10.065195905740339
sub-2127,ses-wave2,1.2550426672440593,1.296680002113305,1.3303662445248388,1.2569147526192577,5.645594270230599
sub-213,ses-wave1,1.4366519319956383,1.5827127761461441,1.5257626778078963,1.4026920463397166,17.489581755327368
sub-213,ses-wave2,1.3829875054745724,1.4094369153792665,1.3306889461630058,1.2787885207495426,11.141344287556494
sub-213,ses-wave3,1.3039218077454735,1.4417369067247248,1.4792076935658185,1.3674606320897924,17.91650009020562
sub-215,ses-wave1,1.368762480323783,1.4081522035408969,1.510023717392727,1.497539608048927,11.022571088985712
sub-215,ses-wave3,1.4267245227174086,1.4343901454140022,1.4989837754897466,1.5256889753164105,8.805599485743118
sub-2172,ses-wave2,0.44093108870577613,0.4315024687836211,0.4560043970063851,0.43775249227647106,6.5294903926119945
sub-2172,ses-wave3,1.5002970557077369,1.519232375564867,1.6123944811470015,1.5461799218383385,13.19858080570853
sub-21,ses-wave1,1.383178377732817,1.4640678814791148,1.3939692712879133,1.35667969443683,10.549140954921722
sub-2206,ses-wave3,1.5530445363547702,1.6580160262619867,1.7260910702859062,1.6636338816172582,12.553302878590722
sub-220,ses-wave1,1.2964903821052252,1.4598904702975228,1.4506025493863133,1.4357989550991883,15.780529199814044
sub-220,ses-wave2,1.128951516567097,1.282531872707935,1.3480818069939997,1.3449551906583967,17.612101630803192
sub-221,ses-wave1,1.0838739383892748,1.1125569507281532,1.1680602017685369,1.1187037940430198,7.858661591135246
sub-2248,ses-wave2,1.415954232297613,1.467613200392358,1.447548591059103,1.3531708234565605,9.347573513809492
sub-2248,ses-wave3,1.4664972241750165,1.5262588699586699,1.4597991389841978,1.458590095272248,8.457383412117078
sub-224,ses-wave1,1.1046105498900642,1.175019646074721,1.2072094543913976,1.162638943747697,13.594239933515905
sub-236,ses-wave1,1.3036377289583478,1.3552887978370038,1.5270913981377616,1.4898122528363442,11.65001927034663
sub-236,ses-wave2,1.1864785171893173,1.2086689132452535,1.381638370611784,1.3176371635950515,7.852375490290645
sub-236,ses-wave3,1.209387637922732,1.2617814316042237,1.3986630121107555,1.2802328045136353,12.10865020979593
sub-245,ses-wave1,1.4734741028274807,1.472302404520561,1.5118775510828146,1.4916674993814585,1.0048766546274623
sub-245,ses-wave2,1.2505939627998752,1.3246815952356628,1.3939167561505084,1.3567886126996513,10.431046946543605
sub-245,ses-wave3,1.2613857150093486,1.3106832445569454,1.3396021748678661,1.2473750983862946,7.626253109997618
sub-252,ses-wave1,1.1376942053360168,1.2109880895047498,1.2254887122310087,1.1789248560893335,10.976570839135782
sub-274,ses-wave1,1.3037218710153424,1.3830923943544868,1.4211092384643944,1.3647865101909873,7.105707868764138
sub-274,ses-wave2,1.0470243266232409,1.162561025768003,1.266432661939402,1.2129973904954325,10.609474982484983
sub-2813,ses-wave1,1.3635014593619141,1.4473103735212125,1.5125717801026397,1.406929341192698,12.734883264559723
sub-2813,ses-wave2,1.1438928821624177,1.2619457757063046,1.2915500749976423,1.2141904647670443,16.74017646168842
sub-2852,ses-wave1,1.4091272831013641,1.4709849091552711,1.4482273744776357,1.4194013945063655,14.302612000581355
sub-2885,ses-wave1,1.222127717330248,1.2812290716362358,1.318979461854709,1.3161088158586245,11.343336414456944
sub-2885,ses-wave2,1.2570528574864812,1.2972488761643355,1.3260643783584558,1.311083429767969,9.386300526961403
sub-2885,ses-wave3,1.3458249216452427,1.3690986805665228,1.4222628954999212,1.4339577321287047,8.744564579222489
sub-2940,ses-wave1,1.3520647398827341,1.5401549087173496,1.6214245375494367,1.5427560688196977,14.692088848975398
sub-2940,ses-wave2,1.2822766869775848,1.4702468511952522,1.6316877780247094,1.5633171639719166,16.717630679890288
sub-2940,ses-wave3,1.4201074788100092,1.500794690051864,1.5483524561283015,1.463533923820739,9.465622746003577
sub-2974,ses-wave1,1.4386374724092996,1.4787659422382893,1.579658273486483,1.5032599323412439,4.320203272859939
sub-2976,ses-wave1,1.5030777532658972,1.5794732675873941,1.486083148282297,1.4905071750540384,9.563110355117963
sub-2976,ses-wave2,1.4365509533316279,1.5824230847545553,1.6768162319621316,1.5709737318450396,14.181296964789162
sub-2976,ses-wave3,1.682175091923064,1.6950463671102538,1.5572201291859706,1.5127031377808229,2.8935094957058483
sub-299,ses-wave1,1.092548933325622,1.100125120268362,1.2016985287888509,1.1717382388044433,11.39069293450526
sub-3003,ses-wave1,1.2902037182497947,1.379224544192775,1.4502863776109185,1.40125588612787,10.033984896049272
sub-3005,ses-wave1,1.7374548173220241,1.7735279912734927,1.808526117656141,1.7771904610696412,4.708631223257157
sub-3005,ses-wave2,1.4492871983967475,1.4813324741324105,1.5047238239896146,1.4239961095537796,4.616193761718013
sub-3010,ses-wave1,1.3348445851205089,1.425816404210516,1.5040468815340957,1.4357705801199812,11.852406870652583
sub-3053,ses-wave1,1.4216018790765632,1.427528908202913,1.4523894032911882,1.4882413096400025,8.667897410872852
sub-3053,ses-wave2,1.370463064677784,1.449436785214493,1.5570301659208643,1.5552577289431349,16.69244806928412
sub-3066,ses-wave3,1.3892023041855608,1.3950198109523355,1.377927614680296,1.382941496579283,6.7369402528784335
sub-3086,ses-wave1,1.3696008688885954,1.4620653234936163,1.4762010146606337,1.4417853812562345,11.027570808552184
sub-311,ses-wave1,1.184442989423693,1.3455189373597314,1.3716311780271124,1.3072023264381012,19.203069417366347
sub-311,ses-wave2,1.2472538175477443,1.3517613553609333,1.3774176727340173,1.3110599843013588,14.795522008487426
sub-3126,ses-wave1,1.4625847608688458,1.6699928216155004,1.5328445843427414,1.5289684015913774,13.318646469657839
sub-3126,ses-wave2,1.2314337609546642,1.469591794411071,1.381977969237227,1.359965268713831,18.382741771706606
sub-3126,ses-wave3,1.644496370716403,1.6872649302097629,1.5813131853104652,1.5334103811212967,5.794921225684543
sub-3131,ses-wave1,1.3884623881469684,1.3864802267163037,1.5673503707709013,1.4361535339235911,4.563336886795154
sub-3131,ses-wave2,1.1341255732220834,1.1381396083415563,1.3229227883475048,1.1848107331331983,6.046063036681151
sub-3131,ses-wave3,1.3444015801671685,1.3478754701970006,1.3923175083913284,1.3424451878115673,5.546389599376592
sub-3146,ses-wave1,1.226797148789564,1.3695317232771345,1.392067799998166,1.4056420363615572,16.83484522341857
sub-3146,ses-wave3,0.9857497939679152,1.0480569804898465,1.0907454655606919,1.07455412536355,15.231441437039727
sub-3163,ses-wave1,1.418051274249559,1.5658081724235395,1.5548708245293317,1.5181845089347628,14.776126215293521
sub-3163,ses-wave2,1.2314861266558748,1.3769404627521467,1.3507690128231666,1.3268083475709367,16.958761948202103
sub-3182,ses-wave1,1.4287593796431959,1.459218379215966,1.5137556616195567,1.4431829311737687,8.741958934667588
sub-3182,ses-wave2,1.2675279592475914,1.3284677851589377,1.3825285646839482,1.3273114112768076,15.313174896434093
sub-318,ses-wave1,1.046934892533877,1.1297957718642784,1.1692591321151178,1.1519771689498284,13.014523551097605
sub-3212,ses-wave1,1.1581641158223952,1.3987677603739723,1.4964625450320201,1.3681171660447686,16.692101075190553
sub-326,ses-wave1,1.4337294730557637,1.5639344757498508,1.4960351824534457,1.4863538339820663,10.879485393649135
sub-326,ses-wave2,1.568177693713158,1.703417927066548,1.6065107726917067,1.5364127688984837,12.263504867360698
sub-326,ses-wave3,1.3193907863083898,1.3969351742777314,1.379880484177388,1.3206693535763196,11.1918573821754
sub-327,ses-wave1,1.5903254115728627,1.589138775775067,1.5835236743880385,1.5308327600420109,1.993249744565709
sub-327,ses-wave2,1.519551519990019,1.5591669625039049,1.614374884319062,1.545607898644672,7.241922308351048
sub-3319,ses-wave1,1.2799031749261012,1.3346124754638262,1.3309009571947592,1.27009696000853,19.407486326966392
sub-3328,ses-wave1,1.200169573001205,1.2827742545346443,1.3181384782481542,1.265338839112339,12.229851508245448
sub-3328,ses-wave2,1.1254149863636047,1.2635062598248163,1.323022041577132,1.2522921645455256,18.03611105151026
sub-3328,ses-wave3,1.1405360486630003,1.184222484267862,1.163283428152469,1.1035734491545168,11.910205912900487
sub-3334,ses-wave2,1.2162440915366977,1.2656021514720686,1.2830551092165874,1.264412496527353,14.463127713014533
sub-3350,ses-wave1,1.3272964471851703,1.4771227638861588,1.5086512047035203,1.4614257722159423,12.113494973503458
sub-335,ses-wave1,1.3577460862203043,1.3991757268211282,1.4300611248181305,1.3268681657915145,11.012218170702361
sub-335,ses-wave2,1.2791740554268018,1.2986256092234565,1.3787084370680804,1.353557134889705,10.88794623584415
sub-3377,ses-wave1,1.4595733250034386,1.4887500120532144,1.574653721703596,1.4932396218969242,11.418132333390723
sub-3392,ses-wave1,1.2066466637745994,1.3637111065187029,1.4855098579012456,1.375474424522101,16.70418304675326
sub-3457,ses-wave3,1.6500564375398148,1.6272107626014267,1.5398556980324853,1.4940273154186028,3.7732539614078413
sub-3531,ses-wave1,1.51525586354924,1.5459908846273038,1.6095555072475909,1.6060063923997445,7.367844154887512
sub-3531,ses-wave2,1.4633813199742245,1.4765031421887702,1.4998615406118843,1.4522668339343268,6.226888173367018
sub-3531,ses-wave3,1.4401043071384374,1.445838937513291,1.4834776750258674,1.5170844958779228,5.135187002063633
sub-3571,ses-wave1,1.4722151849284693,1.569429864333338,1.5163911073679106,1.532160296933504,10.020302463813568
sub-3608,ses-wave1,0.9965374174548033,1.1365957561194757,1.2274023018961273,1.1369222987222694,17.170023060470488
sub-3608,ses-wave2,0.9253429210017738,1.0532086528347102,1.139900254633591,1.094595638242128,20.882482047172573
sub-3608,ses-wave3,1.148830422850085,1.1965710278955266,1.2757729018650386,1.2062192917142776,10.697694753784033
sub-360,ses-wave1,1.7196492451670584,1.7653854043174286,1.443465771874744,1.3363109315474238,10.418899703044232
sub-360,ses-wave2,1.6101172970498712,1.66894218103532,1.5574363638396214,1.4814891662749836,10.047606097689254
sub-360,ses-wave3,1.4904515791787003,1.5522005197571822,1.5157223535738098,1.4497461665221256,14.122817289370019
sub-361,ses-wave1,1.3104899805048755,1.3627454282980964,1.4972400934972139,1.5048250041935836,13.447268381291286
sub-361,ses-wave3,1.1625623316188733,1.1784098419947573,1.2537175296789744,1.2228439069081238,10.666909346792874
sub-3639,ses-wave2,1.3471269492099278,1.4978107191690824,1.4168999108176923,1.3393521321180133,14.814766863365115
sub-3653,ses-wave1,1.7259881568956854,1.7634268458327131,1.8026228656781313,1.7991089199472676,8.687103878605337
sub-3653,ses-wave2,1.351292536274523,1.3480681372664485,1.3830150954087785,1.3506322131793604,7.547697481848274
sub-3653,ses-wave3,1.4755381109821233,1.4877561480362478,1.470143111613094,1.42140890626853,6.765615345229498
sub-3658,ses-wave2,1.2962553910258365,1.5054188974603209,1.460501434573333,1.3945016311149145,20.720565533778124
sub-3658,ses-wave3,1.519524902681621,1.5335185378857847,1.4977558451577142,1.5117101407490665,7.060865093463502
sub-3660,ses-wave1,1.301603035087982,1.5972277785251765,1.5127348892187837,1.4840144403620652,19.01433922130788
sub-3660,ses-wave2,1.1435310232795861,1.4336309329368038,1.4057284120033737,1.3767734289698295,20.90906913453749
sub-3660,ses-wave3,1.3343062478400742,1.4515571114892905,1.348313033349538,1.2912009957489472,13.577779465333235
sub-3693,ses-wave2,1.1814198014653252,1.1762302870825811,1.3532790158158265,1.3693439786493702,9.528440791400943
sub-3727,ses-wave2,1.1713454868161943,1.3252935465636082,1.4776131252545928,1.4128728795577548,12.055753522395403
sub-3744,ses-wave2,1.2026956225379717,1.344660302935559,1.3738229313892947,1.3591468059214855,18.86505635313926
sub-3744,ses-wave3,1.3279232041753526,1.3451609342856388,1.3119358828428775,1.2406365441934206,9.945972218058726
sub-381,ses-wave1,1.2667125979658063,1.4134332437520118,1.4849399864654294,1.5050264366541823,13.068737421063819
sub-3841,ses-wave1,1.5697709112661018,1.5783935387913741,1.4574859656218928,1.4127356932112614,2.689851824259643
sub-3846,ses-wave1,1.2701992623201297,1.396434480595293,1.5050895912023048,1.5024823752006293,15.931585261644683
sub-3846,ses-wave2,1.283145711938054,1.4883539800970782,1.6473454744191387,1.5445331910019489,20.50908879738878
sub-3863,ses-wave2,1.0476517755129735,1.1773634299113578,1.265174456411345,1.2606426175853844,14.461854726482944
sub-3863,ses-wave3,1.2321551337816996,1.266763932598186,1.3367106907707393,1.3007185500241873,6.010155386360735
sub-3898,ses-wave1,1.5009802811696484,1.5367593246135591,1.607642064563941,1.5778567071263234,7.0741284043134325
sub-3898,ses-wave2,1.0378746836795587,1.330506786629972,1.3894727676474767,1.3764152720399698,23.380885299709586
sub-3911,ses-wave1,1.4422116431743108,1.4964136770863483,1.6303823118269243,1.6651779567142198,9.236023754391617
sub-3911,ses-wave2,1.2142036789325452,1.2982763614170973,1.3667990808797197,1.372861366484904,13.602885339968847
sub-3911,ses-wave3,1.3514355783620402,1.4338987242788837,1.6196484688033679,1.6374254844640546,13.210915751130837
sub-3946,ses-wave1,1.291530406417527,1.3124370448348306,1.404329731876825,1.3006378346749643,9.263751522709574
sub-3946,ses-wave3,1.1837653524217706,1.1988900283799322,1.3418775635696307,1.2215889461229361,10.214008731752246
sub-3983,ses-wave1,1.538906658474635,1.6124230672371724,1.614202294055721,1.6056758014600003,10.928923980915739
sub-4104,ses-wave1,1.5273659668884263,1.5525862774683459,1.5028157520610526,1.4686048893442138,4.418021789503956
sub-4104,ses-wave2,1.3374837847942451,1.543982447454813,1.5296658316633156,1.4757866364236065,16.49090146969521
sub-4169,ses-wave1,1.3732655438440173,1.514954730374924,1.600561052106643,1.5760961245112857,11.778277933309111
sub-4169,ses-wave2,1.2828904364301539,1.632548033633137,1.7325670749857323,1.627477955368816,22.149262195502093
sub-4172,ses-wave2,1.4912092665596826,1.514165170166672,1.6254439528871525,1.4227850013443128,2.897100019772011
sub-4196,ses-wave2,1.2561205798475195,1.4469256086140858,1.5492697458300544,1.52502269678074,18.165233049438285
sub-4196,ses-wave3,1.355569740103769,1.4109953113235778,1.530192819814372,1.5188043457280334,9.356559306440698
sub-4240,ses-wave2,1.1403311951273132,1.3190744365191613,1.4275040876974505,1.3443524434513474,23.20908175939075
sub-4301,ses-wave2,1.3129767007956492,1.5348132327553505,1.749209573881119,1.5851485428170453,18.719489425060214
sub-4315,ses-wave2,1.04576378086008,1.2222934943600692,1.323768781222883,1.3048217751150584,16.038467855347424
sub-4315,ses-wave3,0.9439352380794712,1.003514955615347,1.0228127063439367,1.0148700291279207,11.014183730220159
sub-4394,ses-wave2,1.1763505785850288,1.2449394213758382,1.3159457829469745,1.2528919252420136,16.33708722794435
sub-4394,ses-wave3,1.1767434230628786,1.172169993803096,1.1823444325837948,1.143665889463698,8.014554993890147
sub-4398,ses-wave1,1.1041182879721223,1.2210202574660372,1.407347335304145,1.238620730889593,12.255456206384379
sub-4507,ses-wave1,1.7623827941680559,1.8154515414485228,1.8421801658826626,1.750292594560202,7.31766574658459
sub-4565,ses-wave1,1.2522715125149761,1.3164976786196063,1.3517493236389044,1.2818370008906688,12.791691134954831
sub-4581,ses-wave1,1.3510768414370238,1.3360131916268845,1.4555318809218238,1.3474630556945355,6.307176387008132
sub-4586,ses-wave1,0.9307814989892513,1.100907706861453,1.1761692132723867,1.0761021406222775,22.57502501234538
sub-458,ses-wave1,1.413291572529318,1.4176339165010199,1.5460299429310203,1.472804593393402,1.6688759335971748
sub-4613,ses-wave1,1.093280011252996,1.1629367767916614,1.3095677243504804,1.2266905202844836,10.785418655736153
sub-4613,ses-wave2,1.1121930930744899,1.1775868417084534,1.3154360172432664,1.259390042712608,10.555969405399559
sub-4615,ses-wave1,1.034108666475783,1.3196406449658844,1.3945950026549974,1.4082912574364541,23.527829255701874
sub-4615,ses-wave2,1.0295889812542767,1.317448169321881,1.4018739521145624,1.404586439888672,23.811488450020313
sub-4641,ses-wave1,1.3987982169176445,1.437709706358092,1.4278544997179874,1.3001872216125605,9.150698342946525
sub-4641,ses-wave3,1.262845958535678,1.315699360990191,1.4260969236930228,1.3323385768407616,10.677222467662702
sub-4658,ses-wave2,1.0406597685672705,1.2191309668240253,1.1660226429155354,1.1137543944918817,17.627619995622734
sub-4659,ses-wave1,1.4756579034700246,1.5519711436866341,1.5772068405273376,1.4775713609070997,10.425453428141555
sub-4660,ses-wave1,1.3717877013011015,1.4119846841759571,1.5318918511454922,1.3762413867908752,13.401036901907576
sub-466,ses-wave1,1.8095972592044278,1.8482556836463586,1.5390091901314016,1.528665373705173,7.789180753697365
sub-466,ses-wave2,1.572720507662561,1.6191238156034946,1.5102595292076066,1.5146362939307814,12.308835351360313
sub-466,ses-wave3,1.623440093708039,1.6316483771550554,1.4937479452134932,1.5950514320280038,7.47835673933088
sub-4679,ses-wave1,1.2267386397477424,1.3365627445223547,1.2651085163833402,1.3113838447862964,14.28191349905528
sub-4679,ses-wave2,1.196413207000476,1.2656872722191541,1.3232855564417814,1.3580339957527938,10.80155223778258
sub-4679,ses-wave3,1.4475891509690424,1.5650954396630379,1.5687691427427874,1.5455959049414725,11.064593040389815
sub-470,ses-wave1,1.616417417563527,1.6473835247168827,1.6601845761600567,1.5754618099306306,4.868510341469475
sub-470,ses-wave3,1.4488479468376974,1.5429242537964942,1.6770363779696347,1.7175441270396532,11.704371842802141
sub-4737,ses-wave2,1.2294226367246817,1.4200061899629937,1.370740074305933,1.2882027166250507,17.678389440868283
sub-4749,ses-wave1,1.2928223610322993,1.4573254140232241,1.4965167104088803,1.464892743718586,14.767724508836103
sub-4749,ses-wave2,1.3372158824111557,1.3774460892970692,1.3687127984097454,1.3232523922278694,10.218636387448395
sub-474,ses-wave1,1.8327095846232102,1.8387189250790863,1.5243053060427818,1.451606037936715,1.0406788426813511
sub-4769,ses-wave1,1.4147824837600804,1.6977000811643512,1.7223666510386684,1.7049136277259067,14.454374312329579
sub-4769,ses-wave2,1.3640682384154545,1.7104608835816169,1.6934537994382777,1.6979680818451839,18.423094695399694
sub-4769,ses-wave3,1.2932337691146616,1.6337539142212802,1.5814969797657485,1.5991916429218458,17.39781033947151
sub-476,ses-wave1,1.2369530221818654,1.3896265695430086,1.4108162796812391,1.3174724756871938,16.622628276623875
sub-4791,ses-wave1,1.2098812115617452,1.2999415046461307,1.2930309366550328,1.3298276546865573,9.80778212105988
sub-4794,ses-wave1,0.9464228794903311,0.9335993631744817,1.0366289059354188,1.024010999090581,60.94372829627112
sub-4795,ses-wave1,1.4632350842567967,1.5927349622634974,1.602965694714152,1.5457703193102725,8.27795537789548
sub-4795,ses-wave2,1.4805656426910128,1.6360833809497206,1.6668244847967237,1.5727663889064665,12.17182317800403
sub-4795,ses-wave3,1.2457864206836726,1.4369156909003866,1.4293395704131902,1.4066913136041643,14.902502922324567
sub-4799,ses-wave1,1.6328084632152684,1.6367990915742334,1.670019591737193,1.5571866619690793,7.344913654824258
sub-4805,ses-wave1,1.4111787906498061,1.542576348549637,1.4893425363880848,1.4419593239882533,11.540479649871346
sub-483,ses-wave1,1.1507189547366674,1.3938732110695322,1.4554536840464687,1.329389562351325,18.491266523902667
sub-483,ses-wave2,1.06169919636908,1.242359107471761,1.1955757967587939,1.1308286867160584,19.135582888372102
sub-4841,ses-wave2,1.3340799244732264,1.326480345180352,1.4548271886416506,1.4437781526839784,4.766938776706194
sub-4847,ses-wave3,1.314686252622481,1.3480959151508887,1.3251537524156523,1.288318337866954,9.820956499729002
sub-4868,ses-wave2,1.0487649196271303,1.207001812862711,1.3719729416630548,1.3102436018805865,24.224845248153397
sub-4868,ses-wave3,1.1851358982339186,1.2062924332620717,1.3119925357683133,1.2754098152100553,10.420867482099364
sub-4869,ses-wave2,1.0210457069977155,1.104389842587975,1.1901064909672403,1.1489861206434013,13.135839545448288
sub-4876,ses-wave2,1.4542547897048992,1.5949923554592842,1.5749770488766208,1.4953816740782964,14.419678929427223
sub-4876,ses-wave3,1.5458211945837996,1.5809129053916657,1.512744317160113,1.475199117932883,5.38009655849454
sub-492,ses-wave1,1.3991421440005676,1.450259838310866,1.453022617342005,1.3912200884806758,10.67969324445543
sub-495,ses-wave1,1.349750842829832,1.3788553172717346,1.3845194181321419,1.3599664045740039,12.546346575465554
sub-49,ses-wave1,1.6289396435675882,1.6207621504202026,1.6204551691461255,1.582108726756669,4.71309758095898
sub-49,ses-wave2,1.449435437963527,1.4476093540330761,1.4639547441160274,1.386499996725827,5.9843671414762705
sub-509,ses-wave1,1.7067128477161768,1.6999028013624824,1.688251007562057,1.6063802906315663,1.4409488793378231
sub-509,ses-wave2,1.6139569636807918,1.615823395333749,1.6297429040888458,1.5823271945116575,2.740455662730728
sub-532,ses-wave1,1.1568072173997535,1.2998456742003754,1.2909619555878258,1.270777462132568,13.440389971013728
sub-532,ses-wave2,1.1907573996404377,1.326412437309111,1.2811229808327647,1.2535034785080301,13.54837715780704
sub-557,ses-wave1,1.4926195079259752,1.5080728760215876,1.6198130877338424,1.5971138866062424,9.824619390168051
sub-557,ses-wave2,1.3876100697189697,1.4028575747995384,1.5242354836080607,1.4972407476057856,9.323948471100241
sub-562,ses-wave1,1.2253788551877465,1.225114487436246,1.2961903487253315,1.1994404667522398,5.005872150506065
sub-562,ses-wave2,1.108116330850507,1.1593064429582625,1.2360119363707163,1.2134735553763814,13.150395333528706
sub-562,ses-wave3,1.1307394957518233,1.163950698270705,1.2101506539515419,1.1743445320751382,10.472210350663651
sub-567,ses-wave1,1.623510277048708,1.638077622776739,1.6078777409913094,1.578689701249882,6.342264228096904
sub-567,ses-wave2,1.712587312360069,1.7418254162389393,1.5609340720102378,1.4797614858853545,8.476060247898722
sub-584,ses-wave1,1.3850143330666917,1.394968026968302,1.4281148438260747,1.3842032299045886,8.115747833503114
sub-591,ses-wave1,2.1090687880510046,2.1250091106408915,1.9503980534750012,1.8358541538579107,2.713004199947428
sub-591,ses-wave3,1.5084368940722437,1.5285027832884528,1.6017052157930125,1.5749103538514242,5.618997166686714
sub-595,ses-wave1,1.4653816298828686,1.4667369876611727,1.4688917846171807,1.4423243635204517,2.8586818163306433
sub-595,ses-wave2,1.363375422128433,1.445292623834297,1.516448534307997,1.4286439931831523,12.026508869471382
sub-595,ses-wave3,1.362262395783274,1.433980115483701,1.5273177771902247,1.505667651101642,12.425868626888503
sub-599,ses-wave1,1.1041253267505495,1.1286593798870577,1.2268144661475828,1.161172346484463,11.628140410559054
sub-606,ses-wave1,0.7314422938626454,0.769549800130148,0.8609711391379788,0.8744705487014989,11.253874238414811
sub-606,ses-wave2,0.9754885832536145,1.1293726235103034,1.2786802252644365,1.2399705520597533,16.614421532325355
sub-609,ses-wave1,1.4495383165095133,1.582517530834174,1.6314553188885557,1.6213837797735056,9.80746466777905
sub-611,ses-wave1,1.383417037162087,1.3679946289449818,1.480725093496313,1.4964776628091583,3.0564234343491425
sub-611,ses-wave2,1.293088533883692,1.2706399193464935,1.3700352146202377,1.3108272991568533,5.861363518314618
sub-611,ses-wave3,1.220473284419791,1.209422574618178,1.337008614769731,1.3645437120919994,5.118524748675156
sub-612,ses-wave1,1.6509589372120366,1.6652359133695953,1.5457547180944555,1.5251910657074577,10.266416806258796
sub-612,ses-wave2,1.6544818579343121,1.6392881004825388,1.6676358633330923,1.6565201252063793,4.001660793824909
sub-615,ses-wave1,1.437620356241089,1.5774005193588518,1.5969317724013727,1.588570649305695,13.034845216923705
sub-616,ses-wave1,1.622711193703995,1.6158714496810171,1.7427867306222353,1.6181122805272237,7.366404376614111
sub-639,ses-wave1,1.7452056869586223,1.8194150619028497,1.8453558680395548,1.7472294726093853,10.315655158015845
sub-639,ses-wave2,1.6585776130174659,1.6787405769287265,1.6996468611718925,1.6428819885984232,8.291426436039627
sub-665,ses-wave1,1.5217195206008178,1.5821067700940796,1.738137640704373,1.6333529524766672,7.3397864162517
sub-671,ses-wave1,1.444635796331561,1.5364706665818764,1.439681394097268,1.4327038227430986,7.948733442437385
sub-674,ses-wave2,1.0857801196965813,1.1602514348109665,1.1798712912119116,1.244654577396585,14.505120485302282
sub-674,ses-wave3,1.2061784324831017,1.2750534494957741,1.2674710228988688,1.2468837744734311,12.811859132400269
sub-676,ses-wave1,1.191495866464248,1.3595347832206999,1.427997760601835,1.3612788417208177,16.287896172395943
sub-680,ses-wave3,1.4527253918111365,1.5294718228136106,1.5217200616925997,1.5202709764928324,8.969085278521927
sub-684,ses-wave1,0.9103215172454948,1.0393970095228395,1.0487981879479884,0.9605803974781446,18.559151373499166
sub-688,ses-wave1,1.1900564535112925,1.254913755784385,1.3133486655464344,1.2431489007818726,11.893677499144644
sub-688,ses-wave3,1.2570692320383055,1.3218716187700155,1.3309651590531144,1.2631506347279298,11.718728118806482
sub-719,ses-wave1,1.444788559549521,1.6158720933212187,1.5441385003348973,1.5330729535189014,14.049474928423857
sub-754,ses-wave2,1.2311277441246393,1.404865985015317,1.4467010241840488,1.3766025751164712,19.732068808551233
sub-760,ses-wave1,1.089015478700925,1.0853581906515826,1.059733650988767,0.9872743161025839,2.147385151220985
sub-772,ses-wave1,1.7586857507376452,1.8073727866040428,1.757717731421573,1.6520235174256759,11.799274969097427
sub-772,ses-wave2,1.4301549046864581,1.5365088707742593,1.567299321271162,1.5054764657800543,15.771542071330394
sub-801,ses-wave1,1.8528386990537897,1.8813327938968598,1.8277166342792934,1.7346960540151533,7.070298313984668
sub-801,ses-wave3,1.869763932396211,1.8821084062298383,1.9691891454570571,1.8550318725169204,6.627087849663225
sub-80,ses-wave1,1.315119618926711,1.317811885101876,1.2755518842383937,1.2696383489540306,6.352862408906505
sub-80,ses-wave2,1.635368170242372,1.640476055901043,1.4315423645320728,1.4156011728866522,5.271752288647619
sub-812,ses-wave1,1.0845410295183675,1.0762843500193289,1.2097734153505124,1.1192192048917793,12.39373608512564
sub-812,ses-wave2,1.2292545135922701,1.248668078563794,1.3502270689676108,1.2847056198134408,10.68292569175776
sub-812,ses-wave3,1.189060673241182,1.1938019297083042,1.275960263732594,1.1990013807272157,10.135054162484979
sub-815,ses-wave1,1.4297963565937541,1.491477294876883,1.424614064319955,1.4359725617724262,10.052107135711355
sub-815,ses-wave2,1.2939100076368324,1.363731176006354,1.3785742816655187,1.372122447727194,12.04938318581336
sub-815,ses-wave3,1.5280106078345113,1.57427711401056,1.6368984149359,1.5946493834894908,10.714241894631765
sub-817,ses-wave1,1.3161597022039935,1.4097852460606097,1.6078292796934108,1.622085945274821,10.957032037030814
sub-817,ses-wave2,1.367381837397812,1.4868151066117108,1.6579449457306255,1.5884453657761595,11.17144105007046
sub-817,ses-wave3,1.2010406802779952,1.4000777683217325,1.5281160922107637,1.5419725163325841,17.33614621345904
sub-818,ses-wave1,1.6118530950363343,1.6113903160081415,1.711077859887268,1.6682676590858159,1.9567478373570713
sub-819,ses-wave1,1.1772530940648416,1.2491185920483496,1.304107160294019,1.2473854845709553,11.100735255264441
sub-81,ses-wave2,1.4536766760844686,1.4820876648763424,1.5427747182682847,1.605990306719555,8.802411188690426
sub-823,ses-wave1,1.3750928570463192,1.3688358936978984,1.4109692009051666,1.4174024698944432,10.234109643219686
sub-823,ses-wave3,1.2548145259700965,1.224871166441341,1.2734930237331206,1.2488142098529198,11.601825499650992
sub-829,ses-wave2,1.4665018763604474,1.5418102842488004,1.6009006093841003,1.5700637065180136,10.932283873207497
sub-829,ses-wave3,1.1921787538241162,1.3554761372366997,1.4005878917409984,1.3292763922882815,18.183544480346445
sub-831,ses-wave1,1.518934646017829,1.5861187842746614,1.479476092837615,1.5090499160000412,7.4846827603626105
sub-831,ses-wave2,1.6197379244664218,1.6249034452340614,1.5538982908445478,1.521578896330228,1.484174789397406
sub-831,ses-wave3,1.5211971104210982,1.6270793907043146,1.59220015426351,1.5343632806254492,10.29853051030173
sub-836,ses-wave1,1.4679591805887442,1.4407575058345785,1.5908554059095876,1.5605627671861897,3.1585197785373436
sub-841,ses-wave1,1.486992380100888,1.5886891247607775,1.6597629370682174,1.621005306512539,13.304193916127652
sub-841,ses-wave2,1.4423220077712484,1.47229437987009,1.5599126441163276,1.4950392071797114,11.412183278905331
sub-841,ses-wave3,1.502896862867896,1.5248007694973431,1.6140443390480845,1.5679798389124278,10.362608242963145
sub-843,ses-wave1,0.849804459959664,0.934084397896767,0.9399973927329731,0.924014294151301,12.542763955044851
sub-849,ses-wave1,1.3393823435203558,1.3683459989189917,1.4499805806240538,1.4413119057766528,7.959900502621751
sub-849,ses-wave3,1.436107003156415,1.4414930955628291,1.480379904179555,1.4345909380829784,4.719489236970861
sub-872,ses-wave1,1.443838556839347,1.4778177173382117,1.554797781365659,1.5305257536958181,7.191244364124554
sub-872,ses-wave2,1.2892097698475657,1.4315991720485557,1.4816004284330417,1.477430308858314,13.954707652306055
sub-872,ses-wave3,1.3948390184089412,1.4202177741041124,1.4823373610961297,1.4518576673152221,7.809140618972255
sub-881,ses-wave1,1.5471024899748245,1.5225021461806478,1.5742551038646273,1.5327061270732822,4.077297579370238
sub-883,ses-wave1,1.6168225397476592,1.613377300453414,1.6756032909723348,1.670790616899167,2.8679223833412038
sub-883,ses-wave2,1.4932454553381602,1.519991512004479,1.6344210069893035,1.581555713835598,7.075437100153339
sub-884,ses-wave1,1.7046967728875366,1.7306997545922602,1.7606690868981016,1.7111230628605283,4.146175226210055
sub-884,ses-wave2,1.505027677652954,1.5591142266199736,1.5025462784215522,1.436385359581111,6.0695849186466795
sub-884,ses-wave3,1.5531982056113849,1.6581994517112888,1.6799863659201764,1.6135192128663538,10.297998861837094
sub-886,ses-wave1,1.455741138029622,1.56187128922471,1.667399644020541,1.593443994026338,12.4587916602491
sub-889,ses-wave1,1.510515389844659,1.505621617840995,1.6371730710181311,1.560136505870934,2.3446371962527754
sub-890,ses-wave1,1.2629245528637216,1.2889545199919654,1.4024238451236464,1.3789042618638732,5.750978769667124
sub-890,ses-wave2,1.1930812285593544,1.2373914404632136,1.3339553782412281,1.282462084273769,8.418087425533892
sub-891,ses-wave1,1.566236915495953,1.6598179132012427,1.5948589575293057,1.5216613908898187,10.696513328714122
sub-891,ses-wave2,1.5240847442724745,1.6250249338768574,1.6936075640703134,1.6975064187844509,11.41705613068009
sub-891,ses-wave3,1.5562169932927357,1.6040328745764132,1.6763648836075515,1.6052216645438842,7.970218233645744
sub-898,ses-wave1,1.741363364919264,1.7611797442755872,1.5184819882448255,1.4698026464175846,4.471060576461996
sub-898,ses-wave2,1.6297484990376845,1.6508839994417916,1.39256112396281,1.3643692841512614,4.648587077912358
sub-898,ses-wave3,1.7461295995144053,1.7665941138292443,1.6199968767003057,1.5499504396994677,5.478321769255056
sub-927,ses-wave1,1.472310863120992,1.5591043039735417,1.4685068006075888,1.4379264781417507,8.884205743513716
sub-927,ses-wave2,1.451155745251642,1.5827864918949919,1.546359522060094,1.4934730221781298,11.179136571738844
sub-927,ses-wave3,1.38094690630228,1.515147793978573,1.4878510546349348,1.440035394750014,13.901331388154976
sub-929,ses-wave1,1.3270815621735306,1.5199359566022976,1.5734678833017224,1.5621775586712332,12.759098533195692
sub-929,ses-wave2,1.466917610273687,1.5700900973852154,1.6090579849802897,1.5455146505143416,9.256722428745757
sub-934,ses-wave1,1.5971313747846736,1.7312892570909533,1.4906638679180442,1.4484245091124475,13.467302760953535
sub-934,ses-wave2,1.5850466927025928,1.7285631910190458,1.4420727930962673,1.4531764461623715,14.972901479889853
sub-935,ses-wave1,1.0498688012735182,1.2007012000196156,1.2948405388498367,1.184805657397059,20.822640270787428
sub-943,ses-wave1,1.6112520760532085,1.6232931817933975,1.6433796361715878,1.660460624013975,10.436267517798415
sub-953,ses-wave2,1.287306288529624,1.4795962066460797,1.4837426279950923,1.4047516314583288,18.974546977231853
sub-961,ses-wave1,1.8344256897776638,2.058041253292301,2.0472800560951185,1.8830947337364612,12.269671825499833
sub-961,ses-wave2,1.3196968228152097,1.5492331465989155,1.54948159604016,1.531173564405575,14.385617287761724
sub-965,ses-wave1,1.7888401516770553,1.7747204983327531,1.7918583077673125,1.7643935415659073,9.411065210170754
sub-974,ses-wave1,1.0475630686344384,1.1162423204580298,1.1616187567714342,1.161066417922811,14.869108372726602
sub-974,ses-wave2,1.421857637303709,1.5233823337068773,1.54201359643476,1.50165269817829,11.863162984330845
sub-974,ses-wave3,1.399974223848076,1.4140523201899193,1.4232846989557468,1.4212169138505957,11.550987049843497
sub-975,ses-wave1,1.7240339157994957,1.731949935599554,1.6515574329571263,1.6312740656976927,9.979621816805162
sub-980,ses-wave1,1.1615979154137661,1.1590175667792164,1.1784096558754449,1.1110432218944435,7.413501315735349
sub-988,ses-wave1,1.805052822001644,1.8593650585773651,1.9123101334450037,1.8616821693499,8.381587282324247
sub-989,ses-wave1,1.1025659370325023,1.2295857006831588,1.2775909954829117,1.239487988512526,15.20485104065368
sub-989,ses-wave2,1.3750381988983609,1.413141294542673,1.503130376559807,1.4312039944441977,8.155384048532232
sub-989,ses-wave3,1.4843639920122516,1.5288782490987898,1.5795247951155815,1.4648424542864515,8.843255578606533
sub-998,ses-wave1,1.329347131150692,1.3388119675202605,1.4931230804344535,1.4447120293880875,7.750924258900106
sub-998,ses-wave2,1.3778285017017051,1.3970634661161982,1.4856962963634417,1.419705116604029,7.787840141728239
